product_id,sku,workbook_CODE,old_base_price,target_base_price,identity_mapping_type,timestamp
3723,1KGM1-8910,8910-1KGM1,,45000000,INSIZE_IDENTITY_ALIAS,2026-10-06T14:32:24.647815+00:00
4060,63B2Y10-5201,5201-63B2Y10,,2760000,INSIZE_IDENTITY_ALIAS,2026-10-06T14:32:24.647842+00:00
3810,A1-6294,6294-1A,,10470000,INSIZE_IDENTITY_ALIAS,2026-10-06T14:32:24.647853+00:00
3793,A20-4831,4831-20A,,26520000,INSIZE_IDENTITY_ALIAS,2026-10-06T14:32:24.647861+00:00
3918,A25-2164,2164-25A,,46500000,INSIZE_IDENTITY_ALIAS,2026-10-06T14:32:24.647869+00:00
3940,A25-3560,3560-25A,,45300000,INSIZE_IDENTITY_ALIAS,2026-10-06T14:32:24.647877+00:00
3893,A900-0215,0215-A900,,34500000,INSIZE_IDENTITY_ALIAS,2026-10-06T14:32:24.647884+00:00
3894,C520-0222,0222-C520,,6390000,INSIZE_IDENTITY_ALIAS,2026-10-06T14:32:24.647892+00:00
4129,F5-2311,2311-5F,,8820000,INSIZE_IDENTITY_ALIAS,2026-10-06T14:32:24.647899+00:00
3480,M26-1281,1281-M26A,,60000000,INSIZE_IDENTITY_ALIAS,2026-10-06T14:32:24.647906+00:00
3639,S3-2824,2824-S3,,53400000,INSIZE_IDENTITY_ALIAS,2026-10-06T14:32:24.647914+00:00
