product_id,expected_old_name,live_name,proposed_name,sku_ok,errors
1800,کولیس دیجیتال شیار اینسایز( Insize) 30 سانتی متر مدل 300-1122,کولیس دیجیتال شیار اینسایز( Insize) 30 سانتی متر مدل 300-1122,کولیس دیجیتال قلاب‌دار اینسایز کد 1122-300، 4–300 میلی‌متر,True,
1828,کولیس دیجیتال اینسایز (Insize) 15 سانتی متر فک باریک مدل 150-1169,کولیس دیجیتال اینسایز (Insize) 15 سانتی متر فک باریک مدل 150-1169,کولیس دیجیتال نوک‌تیز اینسایز کد 1169-150، 0–150 میلی‌متر,True,
1833,کولیس دیجیتال اینسایز (Insize) 30 سانتی متر داخل سنج مدل 300-1178,کولیس دیجیتال اینسایز (Insize) 30 سانتی متر داخل سنج مدل 300-1178,کولیس دیجیتال شیار داخلی اینسایز کد 1178-300، 25–300 میلی‌متر,True,
1878,عمق سنج سوزنی دیجیتال اینسایز (Insize) 0-10 میلیمتر مدل 101-2142,عمق سنج سوزنی دیجیتال اینسایز (Insize) 0-10 میلیمتر مدل 101-2142,عمق‌سنج دیجیتال اینسایز کد 2142-101، 0–12.7 میلی‌متر,True,
1879,عمق سنج دیجیتال سوزنی اینسایز( INSIZE) مدل 102-2142,عمق سنج دیجیتال سوزنی اینسایز( INSIZE) مدل 102-2142,عمق‌سنج دیجیتال اینسایز کد 2142-102، 0–12.7 میلی‌متر,True,
1880,زاویه سنج دیجیتال 25سانت اینسایز مدل 2171-250,زاویه سنج دیجیتال 25سانت اینسایز مدل 2171-250,زاویه‌سنج دیجیتال اینسایز کد 2171-250,True,
1883,زاویه سنج دیجیتال اینسایز (Insize) 46 سانت آب تراز دار مدل 225-2174,زاویه سنج دیجیتال اینسایز (Insize) 46 سانت آب تراز دار مدل 225-2174,زاویه‌سنج دیجیتال اینسایز کد 2174-225,True,
1892,زاویه سنج اینسایز (Insize) 20 سانت مدل 360-2281,زاویه سنج اینسایز (Insize) 20 سانت مدل 360-2281,گیج زاویه اینسایز کد 2281-360,True,
1901,زاویه سنج ذره بینی اینسایز مدل 2372-360,زاویه سنج ذره بینی اینسایز مدل 2372-360,زاویه‌سنج یونیورسال اینسایز کد 2372-360,True,
1902,زاویه سنج ساعتی اینسایز (Insize) مدل 360-2373,زاویه سنج ساعتی اینسایز (Insize) مدل 360-2373,زاویه‌سنج ساعتی اینسایز کد 2373-360,True,
1904,ساعت شیطانکی هزارم صفحه بزرگ اینسایز مدل 2381-021,ساعت شیطانکی هزارم صفحه بزرگ اینسایز مدل 2381-021,ساعت اهرمی اینسایز کد 2381-021، 0–0.2 میلی‌متر,True,
1905,پرگار دیجیتال داخل اینسایز (Insize) 12.7-165 میلی متر مدل 165-2711,پرگار دیجیتال داخل اینسایز (Insize) 12.7-165 میلی متر مدل 165-2711,پرگار دیجیتال داخل‌سنج اینسایز کد 2711-165، 12.7–165 میلی‌متر,True,
1906,پرگار دیجیتال اینسایز (Insize) مدل 216-2711,پرگار دیجیتال اینسایز (Insize) مدل 216-2711,پرگار دیجیتال داخل‌سنج اینسایز کد 2711-216، 12.7–216 میلی‌متر,True,
1907,زاویه‌ سنج دیجیتال 360 درجه اینسایز (Insize) مدل 360-2771,زاویه‌ سنج دیجیتال 360 درجه اینسایز (Insize) مدل 360-2771,زاویه‌سنج دیجیتال اینسایز کد 2771-360,True,
2028,زاویه سنج 50سانت اینسایز مدل 4799-1300,زاویه سنج 50سانت اینسایز مدل 4799-1300,زاویه‌سنج اینسایز کد 4799-1300,True,
2032,شابلون دنده 60 درجه اینسایز (Insize) مدل 230-4820,شابلون دنده 60 درجه اینسایز (Insize) مدل 230-4820,شابلون گام رزوه اینسایز کد 4820-230,True,
2034,شابلون رزوه اینچ و میلیمتر 60درجه از اینسایز مدل 4820-552,شابلون رزوه اینچ و میلیمتر 60درجه از اینسایز مدل 4820-552,شابلون گام رزوه اینسایز کد 4820-552,True,
2101,ترازو دیجیتال 0.2گرم تا 200گرم اینسایز مدل 8602-200,ترازو دیجیتال 0.2گرم تا 200گرم اینسایز مدل 8602-200,ترازوی جیبی دیجیتال اینسایز کد 8602-200,True,
2102,تاکومتر ( دور سنج ) اینسایز مدل 9225-405,تاکومتر ( دور سنج ) اینسایز مدل 9225-405,دورسنج تماسی و غیرتماسی اینسایز کد 9225-405,True,
3575,میکرومتر کنتور دار خارج سنج اینسایز مدل 3400-25,میکرومتر کنتور دار خارج سنج اینسایز مدل 3400-25,میکرومتر خارج‌سنج کنتوردار اینسایز کد 3400-25، 0–25 میلی‌متر,True,
3578,کولیس معمولی 15 سانتی متر عمق سنج استن استیل اینسایز مدل 1240-1501,کولیس معمولی 15 سانتی متر عمق سنج استن استیل اینسایز مدل 1240-1501,عمق‌سنج ورنیه اینسایز کد 1240-1501، 0–150 میلی‌متر,True,
3580,کولیس معمولی 20 سانتی متر عمق سنج استن استیل اینسایز مدل 1240-2001,کولیس معمولی 20 سانتی متر عمق سنج استن استیل اینسایز مدل 1240-2001,عمق‌سنج ورنیه اینسایز کد 1240-2001، 0–200 میلی‌متر,True,
3581,کولیس عمق سنج 30 سانتی متر اینسایز مدل 1240-3001,کولیس عمق سنج 30 سانتی متر اینسایز مدل 1240-3001,عمق‌سنج ورنیه اینسایز کد 1240-3001، 0–300 میلی‌متر,True,
3583,کولیس معمولی اینسایز (Insize) 50 سانتی متر عمق سنج استن استیل مدل 5001-1240,کولیس معمولی اینسایز (Insize) 50 سانتی متر عمق سنج استن استیل مدل 5001-1240,عمق‌سنج ورنیه اینسایز کد 1240-5001، 0–500 میلی‌متر,True,
3614,ساعت شیطانکی اینسایز مدل 2380-08,ساعت شیطانکی اینسایز مدل 2380-08,ساعت اهرمی اینسایز کد 2380-08، 0–0.8 میلی‌متر,True,
3615,ساعت شیطانکی صفحه بزرگ اینسایز مدل 2381-08,ساعت شیطانکی صفحه بزرگ اینسایز مدل 2381-08,ساعت اهرمی اینسایز کد 2381-08، 0–0.8 میلی‌متر,True,
3616,ساعت شیطانکی صفحه بزرگ دو هزارم اینسایز مدل 2381-02,ساعت شیطانکی صفحه بزرگ دو هزارم اینسایز مدل 2381-02,ساعت اهرمی اینسایز کد 2381-02، 0–0.2 میلی‌متر,True,
3619,ساعت اندیکاتور کورس 50میلیمتر اینسایز مدل 2309-50,ساعت اندیکاتور کورس 50میلیمتر اینسایز مدل 2309-50,ساعت اندیکاتور اینسایز کد 2309-50، 0–50 میلی‌متر,True,
3621,ساعت اندیکاتور دور کوچک کورس 5میلیمتر اینسایز مدل 2311-5,ساعت اندیکاتور دور کوچک کورس 5میلیمتر اینسایز مدل 2311-5,ساعت اندیکاتور اینسایز کد 2311-5، 0–5 میلی‌متر,True,
3622,ساعت اندیکاتور (جعبه مقوایی) اینسایز مدل 2301-10,ساعت اندیکاتور (جعبه مقوایی) اینسایز مدل 2301-10,ساعت اندیکاتور اینسایز کد 2301-10، 0–10 میلی‌متر,True,
3678,گیج جوشکاری اینسایز مدل 4838-1,گیج جوشکاری اینسایز مدل 4838-1,گیج جوش اینسایز کد 4838-1,True,
3680,گیج جوش فلت اینسایز (Insize) مدل 1-4836,گیج جوش فلت اینسایز (Insize) مدل 1-4836,گیج جوش نبشی اینسایز کد 4836-1,True,
3720,رطوبت سنج چوب اینسایز (Insize) مدل 50-9341,رطوبت سنج چوب اینسایز (Insize) مدل 50-9341,رطوبت‌سنج دیجیتال اینسایز کد 9341-50,True,
3721,ترازو دیجیتال 2گرم تا 3کیلوگرم اینسایز مدل 8003-3,ترازو دیجیتال 2گرم تا 3کیلوگرم اینسایز مدل 8003-3,ترازوی دیجیتال اینسایز کد 8003-3,True,
3756,ساعت اندیکاتور اینسایز (Insize) مدل 100D-2309,ساعت اندیکاتور اینسایز (Insize) مدل 100D-2309,ساعت اندیکاتور اینسایز کد 2309-100D، 0–100 میلی‌متر,True,
3757,پرگار داخل سنج ساعتی اینسایز (Insize) 35 میلی متر مدل 35-2321,پرگار داخل سنج ساعتی اینسایز (Insize) 35 میلی متر مدل 35-2321,پرگار ساعتی داخل‌سنج اینسایز کد 2321-35، 15–35 میلی‌متر,True,
3814,زد سنج (رفرنس یاب محور Z) مگنت دار اینسایز (Insize) مدل 50-6557,زد سنج (رفرنس یاب محور Z) مگنت دار اینسایز (Insize) مدل 50-6557,صفرکن دیجیتال محور Z اینسایز کد 6557-50,True,
3825,ضخامت سنج رنگ و پوشش اینسایز (Insize) مدل 1200-9501,ضخامت سنج رنگ و پوشش اینسایز (Insize) مدل 1200-9501,ضخامت‌سنج پوشش اینسایز کد 9501-1200,True,
3826,متر لیزری 50متری اینسایز مدل 9561-50B,متر لیزری 50متری اینسایز مدل 9561-50B,متر لیزری اینسایز کد 9561-50B، 0.2–50 متر,True,
3827,متر لیزری 70متری اینسایز مدل 9561-70B,متر لیزری 70متری اینسایز مدل 9561-70B,متر لیزری اینسایز کد 9561-70B، 0.2–70 متر,True,
3841,فیلر اینچی 0.0015 - 0.035اینچ اینسایز مدل 4608-31,فیلر اینچی 0.0015 - 0.035اینچ اینسایز مدل 4608-31,فیلر اینچی اینسایز کد 4608-31,True,
4036,گیج جوشکاری فلت اینسایز (Insize) مدل 1-4832,گیج جوشکاری فلت اینسایز (Insize) مدل 1-4832,گیج جوش نبشی اینسایز کد 4832-1,True,
4046,گیج هایلو سینگل اینسایز (Insize) مدل 1-4841,گیج هایلو سینگل اینسایز (Insize) مدل 1-4841,گیج جوش لوله اینسایز کد 4841-1,True,
4076,گیج جوشکاری اینسایز (Insize) مدل 1-6832,گیج جوشکاری اینسایز (Insize) مدل 1-6832,گیج جوش اینسایز کد 6832-1,True,
4082,چرخ متر اینسایز (Insize) 0.1 – 9999.9 متر مدل 1-7144,چرخ متر اینسایز (Insize) 0.1 – 9999.9 متر مدل 1-7144,چرخ‌متر اینسایز کد 7144-1، 0.1–9999.9 متر,True,
4084,چرخ متر اینسایز (Insize) 0.1 – 9999.9 متر همراه با کوله پشتی مدل 1-7145,چرخ متر اینسایز (Insize) 0.1 – 9999.9 متر همراه با کوله پشتی مدل 1-7145,چرخ‌متر اینسایز کد 7145-1، 0.1–9999.9 متر,True,
4112,ترازو دیجیتال اینسایز (Insize) 40kg مدل 40-8604,ترازو دیجیتال اینسایز (Insize) 40kg مدل 40-8604,ترازوی جرثقیلی دیجیتال اینسایز کد 8604-40,True,
