brand_id,brand_name,products,manufacturer_code_populated,manufacturer_code_null,product_type_populated,BACKFILL_EXACT,MANUAL_REVIEW,HOLD_WEAK_EVIDENCE,HOLD_IDENTITY_CONFLICT,HOLD_MISSING,HOLD_BRAND_AMBIGUOUS,HOLD_DUPLICATE_IDENTITY,REVIEW_EXISTING_CANONICAL
13,ASTPOWER | ای اس تی پاور,975,0,975,0,0,0,508,465,0,0,2,0
3,INSIZE | اینسایز,872,0,872,658,728,0,94,50,0,0,0,0
4,Dasqua | داسکوا,727,0,727,0,396,0,331,0,0,0,0,0
8,ZCC.CT | زد سی‌سی,583,0,583,0,0,0,0,583,0,0,0,0
22,TIGER TEC | تایگرتک,517,0,517,0,0,0,517,0,0,0,0,0
48,YOWAX | یواکس,353,0,353,0,0,0,0,353,0,0,0,0
33,Chumpower | چام‌پاور,347,0,347,0,0,0,347,0,0,0,0,0
20,SAN OU | سانو,317,0,317,0,0,0,266,51,0,0,0,0
5,TERMA | ترما,312,0,312,0,226,0,86,0,0,0,0,0
2,Mitutoyo | میتوتویو,304,0,304,0,0,0,91,211,0,0,2,0
,,295,0,295,0,0,0,0,0,0,295,0,0
6,ASIMETO | آسیمتو,235,0,235,0,0,0,234,1,0,0,0,0
50,ET | ای تی,227,0,227,0,0,0,0,227,0,0,0,0
49,Mighty Seven | مایتی سون,182,0,182,0,0,0,11,171,0,0,0,0
43,Groz | گروز,127,0,127,0,0,0,127,0,0,0,0,0
36,Chagan | چاگان,27,0,27,0,0,0,27,0,0,0,0,0
47,SHAMS | شمس,27,0,27,0,0,0,0,23,0,0,4,0
32,Winstar | وینستار,21,0,21,0,0,0,21,0,0,0,0,0
37,MPA | ام پی ای,14,0,14,0,0,0,7,7,0,0,0,0
31,Transmex | ترنمکس,11,0,11,0,0,0,11,0,0,0,0,0
42,Vertex | ورتکس,10,0,10,0,0,0,10,0,0,0,0,0
35,3Keego | کیگو,10,0,10,0,0,0,10,0,0,0,0,0
30,Viyer | ویر,9,0,9,0,0,0,9,0,0,0,0,0
46,ZPS | زد پی‌اس,6,0,6,0,0,0,6,0,0,0,0,0
29,LI-HSUN | لی‌سان,4,0,4,0,0,0,4,0,0,0,0,0
27,Narex | نارکس,4,0,4,0,0,0,4,0,0,0,0,0
40,CP-GRAT | سی‌پی‌گرات,4,0,4,0,0,0,4,0,0,0,0,0
44,OMG | او ام جی,3,0,3,0,0,0,3,0,0,0,0,0
34,Deniz | دنیز,2,0,2,0,0,0,2,0,0,0,0,0
38,Sahand | سهند,2,0,2,0,0,0,2,0,0,0,0,0
45,RÖHM | رهم,2,0,2,0,0,0,2,0,0,0,0,0
26,Jaguar | جگوار,2,0,2,0,0,0,2,0,0,0,0,0
39,Promax | پرومکس,2,0,2,0,0,0,2,0,0,0,0,0
41,Acrobat | آکروبات,1,0,1,0,0,0,1,0,0,0,0,0
28,Vogel | وگل,1,0,1,0,0,0,1,0,0,0,0,0
24,UTEX | یوتکس,1,0,1,0,0,0,1,0,0,0,0,0
