source_path,source_SHA256,source_size,destination_path,destination_SHA256,destination_size,match,file_class
/opt/karzar/Karzar/audit/insize-price-20-remaining-19/APPLY_REPORT.json,78b9d3640eaf32aa8cedc9bf8f61d7e8b9564de8be71762d31adfdffd1053137,2293,/opt/karzar/preserve/insize-remaining19-20261006/audit/APPLY_REPORT.json,78b9d3640eaf32aa8cedc9bf8f61d7e8b9564de8be71762d31adfdffd1053137,2293,YES,EXPECTED_PREFLIGHT_FILE
/opt/karzar/Karzar/audit/insize-price-20-remaining-19/LOCKED_HEALTH.json,c70c63806deefc6be8482e8887b041a81d6a9c4dc69e672e4de8afa131da739c,167,/opt/karzar/preserve/insize-remaining19-20261006/audit/LOCKED_HEALTH.json,c70c63806deefc6be8482e8887b041a81d6a9c4dc69e672e4de8afa131da739c,167,YES,EXPECTED_PREFLIGHT_FILE
/opt/karzar/Karzar/audit/insize-price-20-remaining-19/LOCKED_TRAILING_A_SKUS.txt,e5c8448c8fe119b2968041a5f434d67b98ffd3f948fc59c58ff31c8c8868a4fb,1165,/opt/karzar/preserve/insize-remaining19-20261006/audit/LOCKED_TRAILING_A_SKUS.txt,e5c8448c8fe119b2968041a5f434d67b98ffd3f948fc59c58ff31c8c8868a4fb,1165,YES,EXPECTED_PREFLIGHT_FILE
/opt/karzar/Karzar/audit/insize-price-20-remaining-19/RECOVERY_REMAINING19_20261006T143215Z.json,e14533ccd01a40f88cd6fc906d7fd7289a938e5ecaf1dd181318f76c7fe397f9,3193,/opt/karzar/preserve/insize-remaining19-20261006/audit/RECOVERY_REMAINING19_20261006T143215Z.json,e14533ccd01a40f88cd6fc906d7fd7289a938e5ecaf1dd181318f76c7fe397f9,3193,YES,EXPECTED_PREFLIGHT_FILE
/opt/karzar/Karzar/audit/insize-price-20-remaining-19/REMAINING_19_BASELINE.csv,8ac73b710163a20766e2f67137329f6e71efdc7733ab5620afbb144f0caba5d9,5465,/opt/karzar/preserve/insize-remaining19-20261006/audit/REMAINING_19_BASELINE.csv,8ac73b710163a20766e2f67137329f6e71efdc7733ab5620afbb144f0caba5d9,5465,YES,EXPECTED_PREFLIGHT_FILE
/opt/karzar/Karzar/audit/insize-price-20-remaining-19/REMAINING_19_FINAL_IDENTITY_MATRIX.csv,50b4fb4027ce0703f70afa4ad58d42db29b60f659adf9cbe8cf71927707a5210,6185,/opt/karzar/preserve/insize-remaining19-20261006/audit/REMAINING_19_FINAL_IDENTITY_MATRIX.csv,50b4fb4027ce0703f70afa4ad58d42db29b60f659adf9cbe8cf71927707a5210,6185,YES,EXPECTED_PREFLIGHT_FILE
/opt/karzar/Karzar/audit/insize-price-20-remaining-19/REMAINING_19_PRICE_DRY_RUN.csv,fdff8f64fcfb290511d8d26eb7c60a4f5b083d39eb28bd0461571624df4357a6,5922,/opt/karzar/preserve/insize-remaining19-20261006/audit/REMAINING_19_PRICE_DRY_RUN.csv,fdff8f64fcfb290511d8d26eb7c60a4f5b083d39eb28bd0461571624df4357a6,5922,YES,EXPECTED_PREFLIGHT_FILE
/opt/karzar/Karzar/audit/insize-price-20-remaining-19/REMAINING_19_PRICE_PROOF_MATRIX.csv,098bd87f9a77ed423b7a26bd60dae7261ffedd1a8e0ffc66c1c62eaed552f567,6285,/opt/karzar/preserve/insize-remaining19-20261006/audit/REMAINING_19_PRICE_PROOF_MATRIX.csv,098bd87f9a77ed423b7a26bd60dae7261ffedd1a8e0ffc66c1c62eaed552f567,6285,YES,EXPECTED_PREFLIGHT_FILE
/opt/karzar/Karzar/audit/insize-price-20-remaining-19/REMAINING_19_ROLLBACK.csv,53143b29176d2c056d789e75985cb783266502facf674dbce28774f66d4d1a61,1082,/opt/karzar/preserve/insize-remaining19-20261006/audit/REMAINING_19_ROLLBACK.csv,53143b29176d2c056d789e75985cb783266502facf674dbce28774f66d4d1a61,1082,YES,EXPECTED_PREFLIGHT_FILE
/opt/karzar/Karzar/audit/insize-price-20-remaining-19/SYNC_REPORT.json,887d9466e65c2460327c05049803202fa123d2ea571dc26048a971e2c98de694,656,/opt/karzar/preserve/insize-remaining19-20261006/audit/SYNC_REPORT.json,887d9466e65c2460327c05049803202fa123d2ea571dc26048a971e2c98de694,656,YES,EXPECTED_PREFLIGHT_FILE
/opt/karzar/Karzar/scripts/ops/insize_remaining19_identity_alias_apply.py,b482a02f8e47224e190598300a52d8f20a50412cbdee1e628d4b78e3c96dd82d,26726,/opt/karzar/preserve/insize-remaining19-20261006/insize_remaining19_identity_alias_apply.py,b482a02f8e47224e190598300a52d8f20a50412cbdee1e628d4b78e3c96dd82d,26726,YES,EXPECTED_PREFLIGHT_FILE
/opt/karzar/Karzar/scripts/ops/run_insize_remaining19_identity_alias_apply.sh,62979d460e0fc16e3a12e0a01913de423ecf786e6874a804a0b2afe8f9960e66,2787,/opt/karzar/preserve/insize-remaining19-20261006/run_insize_remaining19_identity_alias_apply.sh,62979d460e0fc16e3a12e0a01913de423ecf786e6874a804a0b2afe8f9960e66,2787,YES,EXPECTED_PREFLIGHT_FILE
