product_id,sku,current_is_available,proposed_is_available,current_base_price,verified_shopmill_price,inventory_source,inventory_source_match,shopmill_source,shopmill_retrieved_at,shopmill_snapshot_sha256,identity_match,content_safety,primary_image_status,expected_current_hash,availability_class,allowed_future_mutation,base_price_change,is_active_change,price_plan_prerequisite,cohort
1067,1051-0008,false,true,7420000.00,8985000,/home/shebahati/KaZar/Product and Data Complete/اندازه گیری/داسکوا/لیست قیمت داسکوا +10 درصد.pdf,1051-0008,shopmill:45199,2026-09-09T12:24:29Z,7dbeafd9ab421871425d0c1fd66ebbf13ef6188b5edfb9bab8d73ed2a8a64d0f,EXACT_SKU,SALE_CONTENT_SAFE,PRESENT_AND_ACCEPTABLE,fdb3766d80cf9093093e5d522c5dc68ac333bac36ed2187e2ff9b3de32f85c5a,FALSE_TO_TRUE,is_available,false,false,DASQUA_SHOPMILL_PRICE_PLAN_V2,A_IMAGE_PRESENT
1078,1310-0005,false,true,18510000.00,22398000,/home/shebahati/KaZar/Product and Data Complete/اندازه گیری/داسکوا/لیست قیمت داسکوا +10 درصد.pdf,1310-0005,shopmill:33041,2026-09-09T12:24:29Z,7dbeafd9ab421871425d0c1fd66ebbf13ef6188b5edfb9bab8d73ed2a8a64d0f,EXACT_SKU,SALE_CONTENT_SAFE,PRESENT_AND_ACCEPTABLE,101288dd9b9f25e4fd8c6ab244237c930a83856eb8df1723c83ae5d7fef957e7,FALSE_TO_TRUE,is_available,false,false,DASQUA_SHOPMILL_PRICE_PLAN_V2,A_IMAGE_PRESENT
1102,1331-2115,false,true,6475000.00,7836000,/home/shebahati/KaZar/Product and Data Complete/اندازه گیری/داسکوا/لیست قیمت داسکوا +10 درصد.pdf,1331-2115,shopmill:32221,2026-09-09T12:24:29Z,7dbeafd9ab421871425d0c1fd66ebbf13ef6188b5edfb9bab8d73ed2a8a64d0f,EXACT_SKU,SALE_CONTENT_SAFE,PRESENT_AND_ACCEPTABLE,48a6dc69552accdfd1e7585d5bb8eeb8c8b4ad7ca367cb6db6e1a0f467988742,FALSE_TO_TRUE,is_available,false,false,DASQUA_SHOPMILL_PRICE_PLAN_V2,A_IMAGE_PRESENT
1154,1804-1065,false,true,4120000.00,4986000,/home/shebahati/KaZar/Product and Data Complete/اندازه گیری/داسکوا/لیست قیمت داسکوا +10 درصد.pdf,1804-1065,shopmill:32227,2026-09-09T12:24:29Z,7dbeafd9ab421871425d0c1fd66ebbf13ef6188b5edfb9bab8d73ed2a8a64d0f,EXACT_SKU,SALE_CONTENT_SAFE,PRESENT_AND_ACCEPTABLE,cba2a630127ca0987b83d6e1bf31db1f8c5332a4c6df3ca55d80d7cfdc1e2ec9,FALSE_TO_TRUE,is_available,false,false,DASQUA_SHOPMILL_PRICE_PLAN_V2,A_IMAGE_PRESENT
1157,1804-1090,false,true,13490000.00,16323000,/home/shebahati/KaZar/Product and Data Complete/اندازه گیری/داسکوا/لیست قیمت داسکوا +10 درصد.pdf,1804-1090,shopmill:34335,2026-09-09T12:24:29Z,7dbeafd9ab421871425d0c1fd66ebbf13ef6188b5edfb9bab8d73ed2a8a64d0f,EXACT_SKU,SALE_CONTENT_SAFE,PRESENT_AND_ACCEPTABLE,fb93fc5279bb09a4f7ce0c44ca632e59a7c8335931d9e31b88f7bc922bdc0d32,FALSE_TO_TRUE,is_available,false,false,DASQUA_SHOPMILL_PRICE_PLAN_V2,A_IMAGE_PRESENT
1168,1804-1130,false,true,15430000.00,18671000,/home/shebahati/KaZar/Product and Data Complete/اندازه گیری/داسکوا/لیست قیمت داسکوا +10 درصد.pdf,1804-1130,shopmill:34489,2026-09-09T12:24:29Z,7dbeafd9ab421871425d0c1fd66ebbf13ef6188b5edfb9bab8d73ed2a8a64d0f,EXACT_SKU,SALE_CONTENT_SAFE,PRESENT_AND_ACCEPTABLE,7a3912036735f1a03239c7cc7a890f7229269795d0ddd345e83a5080a71284fd,FALSE_TO_TRUE,is_available,false,false,DASQUA_SHOPMILL_PRICE_PLAN_V2,A_IMAGE_PRESENT
1176,1804-1405,false,true,8145000.00,9860000,/home/shebahati/KaZar/Product and Data Complete/اندازه گیری/داسکوا/لیست قیمت داسکوا +10 درصد.pdf,1804-1405,shopmill:46566,2026-09-09T12:24:29Z,7dbeafd9ab421871425d0c1fd66ebbf13ef6188b5edfb9bab8d73ed2a8a64d0f,EXACT_SKU,SALE_CONTENT_SAFE,PRESENT_AND_ACCEPTABLE,c53fdadb08b8774a0189052b3c66ae57400eae4d284661e715440c2bc38663ff,FALSE_TO_TRUE,is_available,false,false,DASQUA_SHOPMILL_PRICE_PLAN_V2,A_IMAGE_PRESENT
1211,2000-2005,false,true,4955000.00,5997000,/home/shebahati/KaZar/Product and Data Complete/اندازه گیری/داسکوا/لیست قیمت داسکوا +10 درصد.pdf,2000-2005,shopmill:32231,2026-09-09T12:24:29Z,7dbeafd9ab421871425d0c1fd66ebbf13ef6188b5edfb9bab8d73ed2a8a64d0f,EXACT_SKU,SALE_CONTENT_SAFE,PRESENT_AND_ACCEPTABLE,81a92c1a9b91d3561bfee243bb3d8773cf9fa7faa4f368f8bf3d7b77a0a50dde,FALSE_TO_TRUE,is_available,false,false,DASQUA_SHOPMILL_PRICE_PLAN_V2,A_IMAGE_PRESENT
1217,2015-1005,false,true,14820000.00,17933000,/home/shebahati/KaZar/Product and Data Complete/اندازه گیری/داسکوا/لیست قیمت داسکوا +10 درصد.pdf,2015-1005,shopmill:32239,2026-09-09T12:24:29Z,7dbeafd9ab421871425d0c1fd66ebbf13ef6188b5edfb9bab8d73ed2a8a64d0f,EXACT_NORMALIZED_SKU:dasqua_trailing_A,SALE_CONTENT_SAFE,PRESENT_AND_ACCEPTABLE,b88431bb6c8f2e0fe52e3b642252181753e38266c9ee98751d0e58b164c16be9,FALSE_TO_TRUE,is_available,false,false,DASQUA_SHOPMILL_PRICE_PLAN_V2,A_IMAGE_PRESENT
1291,3110-6105,false,true,33940000.00,41068000,/home/shebahati/KaZar/Product and Data Complete/اندازه گیری/داسکوا/لیست قیمت داسکوا +10 درصد.pdf,3110-6105,shopmill:33334,2026-09-09T12:24:29Z,7dbeafd9ab421871425d0c1fd66ebbf13ef6188b5edfb9bab8d73ed2a8a64d0f,EXACT_NORMALIZED_SKU:dasqua_trailing_A,SALE_CONTENT_SAFE,PRESENT_AND_ACCEPTABLE,05e0e56c4848ab822fdf73329cc876d51982471127c7bf0dee0f8130653139c4,FALSE_TO_TRUE,is_available,false,false,DASQUA_SHOPMILL_PRICE_PLAN_V2,A_IMAGE_PRESENT
1299,3230-8105,false,true,67855000.00,82106000,/home/shebahati/KaZar/Product and Data Complete/اندازه گیری/داسکوا/لیست قیمت داسکوا +10 درصد.pdf,3230-8105,shopmill:33432,2026-09-09T12:24:29Z,7dbeafd9ab421871425d0c1fd66ebbf13ef6188b5edfb9bab8d73ed2a8a64d0f,EXACT_NORMALIZED_SKU:dasqua_trailing_A,SALE_CONTENT_SAFE,PRESENT_AND_ACCEPTABLE,84e33160be04c4e2234bee51f7d8ddbf438b036fb0c69d6a17ad739ec93d11c3,FALSE_TO_TRUE,is_available,false,false,DASQUA_SHOPMILL_PRICE_PLAN_V2,A_IMAGE_PRESENT
1314,4111-8105,false,true,3105000.00,3758000,/home/shebahati/KaZar/Product and Data Complete/اندازه گیری/داسکوا/لیست قیمت داسکوا +10 درصد.pdf,4111-8105,shopmill:33516,2026-09-09T12:24:29Z,7dbeafd9ab421871425d0c1fd66ebbf13ef6188b5edfb9bab8d73ed2a8a64d0f,EXACT_SKU,SALE_CONTENT_SAFE,PRESENT_AND_ACCEPTABLE,551cc4c622da0a2f11b56cc788c4b70737520910357f22981f31de975c98c48b,FALSE_TO_TRUE,is_available,false,false,DASQUA_SHOPMILL_PRICE_PLAN_V2,A_IMAGE_PRESENT
1354,4210-2135,false,true,19350000.00,23415000,/home/shebahati/KaZar/Product and Data Complete/اندازه گیری/داسکوا/لیست قیمت داسکوا +10 درصد.pdf,4210-2135,shopmill:38864,2026-09-09T12:24:29Z,7dbeafd9ab421871425d0c1fd66ebbf13ef6188b5edfb9bab8d73ed2a8a64d0f,EXACT_NORMALIZED_SKU:dasqua_trailing_A,SALE_CONTENT_SAFE,PRESENT_AND_ACCEPTABLE,de4ad8bcbcbf26813e1fb132579fe5d161d32ff3c73fc809a2daeaf45cd14c45,FALSE_TO_TRUE,is_available,false,false,DASQUA_SHOPMILL_PRICE_PLAN_V2,A_IMAGE_PRESENT
1355,4210-2140,false,true,21395000.00,25890000,/home/shebahati/KaZar/Product and Data Complete/اندازه گیری/داسکوا/لیست قیمت داسکوا +10 درصد.pdf,4210-2140,shopmill:38884,2026-09-09T12:24:29Z,7dbeafd9ab421871425d0c1fd66ebbf13ef6188b5edfb9bab8d73ed2a8a64d0f,EXACT_NORMALIZED_SKU:dasqua_trailing_A,SALE_CONTENT_SAFE,PRESENT_AND_ACCEPTABLE,92a3fdf2bc5162bec7b86fd5f5b885e3e9978eb6e9640cfffd7a3e697c22d3e6,FALSE_TO_TRUE,is_available,false,false,DASQUA_SHOPMILL_PRICE_PLAN_V2,A_IMAGE_PRESENT
1356,4210-2145,false,true,32285000.00,39070000,/home/shebahati/KaZar/Product and Data Complete/اندازه گیری/داسکوا/لیست قیمت داسکوا +10 درصد.pdf,4210-2145,shopmill:38893,2026-09-09T12:24:29Z,7dbeafd9ab421871425d0c1fd66ebbf13ef6188b5edfb9bab8d73ed2a8a64d0f,EXACT_NORMALIZED_SKU:dasqua_trailing_A,SALE_CONTENT_SAFE,PRESENT_AND_ACCEPTABLE,55525ca25d083e25824158bdc79ed837779c66e56db4d30ef1b0caeb58a36609,FALSE_TO_TRUE,is_available,false,false,DASQUA_SHOPMILL_PRICE_PLAN_V2,A_IMAGE_PRESENT
1357,4210-2150,false,true,34965000.00,42315000,/home/shebahati/KaZar/Product and Data Complete/اندازه گیری/داسکوا/لیست قیمت داسکوا +10 درصد.pdf,4210-2150,shopmill:38906,2026-09-09T12:24:29Z,7dbeafd9ab421871425d0c1fd66ebbf13ef6188b5edfb9bab8d73ed2a8a64d0f,EXACT_NORMALIZED_SKU:dasqua_trailing_A,SALE_CONTENT_SAFE,PRESENT_AND_ACCEPTABLE,a436a7655149af495c642448f8a531c316c046fc55c64c30fe37661086b284a3,FALSE_TO_TRUE,is_available,false,false,DASQUA_SHOPMILL_PRICE_PLAN_V2,A_IMAGE_PRESENT
1358,4210-2155,false,true,36605000.00,44295000,/home/shebahati/KaZar/Product and Data Complete/اندازه گیری/داسکوا/لیست قیمت داسکوا +10 درصد.pdf,4210-2155,shopmill:39013,2026-09-09T12:24:29Z,7dbeafd9ab421871425d0c1fd66ebbf13ef6188b5edfb9bab8d73ed2a8a64d0f,EXACT_NORMALIZED_SKU:dasqua_trailing_A,SALE_CONTENT_SAFE,PRESENT_AND_ACCEPTABLE,b0e7deee9098b3eb8d573e41577c2d8b465252c9fce9bb2008b9242e7458530c,FALSE_TO_TRUE,is_available,false,false,DASQUA_SHOPMILL_PRICE_PLAN_V2,A_IMAGE_PRESENT
1359,4210-2160,false,true,38875000.00,47045000,/home/shebahati/KaZar/Product and Data Complete/اندازه گیری/داسکوا/لیست قیمت داسکوا +10 درصد.pdf,4210-2160,shopmill:39022,2026-09-09T12:24:29Z,7dbeafd9ab421871425d0c1fd66ebbf13ef6188b5edfb9bab8d73ed2a8a64d0f,EXACT_NORMALIZED_SKU:dasqua_trailing_A,SALE_CONTENT_SAFE,PRESENT_AND_ACCEPTABLE,ee73e4d9a410289efcd57bdfd6262e8e11ac9bb0367fb4f9dbdeb1cef8dacb08,FALSE_TO_TRUE,is_available,false,false,DASQUA_SHOPMILL_PRICE_PLAN_V2,A_IMAGE_PRESENT
1363,4230-2005,false,true,8360000.00,10116000,/home/shebahati/KaZar/Product and Data Complete/اندازه گیری/داسکوا/لیست قیمت داسکوا +10 درصد.pdf,4230-2005,shopmill:33611,2026-09-09T12:24:29Z,7dbeafd9ab421871425d0c1fd66ebbf13ef6188b5edfb9bab8d73ed2a8a64d0f,EXACT_SKU,SALE_CONTENT_SAFE,PRESENT_AND_ACCEPTABLE,7dd8916d7bd83991238aa3d61c6881e3c6c948e09866342201549b5da22f3b63,FALSE_TO_TRUE,is_available,false,false,DASQUA_SHOPMILL_PRICE_PLAN_V2,A_IMAGE_PRESENT
1380,4410-1105,false,true,12970000.00,15694000,/home/shebahati/KaZar/Product and Data Complete/اندازه گیری/داسکوا/لیست قیمت داسکوا +10 درصد.pdf,4410-1105,shopmill:33680,2026-09-09T12:24:29Z,7dbeafd9ab421871425d0c1fd66ebbf13ef6188b5edfb9bab8d73ed2a8a64d0f,EXACT_NORMALIZED_SKU:dasqua_trailing_A,SALE_CONTENT_SAFE,PRESENT_AND_ACCEPTABLE,3e2282f5de50d0d430ba2e54cb0fae843307c5c8b7607ad31767e0e311b038cd,FALSE_TO_TRUE,is_available,false,false,DASQUA_SHOPMILL_PRICE_PLAN_V2,A_IMAGE_PRESENT
1381,4410-1110,false,true,16670000.00,20175000,/home/shebahati/KaZar/Product and Data Complete/اندازه گیری/داسکوا/لیست قیمت داسکوا +10 درصد.pdf,4410-1110,shopmill:39032,2026-09-09T12:24:29Z,7dbeafd9ab421871425d0c1fd66ebbf13ef6188b5edfb9bab8d73ed2a8a64d0f,EXACT_NORMALIZED_SKU:dasqua_trailing_A,SALE_CONTENT_SAFE,PRESENT_AND_ACCEPTABLE,43317dd6aaa911a906454dd33f50c61f8537d50dbc4070c519660348e4e371e2,FALSE_TO_TRUE,is_available,false,false,DASQUA_SHOPMILL_PRICE_PLAN_V2,A_IMAGE_PRESENT
1382,4410-1115,false,true,18510000.00,22405000,/home/shebahati/KaZar/Product and Data Complete/اندازه گیری/داسکوا/لیست قیمت داسکوا +10 درصد.pdf,4410-1115,shopmill:39051,2026-09-09T12:24:29Z,7dbeafd9ab421871425d0c1fd66ebbf13ef6188b5edfb9bab8d73ed2a8a64d0f,EXACT_NORMALIZED_SKU:dasqua_trailing_A,SALE_CONTENT_SAFE,PRESENT_AND_ACCEPTABLE,23d6863dadb452e065206e23c4c10d0de962c5bc8587a2ce8cbf6093e529d7e7,FALSE_TO_TRUE,is_available,false,false,DASQUA_SHOPMILL_PRICE_PLAN_V2,A_IMAGE_PRESENT
1383,4410-1120,false,true,22430000.00,27145000,/home/shebahati/KaZar/Product and Data Complete/اندازه گیری/داسکوا/لیست قیمت داسکوا +10 درصد.pdf,4410-1120,shopmill:39070,2026-09-09T12:24:29Z,7dbeafd9ab421871425d0c1fd66ebbf13ef6188b5edfb9bab8d73ed2a8a64d0f,EXACT_NORMALIZED_SKU:dasqua_trailing_A,SALE_CONTENT_SAFE,PRESENT_AND_ACCEPTABLE,83f33bc54a2b83fc8799ca8818917703346e6a27361dbfe2da2a8ecf2bba3f03,FALSE_TO_TRUE,is_available,false,false,DASQUA_SHOPMILL_PRICE_PLAN_V2,A_IMAGE_PRESENT
1486,4911-8105,false,true,9480000.00,11475000,/home/shebahati/KaZar/Product and Data Complete/اندازه گیری/داسکوا/لیست قیمت داسکوا +10 درصد.pdf,4911-8105,shopmill:39449,2026-09-09T12:24:29Z,7dbeafd9ab421871425d0c1fd66ebbf13ef6188b5edfb9bab8d73ed2a8a64d0f,EXACT_NORMALIZED_SKU:dasqua_trailing_A,SALE_CONTENT_SAFE,PRESENT_AND_ACCEPTABLE,3920fef461e67807baa6e56faf4d2af98de7b629294a2c855785d000f5c14a9f,FALSE_TO_TRUE,is_available,false,false,DASQUA_SHOPMILL_PRICE_PLAN_V2,A_IMAGE_PRESENT
1487,4911-8115,false,true,12560000.00,15205000,/home/shebahati/KaZar/Product and Data Complete/اندازه گیری/داسکوا/لیست قیمت داسکوا +10 درصد.pdf,4911-8115,shopmill:39463,2026-09-09T12:24:29Z,7dbeafd9ab421871425d0c1fd66ebbf13ef6188b5edfb9bab8d73ed2a8a64d0f,EXACT_NORMALIZED_SKU:dasqua_trailing_A,SALE_CONTENT_SAFE,PRESENT_AND_ACCEPTABLE,738c13144c206c8dcd255a627fa4737c5a18df3df4fcfd173e68cbeeefec170d,FALSE_TO_TRUE,is_available,false,false,DASQUA_SHOPMILL_PRICE_PLAN_V2,A_IMAGE_PRESENT
1509,5221-0005,false,true,5680000.00,6873000,/home/shebahati/KaZar/Product and Data Complete/اندازه گیری/داسکوا/لیست قیمت داسکوا +10 درصد.pdf,5221-0005,shopmill:34113,2026-09-09T12:24:29Z,7dbeafd9ab421871425d0c1fd66ebbf13ef6188b5edfb9bab8d73ed2a8a64d0f,EXACT_SKU,SALE_CONTENT_SAFE,PRESENT_AND_ACCEPTABLE,d017ba28b7d4a482d55304434b6c3a6b7b874fd0a4f11206ebf1fc81dd52f4cc,FALSE_TO_TRUE,is_available,false,false,DASQUA_SHOPMILL_PRICE_PLAN_V2,A_IMAGE_PRESENT
1519,5260-1105,false,true,7835000.00,9481000,/home/shebahati/KaZar/Product and Data Complete/اندازه گیری/داسکوا/لیست قیمت داسکوا +10 درصد.pdf,5260-1105,shopmill:34091,2026-09-09T12:24:29Z,7dbeafd9ab421871425d0c1fd66ebbf13ef6188b5edfb9bab8d73ed2a8a64d0f,EXACT_SKU,SALE_CONTENT_SAFE,PRESENT_AND_ACCEPTABLE,1dcfca7fc67e7c854885101c5eb132369f5f1a856b3e0136ee9bca7141b32fb7,FALSE_TO_TRUE,is_available,false,false,DASQUA_SHOPMILL_PRICE_PLAN_V2,A_IMAGE_PRESENT
1522,5260-3705,false,true,9890000.00,11967000,/home/shebahati/KaZar/Product and Data Complete/اندازه گیری/داسکوا/لیست قیمت داسکوا +10 درصد.pdf,5260-3705,shopmill:34100,2026-09-09T12:24:29Z,7dbeafd9ab421871425d0c1fd66ebbf13ef6188b5edfb9bab8d73ed2a8a64d0f,EXACT_SKU,SALE_CONTENT_SAFE,PRESENT_AND_ACCEPTABLE,13a73d8ccbd5ad20d8e99b92a911b0e403ddd7403a285542153f58f0c1d70690,FALSE_TO_TRUE,is_available,false,false,DASQUA_SHOPMILL_PRICE_PLAN_V2,A_IMAGE_PRESENT
1622,6111-1247,false,true,40510000.00,49025000,/home/shebahati/KaZar/Product and Data Complete/اندازه گیری/داسکوا/لیست قیمت داسکوا +10 درصد.pdf,6111-1247,shopmill:46304,2026-09-09T12:24:29Z,7dbeafd9ab421871425d0c1fd66ebbf13ef6188b5edfb9bab8d73ed2a8a64d0f,EXACT_SKU,SALE_CONTENT_SAFE,PRESENT_AND_ACCEPTABLE,2f0dc0645f91a3a2da4c04b9f7d59692bf45ec5197f8c08bbacb05b7ee2bb7cc,FALSE_TO_TRUE,is_available,false,false,DASQUA_SHOPMILL_PRICE_PLAN_V2,A_IMAGE_PRESENT
1680,7121-0025,false,true,13180000.00,15948000,/home/shebahati/KaZar/Product and Data Complete/اندازه گیری/داسکوا/لیست قیمت داسکوا +10 درصد.pdf,7121-0025,shopmill:34753,2026-09-09T12:24:29Z,7dbeafd9ab421871425d0c1fd66ebbf13ef6188b5edfb9bab8d73ed2a8a64d0f,EXACT_SKU,SALE_CONTENT_SAFE,PRESENT_AND_ACCEPTABLE,3d8d987e05ace99e00f7369642ac5f149f7bc6d6b50971b849823709255ef27c,FALSE_TO_TRUE,is_available,false,false,DASQUA_SHOPMILL_PRICE_PLAN_V2,A_IMAGE_PRESENT
1701,8203-0010,false,true,34965000.00,41215000,/home/shebahati/KaZar/Product and Data Complete/اندازه گیری/داسکوا/لیست قیمت داسکوا +10 درصد.pdf,8203-0010,shopmill:45683,2026-09-09T12:24:29Z,7dbeafd9ab421871425d0c1fd66ebbf13ef6188b5edfb9bab8d73ed2a8a64d0f,EXACT_NORMALIZED_SKU:dasqua_trailing_A,SALE_CONTENT_SAFE,PRESENT_AND_ACCEPTABLE,b8c9136f2a5734b2bd2e8f25f852a5985e6ae0a778c4e05b4699f2ade0ce5097,FALSE_TO_TRUE,is_available,false,false,DASQUA_SHOPMILL_PRICE_PLAN_V2,A_IMAGE_PRESENT
