source_pages,extracted_candidate_row,raw_identity,normalized_identity,raw_price,price_unit,proposed_toman_price,confidence,rejected_reason,duplicate_status,manual_review_required,line
11,"GL 60 37,000,000",GL 60,,"37,000,000",rial_unconfirmed,,low,no_manufacturer_sku_column,,true,1
11,"TG 1-10 21,160,000",TG 1-10,,"21,160,000",rial_unconfirmed,,low,no_manufacturer_sku_column,,true,2
11,"! "" #$ 30 88,000,000","! "" #$ 30",,"88,000,000",rial_unconfirmed,,low,no_manufacturer_sku_column,,true,3
11,"! "" #$ 10 52,000,000","! "" #$ 10",,"52,000,000",rial_unconfirmed,,low,no_manufacturer_sku_column,,true,4
11,"' () ! "" #$ 10 53,000,000","' () ! "" #$ 10",,"53,000,000",rial_unconfirmed,,low,no_manufacturer_sku_column,,true,5
11,"' () ! "" #$ 20 80,000,000","' () ! "" #$ 20",,"80,000,000",rial_unconfirmed,,low,no_manufacturer_sku_column,,true,6
11,"* +, ! "" #$ 10 117,000,000","* +, ! "" #$ 10",,"117,000,000",rial_unconfirmed,,low,no_manufacturer_sku_column,,true,7
11,"* +, ! "" #$ 30 146,000,000","* +, ! "" #$ 30",,"146,000,000",rial_unconfirmed,,low,no_manufacturer_sku_column,,true,8
11,""" ./ 0.002 76,000,000",""" ./ 0.002",,"76,000,000",rial_unconfirmed,,low,no_manufacturer_sku_column,,true,9
11,""" ./ 0.01 72,000,000",""" ./ 0.01",,"72,000,000",rial_unconfirmed,,low,no_manufacturer_sku_column,,true,10
11,"1 !$ 2 3 1-13 1/2.20 51,520,000",1 !$ 2 3 1-13 1/2.20,,"51,520,000",rial_unconfirmed,,low,no_manufacturer_sku_column,,true,11
11,"1 !$ 2 3 1-13b16 39,707,200",1 !$ 2 3 1-13b16,,"39,707,200",rial_unconfirmed,,low,no_manufacturer_sku_column,,true,12
11,"1 !$ 2 3 1-16b18 47,398,400",1 !$ 2 3 1-16b18,,"47,398,400",rial_unconfirmed,,low,no_manufacturer_sku_column,,true,13
11,"' $2 3 0.3-4jto 9,494,400",' $2 3 0.3-4jto,,"9,494,400",rial_unconfirmed,,low,no_manufacturer_sku_column,,true,14
11,"' $2 3 1.5-10 3/8 5,336,000",' $2 3 1.5-10 3/8,,"5,336,000",rial_unconfirmed,,low,no_manufacturer_sku_column,,true,15
11,"' $ 6 78 3 5-20b22 40,001,600",' $ 6 78 3 5-20b22,,"40,001,600",rial_unconfirmed,,low,no_manufacturer_sku_column,,true,16
11,"GL 9 $ 6 $ :8 ; 150 54,000,000",GL 9 $ 6 $ :8 ; 150,,"54,000,000",rial_unconfirmed,,low,no_manufacturer_sku_column,,true,17
11,"GL 9 $ 6 $ :8 ; 200 71,000,000",GL 9 $ 6 $ :8 ; 200,,"71,000,000",rial_unconfirmed,,low,no_manufacturer_sku_column,,true,18
11,"GL 9 $ 6 $ :8 ; 300 111,000,000",GL 9 $ 6 $ :8 ; 300,,"111,000,000",rial_unconfirmed,,low,no_manufacturer_sku_column,,true,19
11,"GL * + , :8 ; 150 75,000,000","GL * + , :8 ; 150",,"75,000,000",rial_unconfirmed,,low,no_manufacturer_sku_column,,true,20
11,"GL * + , :8 ; 200 100,000,000","GL * + , :8 ; 200",,"100,000,000",rial_unconfirmed,,low,no_manufacturer_sku_column,,true,21
11,"GL * + , :8 ; 300 165,000,000","GL * + , :8 ; 300",,"165,000,000",rial_unconfirmed,,low,no_manufacturer_sku_column,,true,22
11,"RN ﮐﻮﻟ ﺲ500 270,000,000",RN ﮐﻮﻟ ﺲ500,,"270,000,000",rial_unconfirmed,,low,no_manufacturer_sku_column,,true,23
11,"GL 9 $ 6 $ < = > 150 50,000,000",GL 9 $ 6 $ < = > 150,,"50,000,000",rial_unconfirmed,,low,no_manufacturer_sku_column,,true,24
11,"GL 9 $ 6 $ < = > 200 96,000,000",GL 9 $ 6 $ < = > 200,,"96,000,000",rial_unconfirmed,,low,no_manufacturer_sku_column,,true,26
11,"GL 9 $ 6 $ < = > 300 160,000,000",GL 9 $ 6 $ < = > 300,,"160,000,000",rial_unconfirmed,,low,no_manufacturer_sku_column,,true,27
11,"GL 9 $ 6 $ < = > 500 384,000,000",GL 9 $ 6 $ < = > 500,,"384,000,000",rial_unconfirmed,,low,no_manufacturer_sku_column,,true,28
11,"GL 9 $ 6 $ < = > 1000*150 1,040,000,000",GL 9 $ 6 $ < = > 1000*150,,"1,040,000,000",rial_unconfirmed,,low,no_manufacturer_sku_column,,true,29
11,"GL 9 $ 6 $ < = > 1000*200 1,120,000,000",GL 9 $ 6 $ < = > 1000*200,,"1,120,000,000",rial_unconfirmed,,low,no_manufacturer_sku_column,,true,30
11,"GL 9 $ 6 $ < = > 2000*300 3,200,000,000",GL 9 $ 6 $ < = > 2000*300,,"3,200,000,000",rial_unconfirmed,,low,no_manufacturer_sku_column,,true,31
11,"GL * + , $# < = > 300 448,000,000","GL * + , $# < = > 300",,"448,000,000",rial_unconfirmed,,low,no_manufacturer_sku_column,,true,32
11,"GL * + , $# < = > 500 648,000,000","GL * + , $# < = > 500",,"648,000,000",rial_unconfirmed,,low,no_manufacturer_sku_column,,true,33
11,"GL = $# < = > 500 464,000,000",GL = $# < = > 500,,"464,000,000",rial_unconfirmed,,low,no_manufacturer_sku_column,,true,34
11,"GL = $# < = > 200 118,000,000",GL = $# < = > 200,,"118,000,000",rial_unconfirmed,,low,no_manufacturer_sku_column,,true,35
11,"GL = $# < = > 300 371,000,000",GL = $# < = > 300,,"371,000,000",rial_unconfirmed,,low,no_manufacturer_sku_column,,true,36
11,"GL * + , < = > 300 168,000,000","GL * + , < = > 300",,"168,000,000",rial_unconfirmed,,low,no_manufacturer_sku_column,,true,37
11,"GL * + , < = > 1000*150 1,416,000,000","GL * + , < = > 1000*150",,"1,416,000,000",rial_unconfirmed,,low,no_manufacturer_sku_column,,true,38
11,"GL * + , < = > 1000*200 1,680,000,000","GL * + , < = > 1000*200",,"1,680,000,000",rial_unconfirmed,,low,no_manufacturer_sku_column,,true,39
11,"GL * + , < = > 500 608,000,000","GL * + , < = > 500",,"608,000,000",rial_unconfirmed,,low,no_manufacturer_sku_column,,true,40
11,"GL * + , < = > 150 68,000,000","GL * + , < = > 150",,"68,000,000",rial_unconfirmed,,low,no_manufacturer_sku_column,,true,41
11,"GL * + , < = > 200 103,000,000","GL * + , < = > 200",,"103,000,000",rial_unconfirmed,,low,no_manufacturer_sku_column,,true,42
11,"GL * + , < = > 100 59,000,000","GL * + , < = > 100",,"59,000,000",rial_unconfirmed,,low,no_manufacturer_sku_column,,true,43
11,"GL * + , < = > 600*300 1,216,000,000","GL * + , < = > 600*300",,"1,216,000,000",rial_unconfirmed,,low,no_manufacturer_sku_column,,true,44
11,"GL * + , < = > 800*200 1,232,000,000","GL * + , < = > 800*200",,"1,232,000,000",rial_unconfirmed,,low,no_manufacturer_sku_column,,true,45
11,"GL < = > 150 93,000,000",GL < = > 150,,"93,000,000",rial_unconfirmed,,low,no_manufacturer_sku_column,,true,46
11,"GL < = > 200 120,000,000",GL < = > 200,,"120,000,000",rial_unconfirmed,,low,no_manufacturer_sku_column,,true,47
11,"GL < = > 300 176,000,000",GL < = > 300,,"176,000,000",rial_unconfirmed,,low,no_manufacturer_sku_column,,true,48
11,"* < = > 150 84,000,000",* < = > 150,,"84,000,000",rial_unconfirmed,,low,no_manufacturer_sku_column,,true,49
11,"* < = > 200 112,000,000",* < = > 200,,"112,000,000",rial_unconfirmed,,low,no_manufacturer_sku_column,,true,51
11,"* < = > 300 180,000,000",* < = > 300,,"180,000,000",rial_unconfirmed,,low,no_manufacturer_sku_column,,true,52
11,"GL #8( : @ 10-18 104,000,000",GL #8( : @ 10-18,,"104,000,000",rial_unconfirmed,,low,no_manufacturer_sku_column,,true,53
11,"GL #8( : @ 18-35 160,000,000",GL #8( : @ 18-35,,"160,000,000",rial_unconfirmed,,low,no_manufacturer_sku_column,,true,54
11,"GL #8( : @ 35-50 160,000,000",GL #8( : @ 35-50,,"160,000,000",rial_unconfirmed,,low,no_manufacturer_sku_column,,true,55
11,"GL #8( : @ 50-160 176,000,000",GL #8( : @ 50-160,,"176,000,000",rial_unconfirmed,,low,no_manufacturer_sku_column,,true,56
11,"GL #8( : @ 160-250 240,000,000",GL #8( : @ 160-250,,"240,000,000",rial_unconfirmed,,low,no_manufacturer_sku_column,,true,57
11,"GL #8( : @ 250-450 333,000,000",GL #8( : @ 250-450,,"333,000,000",rial_unconfirmed,,low,no_manufacturer_sku_column,,true,58
11,"ﻣﺘﻪ ﺧ ﻨﻪ3 5,152,000",ﻣﺘﻪ ﺧ ﻨﻪ3,,"5,152,000",rial_unconfirmed,,low,no_manufacturer_sku_column,,true,59
11,"RN AB 4 515,200",RN AB 4,,"515,200",rial_unconfirmed,,low,no_manufacturer_sku_column,,true,60
11,"RN AB 4.5 515,200",RN AB 4.5,,"515,200",rial_unconfirmed,,low,no_manufacturer_sku_column,,true,61
11,"TG AB 1 239,200",TG AB 1,,"239,200",rial_unconfirmed,,low,no_manufacturer_sku_column,,true,62
11,"TG AB 1.5 294,400",TG AB 1.5,,"294,400",rial_unconfirmed,,low,no_manufacturer_sku_column,,true,63
11,"TG AB 2 423,200",TG AB 2,,"423,200",rial_unconfirmed,,low,no_manufacturer_sku_column,,true,64
11,"TG AB 2.5 460,000",TG AB 2.5,,"460,000",rial_unconfirmed,,low,no_manufacturer_sku_column,,true,65
11,"TG AB 3 515,200",TG AB 3,,"515,200",rial_unconfirmed,,low,no_manufacturer_sku_column,,true,66
11,"TG AB 3.2 515,200",TG AB 3.2,,"515,200",rial_unconfirmed,,low,no_manufacturer_sku_column,,true,67
11,"TG AB 3.5 515,200",TG AB 3.5,,"515,200",rial_unconfirmed,,low,no_manufacturer_sku_column,,true,68
11,"TG AB 3.75 515,200",TG AB 3.75,,"515,200",rial_unconfirmed,,low,no_manufacturer_sku_column,,true,69
11,"TG AB 4 515,200",TG AB 4,,"515,200",rial_unconfirmed,,low,no_manufacturer_sku_column,,true,70
11,"TG AB 4.2 515,200",TG AB 4.2,,"515,200",rial_unconfirmed,,low,no_manufacturer_sku_column,,true,71
11,"TG AB 4.5 515,200",TG AB 4.5,,"515,200",rial_unconfirmed,,low,no_manufacturer_sku_column,,true,72
11,"TG AB 5 864,800",TG AB 5,,"864,800",rial_unconfirmed,,low,no_manufacturer_sku_column,,true,73
11,"TG AB 5.2 864,800",TG AB 5.2,,"864,800",rial_unconfirmed,,low,no_manufacturer_sku_column,,true,74
11,"TG AB 5.5 864,800",TG AB 5.5,,"864,800",rial_unconfirmed,,low,no_manufacturer_sku_column,,true,75
11,"TG AB 6 1,104,000",TG AB 6,,"1,104,000",rial_unconfirmed,,low,no_manufacturer_sku_column,,true,77
11,"TG AB 6.5 1,104,000",TG AB 6.5,,"1,104,000",rial_unconfirmed,,low,no_manufacturer_sku_column,,true,78
11,"TG AB 7 1,177,600",TG AB 7,,"1,177,600",rial_unconfirmed,,low,no_manufacturer_sku_column,,true,79
11,"TG AB 7.5 1,324,800",TG AB 7.5,,"1,324,800",rial_unconfirmed,,low,no_manufacturer_sku_column,,true,80
11,"TG AB 8 1,987,200",TG AB 8,,"1,987,200",rial_unconfirmed,,low,no_manufacturer_sku_column,,true,81
11,"TG AB 8.5 1,987,200",TG AB 8.5,,"1,987,200",rial_unconfirmed,,low,no_manufacturer_sku_column,,true,82
11,"TG AB 9 2,263,200",TG AB 9,,"2,263,200",rial_unconfirmed,,low,no_manufacturer_sku_column,,true,83
11,"TG AB 9.5 2,428,800",TG AB 9.5,,"2,428,800",rial_unconfirmed,,low,no_manufacturer_sku_column,,true,84
11,"TG AB 10 2,668,000",TG AB 10,,"2,668,000",rial_unconfirmed,,low,no_manufacturer_sku_column,,true,85
11,"TG AB 10.5 3,045,200",TG AB 10.5,,"3,045,200",rial_unconfirmed,,low,no_manufacturer_sku_column,,true,86
11,"TG AB 11 3,256,800",TG AB 11,,"3,256,800",rial_unconfirmed,,low,no_manufacturer_sku_column,,true,87
11,"TG AB 11.5 3,554,880",TG AB 11.5,,"3,554,880",rial_unconfirmed,,low,no_manufacturer_sku_column,,true,88
11,"TG AB 12 3,838,240",TG AB 12,,"3,838,240",rial_unconfirmed,,low,no_manufacturer_sku_column,,true,89
11,"TG AB 12.5 4,044,320",TG AB 12.5,,"4,044,320",rial_unconfirmed,,low,no_manufacturer_sku_column,,true,90
11,"TG AB 13 4,237,520",TG AB 13,,"4,237,520",rial_unconfirmed,,low,no_manufacturer_sku_column,,true,91
11,"TG AB 13.5 5,586,240",TG AB 13.5,,"5,586,240",rial_unconfirmed,,low,no_manufacturer_sku_column,,true,92
11,"TG AB 14 7,319,520",TG AB 14,,"7,319,520",rial_unconfirmed,,low,no_manufacturer_sku_column,,true,93
11,"TG AB 14.5 7,702,240",TG AB 14.5,,"7,702,240",rial_unconfirmed,,low,no_manufacturer_sku_column,,true,94
11,"TG AB 15 8,859,600",TG AB 15,,"8,859,600",rial_unconfirmed,,low,no_manufacturer_sku_column,,true,95
11,"TG AB 15.5 7,709,600",TG AB 15.5,,"7,709,600",rial_unconfirmed,,low,no_manufacturer_sku_column,,true,96
11,"TG AB 16 10,396,000",TG AB 16,,"10,396,000",rial_unconfirmed,,low,no_manufacturer_sku_column,,true,97
11,"TG AB 16.5 11,040,000",TG AB 16.5,,"11,040,000",rial_unconfirmed,,low,no_manufacturer_sku_column,,true,98
11,"TG AB 17 11,040,000",TG AB 17,,"11,040,000",rial_unconfirmed,,low,no_manufacturer_sku_column,,true,99
11,"TG AB 17.5 11,040,000",TG AB 17.5,,"11,040,000",rial_unconfirmed,,low,no_manufacturer_sku_column,,true,100
11,"TG AB 18 12,512,000",TG AB 18,,"12,512,000",rial_unconfirmed,,low,no_manufacturer_sku_column,,true,102
11,"TG AB 18.5 12,512,000",TG AB 18.5,,"12,512,000",rial_unconfirmed,,low,no_manufacturer_sku_column,,true,103
11,"TG AB 19 13,560,800",TG AB 19,,"13,560,800",rial_unconfirmed,,low,no_manufacturer_sku_column,,true,104
11,"TG AB 19.5 13,560,800",TG AB 19.5,,"13,560,800",rial_unconfirmed,,low,no_manufacturer_sku_column,,true,105
11,"TG AB 20 14,720,000",TG AB 20,,"14,720,000",rial_unconfirmed,,low,no_manufacturer_sku_column,,true,106
11,"TG C ! > AB 4.5 349,600",TG C ! > AB 4.5,,"349,600",rial_unconfirmed,,low,no_manufacturer_sku_column,,true,107
11,"TG C ! > AB 3.5 312,800",TG C ! > AB 3.5,,"312,800",rial_unconfirmed,,low,no_manufacturer_sku_column,,true,108
11,"TG C ! > AB 4 349,600",TG C ! > AB 4,,"349,600",rial_unconfirmed,,low,no_manufacturer_sku_column,,true,109
11,"TG C ! > AB 4.2 349,600",TG C ! > AB 4.2,,"349,600",rial_unconfirmed,,low,no_manufacturer_sku_column,,true,110
11,"TG #8(D AB 3 552,000",TG #8(D AB 3,,"552,000",rial_unconfirmed,,low,no_manufacturer_sku_column,,true,111
11,"TG #8(D AB 3.5 552,000",TG #8(D AB 3.5,,"552,000",rial_unconfirmed,,low,no_manufacturer_sku_column,,true,112
11,"TG #8(D AB 6 1,104,000",TG #8(D AB 6,,"1,104,000",rial_unconfirmed,,low,no_manufacturer_sku_column,,true,113
11,"TG #8(D AB 8 1,987,200",TG #8(D AB 8,,"1,987,200",rial_unconfirmed,,low,no_manufacturer_sku_column,,true,114
11,"TG = > 11.5 11,739,200",TG = > 11.5,,"11,739,200",rial_unconfirmed,,low,no_manufacturer_sku_column,,true,115
11,"TG = > 12 12,604,000",TG = > 12,,"12,604,000",rial_unconfirmed,,low,no_manufacturer_sku_column,,true,116
11,"TG = > 12.5 15,456,000",TG = > 12.5,,"15,456,000",rial_unconfirmed,,low,no_manufacturer_sku_column,,true,117
11,"TG = > 13 16,891,200",TG = > 13,,"16,891,200",rial_unconfirmed,,low,no_manufacturer_sku_column,,true,118
11,"TG = > 15.5 18,492,000",TG = > 15.5,,"18,492,000",rial_unconfirmed,,low,no_manufacturer_sku_column,,true,119
11,"TG = > 16 25,576,000",TG = > 16,,"25,576,000",rial_unconfirmed,,low,no_manufacturer_sku_column,,true,120
11,"TG = > 16.5 25,576,000",TG = > 16.5,,"25,576,000",rial_unconfirmed,,low,no_manufacturer_sku_column,,true,121
11,"TG = > 18 27,912,800",TG = > 18,,"27,912,800",rial_unconfirmed,,low,no_manufacturer_sku_column,,true,122
11,"TG = > 19 31,997,600",TG = > 19,,"31,997,600",rial_unconfirmed,,low,no_manufacturer_sku_column,,true,123
11,"TG = > 19.5 32,365,600",TG = > 19.5,,"32,365,600",rial_unconfirmed,,low,no_manufacturer_sku_column,,true,124
11,"TG = > 20 34,960,000",TG = > 20,,"34,960,000",rial_unconfirmed,,low,no_manufacturer_sku_column,,true,125
11,"TG = > 1 331,200",TG = > 1,,"331,200",rial_unconfirmed,,low,no_manufacturer_sku_column,,true,127
11,"TG = > 3.75 1,067,200",TG = > 3.75,,"1,067,200",rial_unconfirmed,,low,no_manufacturer_sku_column,,true,128
11,"TG = > 4.2 1,398,400",TG = > 4.2,,"1,398,400",rial_unconfirmed,,low,no_manufacturer_sku_column,,true,129
11,"TG = > 7 3,348,800",TG = > 7,,"3,348,800",rial_unconfirmed,,low,no_manufacturer_sku_column,,true,130
11,"TG = > 7.5 3,348,800",TG = > 7.5,,"3,348,800",rial_unconfirmed,,low,no_manufacturer_sku_column,,true,131
11,"TG = > 8 4,636,800",TG = > 8,,"4,636,800",rial_unconfirmed,,low,no_manufacturer_sku_column,,true,132
11,"TG = > 9 6,550,400",TG = > 9,,"6,550,400",rial_unconfirmed,,low,no_manufacturer_sku_column,,true,133
11,"TG = > 9.5 6,550,400",TG = > 9.5,,"6,550,400",rial_unconfirmed,,low,no_manufacturer_sku_column,,true,134
11,"TG = > 10 8,188,000",TG = > 10,,"8,188,000",rial_unconfirmed,,low,no_manufacturer_sku_column,,true,135
11,"TG = > 11 11,168,800",TG = > 11,,"11,168,800",rial_unconfirmed,,low,no_manufacturer_sku_column,,true,136
11,"E ! D = > 2.5 515,200",E ! D = > 2.5,,"515,200",rial_unconfirmed,,low,no_manufacturer_sku_column,,true,137
11,"E ! D = > 3.5 1,067,200",E ! D = > 3.5,,"1,067,200",rial_unconfirmed,,low,no_manufacturer_sku_column,,true,138
11,"E ! D = > 4 1,251,200",E ! D = > 4,,"1,251,200",rial_unconfirmed,,low,no_manufacturer_sku_column,,true,139
11,"E ! D = > 4.2 1,398,400",E ! D = > 4.2,,"1,398,400",rial_unconfirmed,,low,no_manufacturer_sku_column,,true,140
11,"E ! D = > 6 2,447,200",E ! D = > 6,,"2,447,200",rial_unconfirmed,,low,no_manufacturer_sku_column,,true,141
11,"E ! D = > 8 4,636,800",E ! D = > 8,,"4,636,800",rial_unconfirmed,,low,no_manufacturer_sku_column,,true,142
11,"E ! D = > 11 11,168,800",E ! D = > 11,,"11,168,800",rial_unconfirmed,,low,no_manufacturer_sku_column,,true,143
11,"E ! D = > 12 12,604,000",E ! D = > 12,,"12,604,000",rial_unconfirmed,,low,no_manufacturer_sku_column,,true,144
11,"F 8> = > 1 386,400",F 8> = > 1,,"386,400",rial_unconfirmed,,low,no_manufacturer_sku_column,,true,145
11,"F 8> = > 4 1,196,000",F 8> = > 4,,"1,196,000",rial_unconfirmed,,low,no_manufacturer_sku_column,,true,146
11,"F 8> = > 9 7,120,800",F 8> = > 9,,"7,120,800",rial_unconfirmed,,low,no_manufacturer_sku_column,,true,147
11,"F 8> = > 11.5 12,456,800",F 8> = > 11.5,,"12,456,800",rial_unconfirmed,,low,no_manufacturer_sku_column,,true,148
11,"F 8> = > 12 13,634,400",F 8> = > 12,,"13,634,400",rial_unconfirmed,,low,no_manufacturer_sku_column,,true,149
11,"F 8> = > 12.5 16,302,400",F 8> = > 12.5,,"16,302,400",rial_unconfirmed,,low,no_manufacturer_sku_column,,true,150
11,"TG 2 > 12 13,248,000",TG 2 > 12,,"13,248,000",rial_unconfirmed,,low,no_manufacturer_sku_column,,true,152
11,"TG 2 > 13 14,609,600",TG 2 > 13,,"14,609,600",rial_unconfirmed,,low,no_manufacturer_sku_column,,true,153
11,"TG 2 > 14 15,621,600",TG 2 > 14,,"15,621,600",rial_unconfirmed,,low,no_manufacturer_sku_column,,true,154
11,"TG 2 > 14.5 15,621,600",TG 2 > 14.5,,"15,621,600",rial_unconfirmed,,low,no_manufacturer_sku_column,,true,155
11,"TG 2 > 15 16,578,400",TG 2 > 15,,"16,578,400",rial_unconfirmed,,low,no_manufacturer_sku_column,,true,156
11,"TG 2 > 15.5 16,578,400",TG 2 > 15.5,,"16,578,400",rial_unconfirmed,,low,no_manufacturer_sku_column,,true,157
11,"TG 2 > 16 20,828,800",TG 2 > 16,,"20,828,800",rial_unconfirmed,,low,no_manufacturer_sku_column,,true,158
11,"TG 2 > 16.5 20,828,800",TG 2 > 16.5,,"20,828,800",rial_unconfirmed,,low,no_manufacturer_sku_column,,true,159
11,"TG 2 > 17 20,828,800",TG 2 > 17,,"20,828,800",rial_unconfirmed,,low,no_manufacturer_sku_column,,true,160
11,"TG 2 > 17.5 20,828,800",TG 2 > 17.5,,"20,828,800",rial_unconfirmed,,low,no_manufacturer_sku_column,,true,161
11,"TG 2 > 18 22,724,000",TG 2 > 18,,"22,724,000",rial_unconfirmed,,low,no_manufacturer_sku_column,,true,162
11,"TG 2 > 18.5 22,724,000",TG 2 > 18.5,,"22,724,000",rial_unconfirmed,,low,no_manufacturer_sku_column,,true,163
11,"TG 2 > 19 23,644,000",TG 2 > 19,,"23,644,000",rial_unconfirmed,,low,no_manufacturer_sku_column,,true,164
11,"TG 2 > 19.5 23,644,000",TG 2 > 19.5,,"23,644,000",rial_unconfirmed,,low,no_manufacturer_sku_column,,true,165
11,"TG 2 > 20 31,703,200",TG 2 > 20,,"31,703,200",rial_unconfirmed,,low,no_manufacturer_sku_column,,true,166
11,"TG 2 > 20.5 31,703,200",TG 2 > 20.5,,"31,703,200",rial_unconfirmed,,low,no_manufacturer_sku_column,,true,167
11,"TG 2 > 21 32,660,000",TG 2 > 21,,"32,660,000",rial_unconfirmed,,low,no_manufacturer_sku_column,,true,168
11,"TG 2 > 21.5 32,660,000",TG 2 > 21.5,,"32,660,000",rial_unconfirmed,,low,no_manufacturer_sku_column,,true,169
11,"TG 2 > 22 33,598,400",TG 2 > 22,,"33,598,400",rial_unconfirmed,,low,no_manufacturer_sku_column,,true,170
11,"TG 2 > 22.5 33,598,400",TG 2 > 22.5,,"33,598,400",rial_unconfirmed,,low,no_manufacturer_sku_column,,true,171
11,"TG 2 > 23 36,892,000",TG 2 > 23,,"36,892,000",rial_unconfirmed,,low,no_manufacturer_sku_column,,true,172
11,"TG 2 > 23.5 36,892,000",TG 2 > 23.5,,"36,892,000",rial_unconfirmed,,low,no_manufacturer_sku_column,,true,173
11,"TG 2 > 24 42,577,600",TG 2 > 24,,"42,577,600",rial_unconfirmed,,low,no_manufacturer_sku_column,,true,174
11,"TG 2 > 24.5 42,577,600",TG 2 > 24.5,,"42,577,600",rial_unconfirmed,,low,no_manufacturer_sku_column,,true,175
11,"TG 2 > 25 44,472,800",TG 2 > 25,,"44,472,800",rial_unconfirmed,,low,no_manufacturer_sku_column,,true,177
11,"TG 2 > 25.5 44,472,800",TG 2 > 25.5,,"44,472,800",rial_unconfirmed,,low,no_manufacturer_sku_column,,true,178
11,"TG 2 > 26 53,360,000",TG 2 > 26,,"53,360,000",rial_unconfirmed,,low,no_manufacturer_sku_column,,true,179
11,"TG 2 > 26.5 53,360,000",TG 2 > 26.5,,"53,360,000",rial_unconfirmed,,low,no_manufacturer_sku_column,,true,180
11,"TG 2 > 27 55,825,600",TG 2 > 27,,"55,825,600",rial_unconfirmed,,low,no_manufacturer_sku_column,,true,181
11,"TG 2 > 27.5 55,825,600",TG 2 > 27.5,,"55,825,600",rial_unconfirmed,,low,no_manufacturer_sku_column,,true,182
11,"TG 2 > 28 58,659,200",TG 2 > 28,,"58,659,200",rial_unconfirmed,,low,no_manufacturer_sku_column,,true,183
11,"TG 2 > 28.5 58,659,200",TG 2 > 28.5,,"58,659,200",rial_unconfirmed,,low,no_manufacturer_sku_column,,true,184
11,"TG 2 > 29 66,221,600",TG 2 > 29,,"66,221,600",rial_unconfirmed,,low,no_manufacturer_sku_column,,true,185
11,"TG 2 > 29.5 66,221,600",TG 2 > 29.5,,"66,221,600",rial_unconfirmed,,low,no_manufacturer_sku_column,,true,186
11,"TG 2 > 30 74,722,400",TG 2 > 30,,"74,722,400",rial_unconfirmed,,low,no_manufacturer_sku_column,,true,187
11,"TG 2 > 30.5 74,722,400",TG 2 > 30.5,,"74,722,400",rial_unconfirmed,,low,no_manufacturer_sku_column,,true,188
11,"TG 2 > 31 84,180,000",TG 2 > 31,,"84,180,000",rial_unconfirmed,,low,no_manufacturer_sku_column,,true,189
11,"TG 2 > 31.5 84,180,000",TG 2 > 31.5,,"84,180,000",rial_unconfirmed,,low,no_manufacturer_sku_column,,true,190
11,"TG 2 > 32 92,220,800",TG 2 > 32,,"92,220,800",rial_unconfirmed,,low,no_manufacturer_sku_column,,true,191
11,"TG 2 > 32.5 92,220,800",TG 2 > 32.5,,"92,220,800",rial_unconfirmed,,low,no_manufacturer_sku_column,,true,192
11,"TG 2 > 33 103,095,200",TG 2 > 33,,"103,095,200",rial_unconfirmed,,low,no_manufacturer_sku_column,,true,193
11,"TG 2 > 33.5 103,095,200",TG 2 > 33.5,,"103,095,200",rial_unconfirmed,,low,no_manufacturer_sku_column,,true,194
11,"TG 2 > 34 106,867,200",TG 2 > 34,,"106,867,200",rial_unconfirmed,,low,no_manufacturer_sku_column,,true,195
11,"TG 2 > 34.5 106,867,200",TG 2 > 34.5,,"106,867,200",rial_unconfirmed,,low,no_manufacturer_sku_column,,true,196
11,"TG 2 > 35 117,760,000",TG 2 > 35,,"117,760,000",rial_unconfirmed,,low,no_manufacturer_sku_column,,true,197
11,"TG 2 > 35.5 117,760,000",TG 2 > 35.5,,"117,760,000",rial_unconfirmed,,low,no_manufacturer_sku_column,,true,198
11,"TG 2 > 36 118,201,600",TG 2 > 36,,"118,201,600",rial_unconfirmed,,low,no_manufacturer_sku_column,,true,199
11,"TG 2 > 36.5 118,201,600",TG 2 > 36.5,,"118,201,600",rial_unconfirmed,,low,no_manufacturer_sku_column,,true,200
11,"TG 2 > 37 156,988,800",TG 2 > 37,,"156,988,800",rial_unconfirmed,,low,no_manufacturer_sku_column,,true,202
11,"TG 2 > 37.5 156,988,800",TG 2 > 37.5,,"156,988,800",rial_unconfirmed,,low,no_manufacturer_sku_column,,true,203
11,"TG 2 > 38 158,884,000",TG 2 > 38,,"158,884,000",rial_unconfirmed,,low,no_manufacturer_sku_column,,true,204
11,"TG 2 > 38.5 158,884,000",TG 2 > 38.5,,"158,884,000",rial_unconfirmed,,low,no_manufacturer_sku_column,,true,205
11,"TG 2 > 39 160,300,800",TG 2 > 39,,"160,300,800",rial_unconfirmed,,low,no_manufacturer_sku_column,,true,206
11,"TG 2 > 39.5 160,300,800",TG 2 > 39.5,,"160,300,800",rial_unconfirmed,,low,no_manufacturer_sku_column,,true,207
11,"TG 2 > 40 165,600,000",TG 2 > 40,,"165,600,000",rial_unconfirmed,,low,no_manufacturer_sku_column,,true,208
11,"TG 2 > 41 168,801,600",TG 2 > 41,,"168,801,600",rial_unconfirmed,,low,no_manufacturer_sku_column,,true,209
11,"TG 2 > 42 177,780,800",TG 2 > 42,,"177,780,800",rial_unconfirmed,,low,no_manufacturer_sku_column,,true,210
11,"TG 2 > 43 180,632,800",TG 2 > 43,,"180,632,800",rial_unconfirmed,,low,no_manufacturer_sku_column,,true,211
11,"TG 2 > 44 192,924,000",TG 2 > 44,,"192,924,000",rial_unconfirmed,,low,no_manufacturer_sku_column,,true,212
11,"TG 2 > 45 223,192,000",TG 2 > 45,,"223,192,000",rial_unconfirmed,,low,no_manufacturer_sku_column,,true,213
11,"TG 2 > 46 226,964,000",TG 2 > 46,,"226,964,000",rial_unconfirmed,,low,no_manufacturer_sku_column,,true,214
11,"TG 2 > 47 256,753,600",TG 2 > 47,,"256,753,600",rial_unconfirmed,,low,no_manufacturer_sku_column,,true,215
11,"TG 2 > 48 266,689,600",TG 2 > 48,,"266,689,600",rial_unconfirmed,,low,no_manufacturer_sku_column,,true,216
11,"TG 2 > 49 274,712,000",TG 2 > 49,,"274,712,000",rial_unconfirmed,,low,no_manufacturer_sku_column,,true,217
11,"TG 2 > 50 277,564,000",TG 2 > 50,,"277,564,000",rial_unconfirmed,,low,no_manufacturer_sku_column,,true,218
11,"TG 2 > 51 306,415,200",TG 2 > 51,,"306,415,200",rial_unconfirmed,,low,no_manufacturer_sku_column,,true,219
11,"TG 2 > 52 306,415,200",TG 2 > 52,,"306,415,200",rial_unconfirmed,,low,no_manufacturer_sku_column,,true,220
11,"TG 2 > 53 314,916,000",TG 2 > 53,,"314,916,000",rial_unconfirmed,,low,no_manufacturer_sku_column,,true,221
11,"TG 2 > 54 320,564,800",TG 2 > 54,,"320,564,800",rial_unconfirmed,,low,no_manufacturer_sku_column,,true,222
11,"TG 2 > 55 326,250,400",TG 2 > 55,,"326,250,400",rial_unconfirmed,,low,no_manufacturer_sku_column,,true,223
11,"TG 2 > 56 373,060,000",TG 2 > 56,,"373,060,000",rial_unconfirmed,,low,no_manufacturer_sku_column,,true,224
11,"TG 2 > 57 386,308,000",TG 2 > 57,,"386,308,000",rial_unconfirmed,,low,no_manufacturer_sku_column,,true,225
11,"TG 2 > 58 399,556,000",TG 2 > 58,,"399,556,000",rial_unconfirmed,,low,no_manufacturer_sku_column,,true,227
11,"TG 2 > 59 413,264,000",TG 2 > 59,,"413,264,000",rial_unconfirmed,,low,no_manufacturer_sku_column,,true,228
11,"TG 2 > 60 426,475,200",TG 2 > 60,,"426,475,200",rial_unconfirmed,,low,no_manufacturer_sku_column,,true,229
11,"TG 2 > 65 600,005,600",TG 2 > 65,,"600,005,600",rial_unconfirmed,,low,no_manufacturer_sku_column,,true,230
11,"TG 2 > 66 613,732,000",TG 2 > 66,,"613,732,000",rial_unconfirmed,,low,no_manufacturer_sku_column,,true,231
11,"TG 2 > 67 638,756,000",TG 2 > 67,,"638,756,000",rial_unconfirmed,,low,no_manufacturer_sku_column,,true,232
11,"TG 2 > 68 639,712,800",TG 2 > 68,,"639,712,800",rial_unconfirmed,,low,no_manufacturer_sku_column,,true,233
11,"TG 2 > 69 666,190,400",TG 2 > 69,,"666,190,400",rial_unconfirmed,,low,no_manufacturer_sku_column,,true,234
11,"TG 2 > 70 692,686,400",TG 2 > 70,,"692,686,400",rial_unconfirmed,,low,no_manufacturer_sku_column,,true,235
11,"QLR F "" 0-25 51,200,000","QLR F "" 0-25",,"51,200,000",rial_unconfirmed,,low,no_manufacturer_sku_column,,true,236
11,"QLR F "" 25-50 52,000,000","QLR F "" 25-50",,"52,000,000",rial_unconfirmed,,low,no_manufacturer_sku_column,,true,237
11,"QLR F "" 50-75 56,000,000","QLR F "" 50-75",,"56,000,000",rial_unconfirmed,,low,no_manufacturer_sku_column,,true,238
11,"QLR F "" 75-100 63,000,000","QLR F "" 75-100",,"63,000,000",rial_unconfirmed,,low,no_manufacturer_sku_column,,true,239
11,"QLR F "" 100-125 80,000,000","QLR F "" 100-125",,"80,000,000",rial_unconfirmed,,low,no_manufacturer_sku_column,,true,240
11,"QLR F "" 125-150 89,000,000","QLR F "" 125-150",,"89,000,000",rial_unconfirmed,,low,no_manufacturer_sku_column,,true,241
11,"QLR F "" 150-175 128,000,000","QLR F "" 150-175",,"128,000,000",rial_unconfirmed,,low,no_manufacturer_sku_column,,true,242
11,"QLR F "" 175-200 132,000,000","QLR F "" 175-200",,"132,000,000",rial_unconfirmed,,low,no_manufacturer_sku_column,,true,243
11,"QLR F "" 200-225 143,000,000","QLR F "" 200-225",,"143,000,000",rial_unconfirmed,,low,no_manufacturer_sku_column,,true,244
11,"QLR F "" 225-250 150,000,000","QLR F "" 225-250",,"150,000,000",rial_unconfirmed,,low,no_manufacturer_sku_column,,true,245
11,"QLR F "" 250-275 160,000,000","QLR F "" 250-275",,"160,000,000",rial_unconfirmed,,low,no_manufacturer_sku_column,,true,246
11,"QLR F "" 275-300 180,000,000","QLR F "" 275-300",,"180,000,000",rial_unconfirmed,,low,no_manufacturer_sku_column,,true,247
11,"QLR F "" 300-400 624,000,000","QLR F "" 300-400",,"624,000,000",rial_unconfirmed,,low,no_manufacturer_sku_column,,true,248
11,"QLR F "" 400-500 624,000,000","QLR F "" 400-500",,"624,000,000",rial_unconfirmed,,low,no_manufacturer_sku_column,,true,249
11,"QLR F "" 500-600 752,000,000","QLR F "" 500-600",,"752,000,000",rial_unconfirmed,,low,no_manufacturer_sku_column,,true,250
11,"QLR F "" 600-700 880,000,000","QLR F "" 600-700",,"880,000,000",rial_unconfirmed,,low,no_manufacturer_sku_column,,true,252
11,"QLR F "" 700-800 1,216,000,000","QLR F "" 700-800",,"1,216,000,000",rial_unconfirmed,,low,no_manufacturer_sku_column,,true,253
11,"QLR F "" 800-900 1,244,000,000","QLR F "" 800-900",,"1,244,000,000",rial_unconfirmed,,low,no_manufacturer_sku_column,,true,254
11,"QLR F "" 900-1000 1,343,000,000","QLR F "" 900-1000",,"1,343,000,000",rial_unconfirmed,,low,no_manufacturer_sku_column,,true,255
11,"QLR F "" 1000-1200 2,552,000,000","QLR F "" 1000-1200",,"2,552,000,000",rial_unconfirmed,,low,no_manufacturer_sku_column,,true,256
11,"QLR * + , F "" 25-50 142,000,000","QLR * + , F "" 25-50",,"142,000,000",rial_unconfirmed,,low,no_manufacturer_sku_column,,true,257
11,"QLR * + , F "" 50-75 155,000,000","QLR * + , F "" 50-75",,"155,000,000",rial_unconfirmed,,low,no_manufacturer_sku_column,,true,258
11,"GL = + , F "" 0-25 144,000,000","GL = + , F "" 0-25",,"144,000,000",rial_unconfirmed,,low,no_manufacturer_sku_column,,true,259
11,"GL = + , F "" 25-50 144,000,000","GL = + , F "" 25-50",,"144,000,000",rial_unconfirmed,,low,no_manufacturer_sku_column,,true,260
11,"GL = + , F "" 50-75 148,000,000","GL = + , F "" 50-75",,"148,000,000",rial_unconfirmed,,low,no_manufacturer_sku_column,,true,261
11,"GL = + , F "" 75-100 151,000,000","GL = + , F "" 75-100",,"151,000,000",rial_unconfirmed,,low,no_manufacturer_sku_column,,true,262
11,"G! HI ! 3 6,789,600",G! HI ! 3,,"6,789,600",rial_unconfirmed,,low,no_manufacturer_sku_column,,true,263
11,"G! HI ! 4 8,298,400",G! HI ! 4,,"8,298,400",rial_unconfirmed,,low,no_manufacturer_sku_column,,true,264
11,"G! HI ! 5 9,991,200",G! HI ! 5,,"9,991,200",rial_unconfirmed,,low,no_manufacturer_sku_column,,true,265
11,"J$ ! HI ! 6 4,163,000",J$ ! HI ! 6,,"4,163,000",rial_unconfirmed,,low,no_manufacturer_sku_column,,true,266
11,"J$ ! HI ! 8 5,485,500",J$ ! HI ! 8,,"5,485,500",rial_unconfirmed,,low,no_manufacturer_sku_column,,true,267
11,"J$ ! HI ! 10 8,303,000",J$ ! HI ! 10,,"8,303,000",rial_unconfirmed,,low,no_manufacturer_sku_column,,true,268
11,"J$ ! HI ! 12 11,304,500",J$ ! HI ! 12,,"11,304,500",rial_unconfirmed,,low,no_manufacturer_sku_column,,true,269
11,"J$ ! HI ! 14 11,304,500",J$ ! HI ! 14,,"11,304,500",rial_unconfirmed,,low,no_manufacturer_sku_column,,true,270
11,"J$ ! HI ! 16 15,870,000",J$ ! HI ! 16,,"15,870,000",rial_unconfirmed,,low,no_manufacturer_sku_column,,true,271
11,"J$ ! HI ! 18 22,229,500",J$ ! HI ! 18,,"22,229,500",rial_unconfirmed,,low,no_manufacturer_sku_column,,true,272
11,"J$ ! HI ! 20 29,762,000",J$ ! HI ! 20,,"29,762,000",rial_unconfirmed,,low,no_manufacturer_sku_column,,true,273
11,"J$ ! HI ! 25 51,520,000",J$ ! HI ! 25,,"51,520,000",rial_unconfirmed,,low,no_manufacturer_sku_column,,true,274
11,", @ HI ! 14 18,032,000",", @ HI ! 14",,"18,032,000",rial_unconfirmed,,low,no_manufacturer_sku_column,,true,275
