product_id,brand,sku,current_base_price,proposed_base_price,price_delta,price_source_id,price_source_url,price_source_date,price_source_value,price_rule,unit,identity_match,snapshot_sha256
2111,MITUTOYO,145-185,38830000.00,45160000,6330000.00,mitutoyoiran:74,https://www.mitutoyoiran.com/product/%d9%85%db%8c%da%a9%d8%b1%d9%88%d9%85%d8%aa%d8%b1-%d9%88%d8%b1%d9%86%db%8c%d9%87-%d8%b3%d8%a7%d8%af%d9%87-%db%b3%db%b0-%db%b5-%d9%85%db%8c%d9%84%db%8c%d9%85%d8%aa%d8%b1%db%8c-%d8%af%d8%a7%d8%ae%d9%84/,2026-09-09T13:20:11Z,45160000,KARZAR_PRICE=CURRENT_MITUTOYOIRAN_CUSTOMER_PRICE,IRT_toman_major_unit0,EXACT_MODEL,079a2a6d73870d59d4a30b1d60e3096c218e0dde81679e46e658edb65a2e071a
2112,MITUTOYO,104-136A,87910000.00,102237500,14327500.00,mitutoyoiran:75,https://www.mitutoyoiran.com/product/%d9%85%db%8c%da%a9%d8%b1%d9%88%d9%85%d8%aa%d8%b1-%d9%88%d8%b1%d9%86%db%8c%d9%87-%d8%b3%d8%a7%d8%af%d9%87-%db%b3%db%b0%db%b0-%db%b1%db%b5%db%b0%d9%85%db%8c%d9%84%db%8c%d9%85%d8%aa%d8%b1%db%8c-%d8%b3/,2026-09-09T13:20:11Z,102237500,KARZAR_PRICE=CURRENT_MITUTOYOIRAN_CUSTOMER_PRICE,IRT_toman_major_unit0,EXACT_SKU,079a2a6d73870d59d4a30b1d60e3096c218e0dde81679e46e658edb65a2e071a
2113,MITUTOYO,340-252,190960000.00,222052500,31092500.00,mitutoyoiran:76,https://www.mitutoyoiran.com/product/%d9%85%db%8c%da%a9%d8%b1%d9%88%d9%85%d8%aa%d8%b1-%d8%af%db%8c%d8%ac%db%8c%d8%aa%d8%a7%d9%84-%db%b3%db%b0%db%b0-%db%b1%db%b5%db%b0%d9%85%db%8c%d9%84%db%8c%d9%85%d8%aa%d8%b1%db%8c-%d8%b3%d8%b1%d8%aa/,2026-09-09T13:20:11Z,222052500,KARZAR_PRICE=CURRENT_MITUTOYOIRAN_CUSTOMER_PRICE,IRT_toman_major_unit0,EXACT_MODEL,079a2a6d73870d59d4a30b1d60e3096c218e0dde81679e46e658edb65a2e071a
2114,MITUTOYO,340-251,147190000.00,171150000,23960000.00,mitutoyoiran:77,https://www.mitutoyoiran.com/product/%d9%85%db%8c%da%a9%d8%b1%d9%88%d9%85%d8%aa%d8%b1-%d8%af%db%8c%d8%ac%db%8c%d8%aa%d8%a7%d9%84%db%b1%db%b5%db%b0-%db%b0-%d9%85%db%8c%d9%84%db%8c%d9%85%d8%aa%d8%b1%db%8c-%d8%b3%d8%b1%d8%aa%d8%b9%d9%88/,2026-09-09T13:20:11Z,171150000,KARZAR_PRICE=CURRENT_MITUTOYOIRAN_CUSTOMER_PRICE,IRT_toman_major_unit0,EXACT_MODEL,079a2a6d73870d59d4a30b1d60e3096c218e0dde81679e46e658edb65a2e071a
2116,MITUTOYO,500-196,29140000.00,33892500,4752500.00,mitutoyoiran:111,https://www.mitutoyoiran.com/product/%da%a9%d9%88%d9%84%db%8c%d8%b3-%d8%af%db%8c%d8%ac%db%8c%d8%aa%d8%a7%d9%84-%db%b1%db%b5%db%b0-%db%b0%d9%85%db%8c%d9%84%db%8c%d9%85%d8%aa%d8%b1-%d9%88-%db%b6-%db%b0-%d8%a7%db%8c%d9%86%da%86/,2026-09-09T13:20:11Z,33892500,KARZAR_PRICE=CURRENT_MITUTOYOIRAN_CUSTOMER_PRICE,IRT_toman_major_unit0,EXACT_MODEL,079a2a6d73870d59d4a30b1d60e3096c218e0dde81679e46e658edb65a2e071a
2118,MITUTOYO,500-197,35540000.00,41350000,5810000.00,mitutoyoiran:119,https://www.mitutoyoiran.com/product/%da%a9%d9%88%d9%84%db%8c%d8%b3-%d8%af%db%8c%d8%ac%db%8c%d8%aa%d8%a7%d9%84-%db%b2%db%b0%db%b0-%db%b0-%d9%85%db%8c%d9%84%db%8c%d9%85%d8%aa%d8%b1-%d9%88-%db%b8-%db%b0-%d8%a7%db%8c%d9%86%da%86/,2026-09-09T13:20:11Z,41350000,KARZAR_PRICE=CURRENT_MITUTOYOIRAN_CUSTOMER_PRICE,IRT_toman_major_unit0,EXACT_MODEL,079a2a6d73870d59d4a30b1d60e3096c218e0dde81679e46e658edb65a2e071a
2121,MITUTOYO,129-153,59130000.00,68762500,9632500.00,mitutoyoiran:169,https://www.mitutoyoiran.com/product/%d9%85%db%8c%da%a9%d8%b1%d9%88%d9%85%d8%aa%d8%b1-%d8%b9%d9%85%d9%82-%d8%b3%d9%86%d8%ac-%d9%88%d8%b1%d9%86%db%8c%d9%87-%db%b2%db%b5-%db%b0-%d9%85%db%8c%d9%84%db%8c%d9%85%d8%aa%d8%b1/,2026-09-09T13:20:11Z,68762500,KARZAR_PRICE=CURRENT_MITUTOYOIRAN_CUSTOMER_PRICE,IRT_toman_major_unit0,EXACT_MODEL,079a2a6d73870d59d4a30b1d60e3096c218e0dde81679e46e658edb65a2e071a
2123,MITUTOYO,527-121,22670000.00,26362500,3692500.00,mitutoyoiran:178,https://www.mitutoyoiran.com/product/%da%a9%d9%88%d9%84%db%8c%d8%b3-%d8%b9%d9%85%d9%82-%d8%b3%d9%86%d8%ac-%d9%88%d8%b1%d9%86%db%8c%d9%87-%db%b1%db%b5%db%b0-%db%b0-%d9%85%db%8c%d9%84%db%8c%d9%85%d8%aa%d8%b1/,2026-09-09T13:20:11Z,26362500,KARZAR_PRICE=CURRENT_MITUTOYOIRAN_CUSTOMER_PRICE,IRT_toman_major_unit0,EXACT_MODEL,079a2a6d73870d59d4a30b1d60e3096c218e0dde81679e46e658edb65a2e071a
2124,MITUTOYO,2050A,19010000.00,22112500,3102500.00,mitutoyoiran:195,https://www.mitutoyoiran.com/product/%d8%b3%d8%a7%d8%b9%d8%aa-%d8%a7%d9%86%d8%af%db%8c%da%a9%d8%a7%d8%aa%d9%88%d8%b1-%da%a9%d9%88%d8%b1%d8%b3%db%b2%db%b0-%d9%85%db%8c%d9%84%db%8c%d9%85%d8%aa%d8%b1/,2026-09-09T13:20:11Z,22112500,KARZAR_PRICE=CURRENT_MITUTOYOIRAN_CUSTOMER_PRICE,IRT_toman_major_unit0,EXACT_SKU_AND_MODEL,079a2a6d73870d59d4a30b1d60e3096c218e0dde81679e46e658edb65a2e071a
2125,MITUTOYO,2052A,25470000.00,29625000,4155000.00,mitutoyoiran:196,https://www.mitutoyoiran.com/product/%d8%b3%d8%a7%d8%b9%d8%aa-%d8%a7%d9%86%d8%af%db%8c%da%a9%d8%a7%d8%aa%d9%88%d8%b1-%da%a9%d9%88%d8%b1%d8%b3%db%b3%db%b0-%d9%85%db%8c%d9%84%db%8c%d9%85%d8%aa%d8%b1/,2026-09-09T13:20:11Z,29625000,KARZAR_PRICE=CURRENT_MITUTOYOIRAN_CUSTOMER_PRICE,IRT_toman_major_unit0,EXACT_SKU_AND_MODEL,079a2a6d73870d59d4a30b1d60e3096c218e0dde81679e46e658edb65a2e071a
2136,MITUTOYO,156-101,12780000.00,14862500,2082500.00,mitutoyoiran:296,https://www.mitutoyoiran.com/product/%d9%be%d8%a7%db%8c%d9%87-%d9%85%db%8c%da%a9%d8%b1%d9%88%d9%85%d8%aa%d8%b1-%d9%85%d8%aa%d9%88%d8%b3%d8%b7-%d9%85%d8%af%d9%84-%d9%85%d8%aa%d9%88%d8%b3%d8%b7/,2026-09-09T13:20:11Z,14862500,KARZAR_PRICE=CURRENT_MITUTOYOIRAN_CUSTOMER_PRICE,IRT_toman_major_unit0,EXACT_MODEL,079a2a6d73870d59d4a30b1d60e3096c218e0dde81679e46e658edb65a2e071a
2138,MITUTOYO,513-401E,24600000.00,28605000,4005000.00,mitutoyoiran:446,https://www.mitutoyoiran.com/product/%d8%b3%d8%a7%d8%b9%d8%aa-%d8%b4%db%8c%d8%b7%d8%a7%d9%86%da%a9%db%8c-%d8%b4%db%8c%d8%b7%d9%88%d9%86%da%a9%db%8c-%d8%b1%d9%86%d8%ac-%d8%a7%d9%86%d8%af%d8%a7%d8%b2%d9%87-%da%af%db%8c%d8%b1%db%8c-%db%b0-5/,2026-09-09T13:20:11Z,28605000,KARZAR_PRICE=CURRENT_MITUTOYOIRAN_CUSTOMER_PRICE,IRT_toman_major_unit0,EXACT_SKU,079a2a6d73870d59d4a30b1d60e3096c218e0dde81679e46e658edb65a2e071a
2140,MITUTOYO,901312,760000.00,884000,124000.00,mitutoyoiran:2870,https://www.mitutoyoiran.com/product/%d9%be%d8%b1%d8%a7%d8%a8-%d8%a7%d8%b3%d8%aa%d8%a7%d9%86%d8%af%d8%a7%d8%b1%d8%af-%d8%b3%d8%a7%d8%b9%d8%aa-%d8%a7%d9%86%d8%af%db%8c%da%a9%d8%a7%d8%aa%d9%88%d8%b1/,2026-09-09T13:20:11Z,884000,KARZAR_PRICE=CURRENT_MITUTOYOIRAN_CUSTOMER_PRICE,IRT_toman_major_unit0,EXACT_SKU_AND_MODEL,079a2a6d73870d59d4a30b1d60e3096c218e0dde81679e46e658edb65a2e071a
2141,MITUTOYO,293-831,31390000.00,36505000,5115000.00,mitutoyoiran:2964,https://www.mitutoyoiran.com/product/%d9%85%db%8c%da%a9%d8%b1%d9%88%d9%85%d8%aa%d8%b1-%d8%af%db%8c%d8%ac%db%8c%d8%aa%d8%a7%d9%84-25-0-%d9%85%db%8c%d9%84%db%8c%d9%85%d8%aa%d8%b1-%d8%af%d9%82%d8%aa-%d9%87%d8%b2%d8%a7%d8%b1%d9%85/,2026-09-09T13:20:11Z,36505000,KARZAR_PRICE=CURRENT_MITUTOYOIRAN_CUSTOMER_PRICE,IRT_toman_major_unit0,EXACT_MODEL,079a2a6d73870d59d4a30b1d60e3096c218e0dde81679e46e658edb65a2e071a
2142,MITUTOYO,395-271,82030000.00,95390000,13360000.00,mitutoyoiran:2967,https://www.mitutoyoiran.com/product/%d9%85%db%8c%da%a9%d8%b1%d9%88%d9%85%d8%aa%d8%b1-%d8%af%db%8c%d8%ac%db%8c%d8%aa%d8%a7%d9%8425-0-%d9%85%db%8c%d9%84%db%8c%d9%85%d8%aa%d8%b1-%d8%b3%d8%b1-%da%a9%d8%b1%d9%88%db%8c%da%af%d8%b1%d8%af/,2026-09-09T13:20:11Z,95390000,KARZAR_PRICE=CURRENT_MITUTOYOIRAN_CUSTOMER_PRICE,IRT_toman_major_unit0,EXACT_MODEL,079a2a6d73870d59d4a30b1d60e3096c218e0dde81679e46e658edb65a2e071a
2143,MITUTOYO,500-754,78290000.00,91045000,12755000.00,mitutoyoiran:2970,https://www.mitutoyoiran.com/product/%da%a9%d9%88%d9%84%db%8c%d8%b3-30-%d8%b3%d8%a7%d9%86%d8%aa-%d8%af%db%8c%d8%ac%db%8c%d8%aa%d8%a7%d9%84-%d8%b6%d8%af-%d8%a2%d8%a8/,2026-09-09T13:20:11Z,91045000,KARZAR_PRICE=CURRENT_MITUTOYOIRAN_CUSTOMER_PRICE,IRT_toman_major_unit0,EXACT_MODEL,079a2a6d73870d59d4a30b1d60e3096c218e0dde81679e46e658edb65a2e071a
2144,MITUTOYO,186-105,6440000.00,7497500,1057500.00,mitutoyoiran:2993,https://www.mitutoyoiran.com/product/%d9%81%db%8c%d9%84%d8%b1-%d8%b4%d8%b9%d8%a7%d8%b9-%d8%b3%d9%86%d8%ac-r-%d8%b3%d9%86%d8%ac/,2026-09-09T13:20:11Z,7497500,KARZAR_PRICE=CURRENT_MITUTOYOIRAN_CUSTOMER_PRICE,IRT_toman_major_unit0,EXACT_MODEL,079a2a6d73870d59d4a30b1d60e3096c218e0dde81679e46e658edb65a2e071a
2145,MITUTOYO,7301A,17860000.00,20777500,2917500.00,mitutoyoiran:3015,https://www.mitutoyoiran.com/product/%d8%b6%d8%ae%d8%a7%d9%85%d8%aa-%d8%b3%d9%86%d8%ac-%d9%88%d8%b1%d9%82-10-0-%d9%85%db%8c%d9%84%db%8c-%d9%85%d8%aa%d8%b1-%d9%85%db%8c%d8%aa%d9%88%d8%aa%d9%88%db%8c%d9%88/,2026-09-09T13:20:11Z,20777500,KARZAR_PRICE=CURRENT_MITUTOYOIRAN_CUSTOMER_PRICE,IRT_toman_major_unit0,EXACT_SKU,079a2a6d73870d59d4a30b1d60e3096c218e0dde81679e46e658edb65a2e071a
2146,MITUTOYO,186-106,8170000.00,9500000,1330000.00,mitutoyoiran:3044,https://www.mitutoyoiran.com/product/%d8%b4%d8%a7%d8%a8%d9%84%d9%88%d9%86-%d8%b4%d8%b9%d8%a7%d8%b9-%d8%b3%d9%86%d8%ac-7-5-%d8%aa%d8%a7-15-%d9%85%db%8c%d9%84%db%8c%d9%85%d8%aa%d8%b1/,2026-09-09T13:20:11Z,9500000,KARZAR_PRICE=CURRENT_MITUTOYOIRAN_CUSTOMER_PRICE,IRT_toman_major_unit0,EXACT_MODEL,079a2a6d73870d59d4a30b1d60e3096c218e0dde81679e46e658edb65a2e071a
2147,MITUTOYO,186-107,14850000.00,17272500,2422500.00,mitutoyoiran:3048,https://www.mitutoyoiran.com/product/%d8%b4%d8%a7%d8%a8%d9%84%d9%88%d9%86-%d8%b4%d8%b9%d8%a7%d8%b9-%d8%b3%d9%86%d8%ac-25-%d8%aa%d8%a7-15-5-%d9%85%db%8c%d9%84%db%8c%d9%85%d8%aa%d8%b1/,2026-09-09T13:20:11Z,17272500,KARZAR_PRICE=CURRENT_MITUTOYOIRAN_CUSTOMER_PRICE,IRT_toman_major_unit0,EXACT_MODEL,079a2a6d73870d59d4a30b1d60e3096c218e0dde81679e46e658edb65a2e071a
2148,MITUTOYO,511-711,37890000.00,44062500,6172500.00,mitutoyoiran:3386,https://www.mitutoyoiran.com/product/%d8%a8%d9%88%d8%b1%da%af%db%8c%d8%ac-%d8%af%d8%a7%d8%ae%d9%84-%d8%b3%d9%86%d8%ac-%db%b3%db%b5-%db%b1%db%b8-%d9%85%db%8c%d9%84%db%8c%d9%85%d8%aa%d8%b1/,2026-09-09T13:20:11Z,44062500,KARZAR_PRICE=CURRENT_MITUTOYOIRAN_CUSTOMER_PRICE,IRT_toman_major_unit0,EXACT_MODEL,079a2a6d73870d59d4a30b1d60e3096c218e0dde81679e46e658edb65a2e071a
2149,MITUTOYO,511-712,38900000.00,45237500,6337500.00,mitutoyoiran:3387,https://www.mitutoyoiran.com/product/%d8%a8%d9%88%d8%b1%da%af%db%8c%d8%ac-%d8%af%d8%a7%d8%ae%d9%84-%d8%b3%d9%86%d8%ac-%db%b6%db%b0-%db%b3%db%b5-%d9%85%db%8c%d9%84%db%8c%d9%85%d8%aa%d8%b1/,2026-09-09T13:20:11Z,45237500,KARZAR_PRICE=CURRENT_MITUTOYOIRAN_CUSTOMER_PRICE,IRT_toman_major_unit0,EXACT_MODEL,079a2a6d73870d59d4a30b1d60e3096c218e0dde81679e46e658edb65a2e071a
2150,MITUTOYO,511-713,42950000.00,49952500,7002500.00,mitutoyoiran:3388,https://www.mitutoyoiran.com/product/%d8%a8%d9%88%d8%b1%da%af%db%8c%d8%ac-%d8%af%d8%a7%d8%ae%d9%84-%d8%b3%d9%86%d8%ac-%db%b1%db%b5%db%b0-%db%b5%db%b0-%d9%85%db%8c%d9%84%db%8c%d9%85%d8%aa%d8%b1/,2026-09-09T13:20:11Z,49952500,KARZAR_PRICE=CURRENT_MITUTOYOIRAN_CUSTOMER_PRICE,IRT_toman_major_unit0,EXACT_MODEL,079a2a6d73870d59d4a30b1d60e3096c218e0dde81679e46e658edb65a2e071a
2152,MITUTOYO,511-715,71690000.00,83362500,11672500.00,mitutoyoiran:3390,https://www.mitutoyoiran.com/product/%d8%a8%d9%88%d8%b1%da%af%db%8c%d8%ac-%d8%af%d8%a7%d8%ae%d9%84-%d8%b3%d9%86%d8%ac-%db%b2%db%b5%db%b0-%db%b1%db%b6%db%b0-%d9%85%db%8c%d9%84%db%8c%d9%85%d8%aa%d8%b1/,2026-09-09T13:20:11Z,83362500,KARZAR_PRICE=CURRENT_MITUTOYOIRAN_CUSTOMER_PRICE,IRT_toman_major_unit0,EXACT_MODEL,079a2a6d73870d59d4a30b1d60e3096c218e0dde81679e46e658edb65a2e071a
2153,MITUTOYO,511-716,89710000.00,104325000,14615000.00,mitutoyoiran:3391,https://www.mitutoyoiran.com/product/%d8%a8%d9%88%d8%b1%da%af%db%8c%d8%ac-%d8%af%d8%a7%d8%ae%d9%84-%d8%b3%d9%86%d8%ac-%db%b4%db%b0%db%b0-%db%b2%db%b5%db%b0-%d9%85%db%8c%d9%84%db%8c%d9%85%d8%aa%d8%b1/,2026-09-09T13:20:11Z,104325000,KARZAR_PRICE=CURRENT_MITUTOYOIRAN_CUSTOMER_PRICE,IRT_toman_major_unit0,EXACT_MODEL,079a2a6d73870d59d4a30b1d60e3096c218e0dde81679e46e658edb65a2e071a
2154,MITUTOYO,511-721,47330000.00,55042500,7712500.00,mitutoyoiran:3392,https://www.mitutoyoiran.com/product/%d8%a8%d9%88%d8%b1%da%af%db%8c%d8%ac-%d8%af%d8%a7%d8%ae%d9%84-%d8%b3%d9%86%d8%ac-%db%b3%db%b5-%db%b1%db%b8-%d9%85%db%8c%d9%84%db%8c%d9%85%d8%aa%d8%b1-2/,2026-09-09T13:20:11Z,55042500,KARZAR_PRICE=CURRENT_MITUTOYOIRAN_CUSTOMER_PRICE,IRT_toman_major_unit0,EXACT_MODEL,079a2a6d73870d59d4a30b1d60e3096c218e0dde81679e46e658edb65a2e071a
2155,MITUTOYO,511-722,48350000.00,56227500,7877500.00,mitutoyoiran:3393,https://www.mitutoyoiran.com/product/%d8%a8%d9%88%d8%b1%da%af%db%8c%d8%ac-%d8%af%d8%a7%d8%ae%d9%84-%d8%b3%d9%86%d8%ac-%db%b6%db%b0-%db%b3%db%b5-%d9%85%db%8c%d9%84%db%8c%d9%85%d8%aa%d8%b1-2/,2026-09-09T13:20:11Z,56227500,KARZAR_PRICE=CURRENT_MITUTOYOIRAN_CUSTOMER_PRICE,IRT_toman_major_unit0,EXACT_MODEL,079a2a6d73870d59d4a30b1d60e3096c218e0dde81679e46e658edb65a2e071a
2156,MITUTOYO,511-723,52640000.00,61210000,8570000.00,mitutoyoiran:3394,https://www.mitutoyoiran.com/product/%d8%a8%d9%88%d8%b1%da%af%db%8c%d8%ac-%d8%af%d8%a7%d8%ae%d9%84-%d8%b3%d9%86%d8%ac-%db%b1%db%b5%db%b0-%db%b5%db%b0-%d9%85%db%8c%d9%84%db%8c%d9%85%d8%aa%d8%b1-2/,2026-09-09T13:20:11Z,61210000,KARZAR_PRICE=CURRENT_MITUTOYOIRAN_CUSTOMER_PRICE,IRT_toman_major_unit0,EXACT_MODEL,079a2a6d73870d59d4a30b1d60e3096c218e0dde81679e46e658edb65a2e071a
2159,MITUTOYO,511-211,34850000.00,40527500,5677500.00,mitutoyoiran:3397,https://www.mitutoyoiran.com/product/%d8%a8%d9%88%d8%b1%da%af%db%8c%d8%ac-%d8%af%d8%a7%d8%ae%d9%84-%d8%b3%d9%86%d8%ac-%db%b1%db%b0-%db%b6-%d9%85%db%8c%d9%84%db%8c%d9%85%d8%aa%d8%b1/,2026-09-09T13:20:11Z,40527500,KARZAR_PRICE=CURRENT_MITUTOYOIRAN_CUSTOMER_PRICE,IRT_toman_major_unit0,EXACT_MODEL,079a2a6d73870d59d4a30b1d60e3096c218e0dde81679e46e658edb65a2e071a
2163,MITUTOYO,293-821,30580000.00,35567500,4987500.00,mitutoyoiran:3402,https://www.mitutoyoiran.com/product/%d9%85%db%8c%da%a9%d8%b1%d9%88%d9%85%d8%aa%d8%b1-%d8%af%db%8c%d8%ac%db%8c%d8%aa%d8%a7%d9%84-%db%b2%db%b5-%db%b0-%d9%85%db%8c%d9%84%db%8c%d9%85%d8%aa%d8%b1/,2026-09-09T13:20:11Z,35567500,KARZAR_PRICE=CURRENT_MITUTOYOIRAN_CUSTOMER_PRICE,IRT_toman_major_unit0,EXACT_MODEL,079a2a6d73870d59d4a30b1d60e3096c218e0dde81679e46e658edb65a2e071a
2164,MITUTOYO,293-240,32190000.00,37440000,5250000.00,mitutoyoiran:3403,https://www.mitutoyoiran.com/product/%d9%85%db%8c%da%a9%d8%b1%d9%88%d9%85%d8%aa%d8%b1-%d8%af%db%8c%d8%ac%db%8c%d8%aa%d8%a7%d9%84-%db%b2%db%b5-%db%b0-%d9%85%db%8c%d9%84%db%8c%d9%85%d8%aa%d8%b1-2/,2026-09-09T13:20:11Z,37440000,KARZAR_PRICE=CURRENT_MITUTOYOIRAN_CUSTOMER_PRICE,IRT_toman_major_unit0,EXACT_MODEL,079a2a6d73870d59d4a30b1d60e3096c218e0dde81679e46e658edb65a2e071a
2165,MITUTOYO,293-241,39620000.00,46080000,6460000.00,mitutoyoiran:3404,https://www.mitutoyoiran.com/product/%d9%85%db%8c%da%a9%d8%b1%d9%88%d9%85%d8%aa%d8%b1-%d8%af%db%8c%d8%ac%db%8c%d8%aa%d8%a7%d9%84-%db%b5%db%b0-%db%b2%db%b5-%d9%85%db%8c%d9%84%db%8c%d9%85%d8%aa%d8%b1/,2026-09-09T13:20:11Z,46080000,KARZAR_PRICE=CURRENT_MITUTOYOIRAN_CUSTOMER_PRICE,IRT_toman_major_unit0,EXACT_MODEL,079a2a6d73870d59d4a30b1d60e3096c218e0dde81679e46e658edb65a2e071a
2166,MITUTOYO,293-242,48340000.00,56220000,7880000.00,mitutoyoiran:3405,https://www.mitutoyoiran.com/product/%d9%85%db%8c%da%a9%d8%b1%d9%88%d9%85%d8%aa%d8%b1-%d8%af%db%8c%d8%ac%db%8c%d8%aa%d8%a7%d9%84-%db%b7%db%b5-%db%b5%db%b0-%d9%85%db%8c%d9%84%db%8c%d9%85%d8%aa%d8%b1/,2026-09-09T13:20:11Z,56220000,KARZAR_PRICE=CURRENT_MITUTOYOIRAN_CUSTOMER_PRICE,IRT_toman_major_unit0,EXACT_MODEL,079a2a6d73870d59d4a30b1d60e3096c218e0dde81679e46e658edb65a2e071a
2167,MITUTOYO,293-243,51730000.00,60160000,8430000.00,mitutoyoiran:3406,https://www.mitutoyoiran.com/product/%d9%85%db%8c%da%a9%d8%b1%d9%88%d9%85%d8%aa%d8%b1-%d8%af%db%8c%d8%ac%db%8c%d8%aa%d8%a7%d9%84-%db%b1%db%b0%db%b0-%db%b7%db%b5-%d9%85%db%8c%d9%84%db%8c%d9%85%d8%aa%d8%b1/,2026-09-09T13:20:11Z,60160000,KARZAR_PRICE=CURRENT_MITUTOYOIRAN_CUSTOMER_PRICE,IRT_toman_major_unit0,EXACT_MODEL,079a2a6d73870d59d4a30b1d60e3096c218e0dde81679e46e658edb65a2e071a
2168,MITUTOYO,103-137,8830000.00,10270000,1440000.00,mitutoyoiran:3407,https://www.mitutoyoiran.com/product/%d9%85%db%8c%da%a9%d8%b1%d9%88%d9%85%d8%aa%d8%b1-%d8%b3%d8%a7%d8%af%d9%87-%db%b2%db%b5-%db%b0-%d9%85%db%8c%d9%84%db%8c%d9%85%d8%aa%d8%b1-3/,2026-09-09T13:20:11Z,10270000,KARZAR_PRICE=CURRENT_MITUTOYOIRAN_CUSTOMER_PRICE,IRT_toman_major_unit0,EXACT_MODEL,079a2a6d73870d59d4a30b1d60e3096c218e0dde81679e46e658edb65a2e071a
2169,MITUTOYO,103-138,11480000.00,13352500,1872500.00,mitutoyoiran:3408,https://www.mitutoyoiran.com/product/%d9%85%db%8c%da%a9%d8%b1%d9%88%d9%85%d8%aa%d8%b1-%d8%af%db%8c%d8%ac%db%8c%d8%aa%d8%a7%d9%84-%db%b5%db%b0-%db%b2%db%b5-%d9%85%db%8c%d9%84%db%8c%d9%85%d8%aa%d8%b1-2/,2026-09-09T13:20:11Z,13352500,KARZAR_PRICE=CURRENT_MITUTOYOIRAN_CUSTOMER_PRICE,IRT_toman_major_unit0,EXACT_MODEL,079a2a6d73870d59d4a30b1d60e3096c218e0dde81679e46e658edb65a2e071a
2170,MITUTOYO,103-139,13500000.00,15702500,2202500.00,mitutoyoiran:3409,https://www.mitutoyoiran.com/product/%d9%85%db%8c%da%a9%d8%b1%d9%88%d9%85%d8%aa%d8%b1-%d8%b3%d8%a7%d8%af%d9%87-%db%b7%db%b5-%db%b5%db%b0-%d9%85%db%8c%d9%84%db%8c%d9%85%d8%aa%d8%b1-2/,2026-09-09T13:20:11Z,15702500,KARZAR_PRICE=CURRENT_MITUTOYOIRAN_CUSTOMER_PRICE,IRT_toman_major_unit0,EXACT_MODEL,079a2a6d73870d59d4a30b1d60e3096c218e0dde81679e46e658edb65a2e071a
2171,MITUTOYO,103-140,14830000.00,17250000,2420000.00,mitutoyoiran:3410,https://www.mitutoyoiran.com/product/%d9%85%db%8c%da%a9%d8%b1%d9%88%d9%85%d8%aa%d8%b1-%d9%88%d8%b1%d9%86%db%8c%d9%87-%d8%b3%d8%a7%d8%af%d9%87-%db%b1%db%b0%db%b0-%db%b7%db%b5-%d9%85%db%8c%d9%84%db%8c%d9%85%d8%aa%d8%b1/,2026-09-09T13:20:11Z,17250000,KARZAR_PRICE=CURRENT_MITUTOYOIRAN_CUSTOMER_PRICE,IRT_toman_major_unit0,EXACT_MODEL,079a2a6d73870d59d4a30b1d60e3096c218e0dde81679e46e658edb65a2e071a
2172,MITUTOYO,103-141,20180000.00,23470000,3290000.00,mitutoyoiran:3411,https://www.mitutoyoiran.com/product/%d9%85%db%8c%da%a9%d8%b1%d9%88%d9%85%d8%aa%d8%b1-%d9%88%d8%b1%d9%86%db%8c%d9%87-%d8%b3%d8%a7%d8%af%d9%87-%db%b1%db%b2%db%b5-%db%b1%db%b0%db%b0%d9%85%db%8c%d9%84%db%8c%d9%85%d8%aa%d8%b1/,2026-09-09T13:20:11Z,23470000,KARZAR_PRICE=CURRENT_MITUTOYOIRAN_CUSTOMER_PRICE,IRT_toman_major_unit0,EXACT_MODEL,079a2a6d73870d59d4a30b1d60e3096c218e0dde81679e46e658edb65a2e071a
2173,MITUTOYO,103-142,22090000.00,25690000,3600000.00,mitutoyoiran:3412,https://www.mitutoyoiran.com/product/%d9%85%db%8c%da%a9%d8%b1%d9%88%d9%85%d8%aa%d8%b1-%d9%88%d8%b1%d9%86%db%8c%d9%87-%d8%b3%d8%a7%d8%af%d9%87-%db%b1%db%b5%db%b0-%db%b1%db%b2%db%b5%d9%85%db%8c%d9%84%db%8c%d9%85%d8%aa%d8%b1/,2026-09-09T13:20:11Z,25690000,KARZAR_PRICE=CURRENT_MITUTOYOIRAN_CUSTOMER_PRICE,IRT_toman_major_unit0,EXACT_MODEL,079a2a6d73870d59d4a30b1d60e3096c218e0dde81679e46e658edb65a2e071a
2174,MITUTOYO,137-202,41220000.00,47932500,6712500.00,mitutoyoiran:3413,https://www.mitutoyoiran.com/product/%d9%85%db%8c%da%a9%d8%b1%d9%88%d9%85%d8%aa%d8%b1-%d9%88%d8%b1%d9%86%db%8c%d9%87-%d8%b3%d8%a7%d8%af%d9%87-%d9%84%d9%88%d9%84%d9%87-%d8%a7%db%8c-%db%b3%db%b0%db%b0-%db%b5%db%b0-%d9%85%db%8c%d9%84%db%8c/,2026-09-09T13:20:11Z,47932500,KARZAR_PRICE=CURRENT_MITUTOYOIRAN_CUSTOMER_PRICE,IRT_toman_major_unit0,EXACT_MODEL,079a2a6d73870d59d4a30b1d60e3096c218e0dde81679e46e658edb65a2e071a
2175,MITUTOYO,137-203,48930000.00,56902500,7972500.00,mitutoyoiran:3414,https://www.mitutoyoiran.com/product/%d9%85%db%8c%da%a9%d8%b1%d9%88%d9%85%d8%aa%d8%b1-%d9%88%d8%b1%d9%86%db%8c%d9%87-%d8%b3%d8%a7%d8%af%d9%87-%d9%84%d9%88%d9%84%d9%87-%d8%a7%db%8c-%db%b5%db%b0%db%b0-%db%b5%db%b0-%d9%85%db%8c%d9%84%db%8c/,2026-09-09T13:20:11Z,56902500,KARZAR_PRICE=CURRENT_MITUTOYOIRAN_CUSTOMER_PRICE,IRT_toman_major_unit0,EXACT_MODEL,079a2a6d73870d59d4a30b1d60e3096c218e0dde81679e46e658edb65a2e071a
2176,MITUTOYO,137-204,72290000.00,84065000,11775000.00,mitutoyoiran:3415,https://www.mitutoyoiran.com/product/%d9%85%db%8c%da%a9%d8%b1%d9%88%d9%85%d8%aa%d8%b1-%d9%88%d8%b1%d9%86%db%8c%d9%87-%d8%b3%d8%a7%d8%af%d9%87-%d9%84%d9%88%d9%84%d9%87-%d8%a7%db%8c-%db%b1%db%b0%db%b0%db%b0-%db%b5%db%b0-%d9%85%db%8c%d9%84/,2026-09-09T13:20:11Z,84065000,KARZAR_PRICE=CURRENT_MITUTOYOIRAN_CUSTOMER_PRICE,IRT_toman_major_unit0,EXACT_MODEL,079a2a6d73870d59d4a30b1d60e3096c218e0dde81679e46e658edb65a2e071a
2177,MITUTOYO,137-205,92310000.00,107337500,15027500.00,mitutoyoiran:3416,https://www.mitutoyoiran.com/product/%d9%85%db%8c%da%a9%d8%b1%d9%88%d9%85%d8%aa%d8%b1-%d9%88%d8%b1%d9%86%db%8c%d9%87-%d8%b3%d8%a7%d8%af%d9%87-%d9%84%d9%88%d9%84%d9%87-%d8%a7%db%8c-%db%b1%db%b5%db%b0%db%b0-%db%b5%db%b0-%d9%85%db%8c%d9%84/,2026-09-09T13:20:11Z,107337500,KARZAR_PRICE=CURRENT_MITUTOYOIRAN_CUSTOMER_PRICE,IRT_toman_major_unit0,EXACT_MODEL,079a2a6d73870d59d4a30b1d60e3096c218e0dde81679e46e658edb65a2e071a
2178,MITUTOYO,123-101,26890000.00,31272500,4382500.00,mitutoyoiran:3417,https://www.mitutoyoiran.com/product/%d9%85%db%8c%da%a9%d8%b1%d9%88%d9%85%d8%aa%d8%b1-%d9%88%d8%b1%d9%86%db%8c%d9%87-%d8%b3%d8%a7%d8%af%d9%87-%d8%a8%d8%b4%d9%82%d8%a7%d8%a8%db%8c-%db%b2%db%b5-%db%b0%d9%85%db%8c%d9%84%db%8c%d9%85%d8%aa/,2026-09-09T13:20:11Z,31272500,KARZAR_PRICE=CURRENT_MITUTOYOIRAN_CUSTOMER_PRICE,IRT_toman_major_unit0,EXACT_MODEL,079a2a6d73870d59d4a30b1d60e3096c218e0dde81679e46e658edb65a2e071a
2179,MITUTOYO,115-215,14910000.00,17340000,2430000.00,mitutoyoiran:3418,https://www.mitutoyoiran.com/product/%d9%85%db%8c%da%a9%d8%b1%d9%88%d9%85%d8%aa%d8%b1-%d9%88%d8%b1%d9%86%db%8c%d9%87-%d8%b3%d8%a7%d8%af%d9%87-25-0%d9%85%db%8c%d9%84%db%8c%d9%85%d8%aa%d8%b1-%d8%b3%d8%b1-%da%a9%d8%b1%d9%88%db%8c/,2026-09-09T13:20:11Z,17340000,KARZAR_PRICE=CURRENT_MITUTOYOIRAN_CUSTOMER_PRICE,IRT_toman_major_unit0,EXACT_MODEL,079a2a6d73870d59d4a30b1d60e3096c218e0dde81679e46e658edb65a2e071a
2180,MITUTOYO,112-153,24390000.00,28362500,3972500.00,mitutoyoiran:3419,https://www.mitutoyoiran.com/product/%d9%85%db%8c%da%a9%d8%b1%d9%88%d9%85%d8%aa%d8%b1-%d9%88%d8%b1%d9%86%db%8c%d9%87-%d8%b3%d8%a7%d8%af%d9%87-%db%b2%db%b5-%db%b0%d9%85%db%8c%d9%84%db%8c%d9%85%d8%aa%d8%b1%db%8c-%d9%be%d9%88%db%8c%d9%86/,2026-09-09T13:20:11Z,28362500,KARZAR_PRICE=CURRENT_MITUTOYOIRAN_CUSTOMER_PRICE,IRT_toman_major_unit0,EXACT_MODEL,079a2a6d73870d59d4a30b1d60e3096c218e0dde81679e46e658edb65a2e071a
2183,MITUTOYO,500-173,78290000.00,91045000,12755000.00,mitutoyoiran:3422,https://www.mitutoyoiran.com/product/%da%a9%d9%88%d9%84%db%8c%d8%b3-%d8%af%db%8c%d8%ac%db%8c%d8%aa%d8%a7%d9%84-%db%b3%db%b0%db%b0-%db%b0-%d9%85%db%8c%d9%84%db%8c%d9%85%d8%aa%d8%b1-%d9%88-%db%b1%db%b2-%db%b0-%d8%a7%db%8c%d9%86%da%86/,2026-09-09T13:20:11Z,91045000,KARZAR_PRICE=CURRENT_MITUTOYOIRAN_CUSTOMER_PRICE,IRT_toman_major_unit0,EXACT_MODEL,079a2a6d73870d59d4a30b1d60e3096c218e0dde81679e46e658edb65a2e071a
2190,MITUTOYO,573-601,87490000.00,101742500,14252500.00,mitutoyoiran:3429,https://www.mitutoyoiran.com/product/%da%a9%d9%88%d9%84%db%8c%d8%b3-%d8%af%db%8c%d8%ac%db%8c%d8%aa%d8%a7%d9%84-%db%b1%db%b5%db%b0-%db%b0-%d9%85%db%8c%d9%84%db%8c%d9%85%d8%aa%d8%b1/,2026-09-09T13:20:11Z,101742500,KARZAR_PRICE=CURRENT_MITUTOYOIRAN_CUSTOMER_PRICE,IRT_toman_major_unit0,EXACT_MODEL,079a2a6d73870d59d4a30b1d60e3096c218e0dde81679e46e658edb65a2e071a
2197,MITUTOYO,530-312,9490000.00,11042500,1552500.00,mitutoyoiran:3436,https://www.mitutoyoiran.com/product/%da%a9%d9%88%d9%84%db%8c%d8%b3-%d9%88%d8%b1%d9%86%db%8c%d9%87-%d8%b3%d8%a7%d8%af%d9%87-%db%b1%db%b5%db%b0-%db%b0-%d9%85%db%8c%d9%84%db%8c%d9%85%d8%aa%d8%b1-%d9%88-%db%b6-%db%b0-%d8%a7%db%8c%d9%86/,2026-09-09T13:20:11Z,11042500,KARZAR_PRICE=CURRENT_MITUTOYOIRAN_CUSTOMER_PRICE,IRT_toman_major_unit0,EXACT_MODEL,079a2a6d73870d59d4a30b1d60e3096c218e0dde81679e46e658edb65a2e071a
2198,MITUTOYO,530-118,12540000.00,14587500,2047500.00,mitutoyoiran:3437,https://www.mitutoyoiran.com/product/%da%a9%d9%88%d9%84%db%8c%d8%b3-%d9%88%d8%b1%d9%86%db%8c%d9%87-%d8%b3%d8%a7%d8%af%d9%87-%db%b2%db%b0%db%b0-%db%b0-%d9%85%db%8c%d9%84%db%8c%d9%85%d8%aa%d8%b1-%d9%88-%db%b8-%db%b0-%d8%a7%db%8c%d9%86/,2026-09-09T13:20:11Z,14587500,KARZAR_PRICE=CURRENT_MITUTOYOIRAN_CUSTOMER_PRICE,IRT_toman_major_unit0,EXACT_MODEL,079a2a6d73870d59d4a30b1d60e3096c218e0dde81679e46e658edb65a2e071a
2199,MITUTOYO,530-119,27480000.00,31955000,4475000.00,mitutoyoiran:3438,https://www.mitutoyoiran.com/product/%da%a9%d9%88%d9%84%db%8c%d8%b3-%d9%88%d8%b1%d9%86%db%8c%d9%87-%d8%b3%d8%a7%d8%af%d9%87-%db%b3%db%b0%db%b0-%db%b0-%d9%85%db%8c%d9%84%db%8c%d9%85%d8%aa%d8%b1/,2026-09-09T13:20:11Z,31955000,KARZAR_PRICE=CURRENT_MITUTOYOIRAN_CUSTOMER_PRICE,IRT_toman_major_unit0,EXACT_MODEL,079a2a6d73870d59d4a30b1d60e3096c218e0dde81679e46e658edb65a2e071a
2204,MITUTOYO,505-730,18960000.00,22055000,3095000.00,mitutoyoiran:3443,https://www.mitutoyoiran.com/product/%da%a9%d9%88%d9%84%db%8c%d8%b3-%d8%b3%d8%a7%d8%b9%d8%aa%db%8c-%db%b1%db%b5%db%b0-%db%b0-%d9%85%db%8c%d9%84%db%8c%d9%85%d8%aa%d8%b1/,2026-09-09T13:20:11Z,22055000,KARZAR_PRICE=CURRENT_MITUTOYOIRAN_CUSTOMER_PRICE,IRT_toman_major_unit0,EXACT_MODEL,079a2a6d73870d59d4a30b1d60e3096c218e0dde81679e46e658edb65a2e071a
2205,MITUTOYO,505-732,20830000.00,24227500,3397500.00,mitutoyoiran:3444,https://www.mitutoyoiran.com/product/%da%a9%d9%88%d9%84%db%8c%d8%b3-%d8%b3%d8%a7%d8%b9%d8%aa%db%8c-%db%b1%db%b5%db%b0-%db%b0-%d9%85%db%8c%d9%84%db%8c%d9%85%d8%aa%d8%b1-2/,2026-09-09T13:20:11Z,24227500,KARZAR_PRICE=CURRENT_MITUTOYOIRAN_CUSTOMER_PRICE,IRT_toman_major_unit0,EXACT_MODEL,079a2a6d73870d59d4a30b1d60e3096c218e0dde81679e46e658edb65a2e071a
2206,MITUTOYO,505-731,26520000.00,30842500,4322500.00,mitutoyoiran:3445,https://www.mitutoyoiran.com/product/%da%a9%d9%88%d9%84%db%8c%d8%b3-%d8%b3%d8%a7%d8%b9%d8%aa%db%8c-%db%b2%db%b0%db%b0-%db%b0-%d9%85%db%8c%d9%84%db%8c%d9%85%d8%aa%d8%b1/,2026-09-09T13:20:11Z,30842500,KARZAR_PRICE=CURRENT_MITUTOYOIRAN_CUSTOMER_PRICE,IRT_toman_major_unit0,EXACT_MODEL,079a2a6d73870d59d4a30b1d60e3096c218e0dde81679e46e658edb65a2e071a
2207,MITUTOYO,505-733,28530000.00,33185000,4655000.00,mitutoyoiran:3446,https://www.mitutoyoiran.com/product/%da%a9%d9%88%d9%84%db%8c%d8%b3-%d8%b3%d8%a7%d8%b9%d8%aa%db%8c-%db%b2%db%b0%db%b0-%db%b0-%d9%85%db%8c%d9%84%db%8c%d9%85%d8%aa%d8%b1-2/,2026-09-09T13:20:11Z,33185000,KARZAR_PRICE=CURRENT_MITUTOYOIRAN_CUSTOMER_PRICE,IRT_toman_major_unit0,EXACT_MODEL,079a2a6d73870d59d4a30b1d60e3096c218e0dde81679e46e658edb65a2e071a
2208,MITUTOYO,505-745,38690000.00,44992500,6302500.00,mitutoyoiran:3447,https://www.mitutoyoiran.com/product/%da%a9%d9%88%d9%84%db%8c%d8%b3-%d8%b3%d8%a7%d8%b9%d8%aa%db%8c-%db%b3%db%b0%db%b0-%db%b0-%d9%85%db%8c%d9%84%db%8c%d9%85%d8%aa%d8%b1/,2026-09-09T13:20:11Z,44992500,KARZAR_PRICE=CURRENT_MITUTOYOIRAN_CUSTOMER_PRICE,IRT_toman_major_unit0,EXACT_MODEL,079a2a6d73870d59d4a30b1d60e3096c218e0dde81679e46e658edb65a2e071a
2225,MITUTOYO,527-122,24480000.00,28467500,3987500.00,mitutoyoiran:3464,https://www.mitutoyoiran.com/product/%da%a9%d9%88%d9%84%db%8c%d8%b3-%d8%b9%d9%85%d9%82-%d8%b3%d9%86%d8%ac-%d9%88%d8%b1%d9%86%db%8c%d9%87-%db%b2%db%b0%db%b0-%db%b0-%d9%85%db%8c%d9%84%db%8c%d9%85%d8%aa%d8%b1-2/,2026-09-09T13:20:11Z,28467500,KARZAR_PRICE=CURRENT_MITUTOYOIRAN_CUSTOMER_PRICE,IRT_toman_major_unit0,EXACT_MODEL,079a2a6d73870d59d4a30b1d60e3096c218e0dde81679e46e658edb65a2e071a
2226,MITUTOYO,527-123,30460000.00,35422500,4962500.00,mitutoyoiran:3465,https://www.mitutoyoiran.com/product/%da%a9%d9%88%d9%84%db%8c%d8%b3-%d8%b9%d9%85%d9%82-%d8%b3%d9%86%d8%ac-%d9%88%d8%b1%d9%86%db%8c%d9%87-%db%b3%db%b0%db%b0-%db%b0-%d9%85%db%8c%d9%84%db%8c%d9%85%d8%aa%d8%b1/,2026-09-09T13:20:11Z,35422500,KARZAR_PRICE=CURRENT_MITUTOYOIRAN_CUSTOMER_PRICE,IRT_toman_major_unit0,EXACT_MODEL,079a2a6d73870d59d4a30b1d60e3096c218e0dde81679e46e658edb65a2e071a
2228,MITUTOYO,7211A,41950000.00,48790000,6840000.00,mitutoyoiran:3467,https://www.mitutoyoiran.com/product/%d8%b9%d9%85%d9%82-%d8%b3%d9%86%d8%ac-%d8%b3%d8%a7%d8%b9%d8%aa%db%8c-%db%b2%db%b0%db%b0-%db%b0-%d9%85%db%8c%d9%84%db%8c%d9%85%d8%aa%d8%b1/,2026-09-09T13:20:11Z,48790000,KARZAR_PRICE=CURRENT_MITUTOYOIRAN_CUSTOMER_PRICE,IRT_toman_major_unit0,EXACT_SKU,079a2a6d73870d59d4a30b1d60e3096c218e0dde81679e46e658edb65a2e071a
2230,MITUTOYO,1044A,12830000.00,14925000,2095000.00,mitutoyoiran:3469,https://www.mitutoyoiran.com/product/%d8%b3%d8%a7%d8%b9%d8%aa-%d8%a7%d9%86%d8%af%db%8c%da%a9%d8%a7%d8%aa%d9%88%d8%b1-%da%a9%d9%88%d8%b1%d8%b3-%db%b5-%d9%85%db%8c%d9%84%db%8c%d9%85%d8%aa%d8%b1/,2026-09-09T13:20:11Z,14925000,KARZAR_PRICE=CURRENT_MITUTOYOIRAN_CUSTOMER_PRICE,IRT_toman_major_unit0,EXACT_SKU_AND_MODEL,079a2a6d73870d59d4a30b1d60e3096c218e0dde81679e46e658edb65a2e071a
2231,MITUTOYO,1109A-10,,44282500,,mitutoyoiran:3470,https://www.mitutoyoiran.com/product/%d8%b3%d8%a7%d8%b9%d8%aa-%d8%a7%d9%86%d8%af%db%8c%da%a9%d8%a7%d8%aa%d9%88%d8%b1-%da%a9%d9%88%d8%b1%d8%b3-%db%b1-%d9%85%db%8c%d9%84%db%8c%d9%85%d8%aa%d8%b1-2/,2026-09-09T13:20:11Z,44282500,KARZAR_PRICE=CURRENT_MITUTOYOIRAN_CUSTOMER_PRICE,IRT_toman_major_unit0,EXACT_SKU,079a2a6d73870d59d4a30b1d60e3096c218e0dde81679e46e658edb65a2e071a
2235,MITUTOYO,3058A-19,33890000.00,39412500,5522500.00,mitutoyoiran:3474,https://www.mitutoyoiran.com/product/%d8%b3%d8%a7%d8%b9%d8%aa-%d8%a7%d9%86%d8%af%db%8c%da%a9%d8%a7%d8%aa%d9%88%d8%b1-%da%a9%d9%88%d8%b1%d8%b3-%db%b5%db%b0-%d9%85%db%8c%d9%84%db%8c%d9%85%d8%aa%d8%b1/,2026-09-09T13:20:11Z,39412500,KARZAR_PRICE=CURRENT_MITUTOYOIRAN_CUSTOMER_PRICE,IRT_toman_major_unit0,EXACT_SKU_AND_MODEL,079a2a6d73870d59d4a30b1d60e3096c218e0dde81679e46e658edb65a2e071a
2237,MITUTOYO,3062A-19,86400000.00,100467500,14067500.00,mitutoyoiran:3476,https://www.mitutoyoiran.com/product/%d8%b3%d8%a7%d8%b9%d8%aa-%d8%a7%d9%86%d8%af%db%8c%da%a9%d8%a7%d8%aa%d9%88%d8%b1-%da%a9%d9%88%d8%b1%d8%b3-%db%b1%db%b0%db%b0-%d9%85%db%8c%d9%84%db%8c%d9%85%d8%aa%d8%b1/,2026-09-09T13:20:11Z,100467500,KARZAR_PRICE=CURRENT_MITUTOYOIRAN_CUSTOMER_PRICE,IRT_toman_major_unit0,EXACT_SKU_AND_MODEL,079a2a6d73870d59d4a30b1d60e3096c218e0dde81679e46e658edb65a2e071a
2238,MITUTOYO,1960A,29420000.00,34215000,4795000.00,mitutoyoiran:3477,https://www.mitutoyoiran.com/product/%d8%b3%d8%a7%d8%b9%d8%aa-%d8%a7%d9%86%d8%af%db%8c%da%a9%d8%a7%d8%aa%d9%88%d8%b1-%da%a9%d9%88%d8%b1%d8%b3-%db%b1-%d9%85%db%8c%d9%84%db%8c%d9%85%d8%aa%d8%b1-4/,2026-09-09T13:20:11Z,34215000,KARZAR_PRICE=CURRENT_MITUTOYOIRAN_CUSTOMER_PRICE,IRT_toman_major_unit0,EXACT_SKU_AND_MODEL,079a2a6d73870d59d4a30b1d60e3096c218e0dde81679e46e658edb65a2e071a
2239,MITUTOYO,1160A,25810000.00,30020000,4210000.00,mitutoyoiran:3478,https://www.mitutoyoiran.com/product/%d8%b3%d8%a7%d8%b9%d8%aa-%d8%a7%d9%86%d8%af%db%8c%da%a9%d8%a7%d8%aa%d9%88%d8%b1-%da%a9%d9%88%d8%b1%d8%b3-%db%b5-%d9%85%db%8c%d9%84%db%8c%d9%85%d8%aa%d8%b1-2/,2026-09-09T13:20:11Z,30020000,KARZAR_PRICE=CURRENT_MITUTOYOIRAN_CUSTOMER_PRICE,IRT_toman_major_unit0,EXACT_SKU_AND_MODEL,079a2a6d73870d59d4a30b1d60e3096c218e0dde81679e46e658edb65a2e071a
2240,MITUTOYO,543-790B,64430000.00,74927500,10497500.00,mitutoyoiran:3479,https://www.mitutoyoiran.com/product/%d8%b3%d8%a7%d8%b9%d8%aa-%d8%a7%d9%86%d8%af%db%8c%da%a9%d8%a7%d8%aa%d9%88%d8%b1-%da%a9%d9%88%d8%b1%d8%b3-%db%b1%db%b2%d9%ab%db%b7-%d9%85%db%8c%d9%84%db%8c%d9%85%d8%aa%d8%b1/,2026-09-09T13:20:11Z,74927500,KARZAR_PRICE=CURRENT_MITUTOYOIRAN_CUSTOMER_PRICE,IRT_toman_major_unit0,EXACT_SKU,079a2a6d73870d59d4a30b1d60e3096c218e0dde81679e46e658edb65a2e071a
2241,MITUTOYO,543-781,30840000.00,35862500,5022500.00,mitutoyoiran:3480,https://www.mitutoyoiran.com/product/%d8%b3%d8%a7%d8%b9%d8%aa-%d8%a7%d9%86%d8%af%db%8c%da%a9%d8%a7%d8%aa%d9%88%d8%b1-%da%a9%d9%88%d8%b1%d8%b3-%db%b1%db%b2%d9%ab%db%b7-%d9%85%db%8c%d9%84%db%8c%d9%85%d8%aa%d8%b1-2/,2026-09-09T13:20:11Z,35862500,KARZAR_PRICE=CURRENT_MITUTOYOIRAN_CUSTOMER_PRICE,IRT_toman_major_unit0,EXACT_MODEL,079a2a6d73870d59d4a30b1d60e3096c218e0dde81679e46e658edb65a2e071a
2242,MITUTOYO,543-791,,81535000,,mitutoyoiran:3481,https://www.mitutoyoiran.com/product/%d8%b3%d8%a7%d8%b9%d8%aa-%d8%a7%d9%86%d8%af%db%8c%da%a9%d8%a7%d8%aa%d9%88%d8%b1-%da%a9%d9%88%d8%b1%d8%b3-%db%b1%db%b2%d9%ab%db%b7-%d9%85%db%8c%d9%84%db%8c%d9%85%d8%aa%d8%b1%db%b0%d9%ab%db%b5-%d8%a7/,2026-09-09T13:20:11Z,81535000,KARZAR_PRICE=CURRENT_MITUTOYOIRAN_CUSTOMER_PRICE,IRT_toman_major_unit0,EXACT_MODEL,079a2a6d73870d59d4a30b1d60e3096c218e0dde81679e46e658edb65a2e071a
2244,MITUTOYO,543-725B,99940000.00,116210000,16270000.00,mitutoyoiran:3483,https://www.mitutoyoiran.com/product/%d8%b3%d8%a7%d8%b9%d8%aa-%d8%a7%d9%86%d8%af%db%8c%da%a9%d8%a7%d8%aa%d9%88%d8%b1-%da%a9%d9%88%d8%b1%d8%b3-%db%b2%db%b5%d9%ab%db%b4-%d9%85%db%8c%d9%84%db%8c%d9%85%d8%aa%d8%b1/,2026-09-09T13:20:11Z,116210000,KARZAR_PRICE=CURRENT_MITUTOYOIRAN_CUSTOMER_PRICE,IRT_toman_major_unit0,EXACT_SKU,079a2a6d73870d59d4a30b1d60e3096c218e0dde81679e46e658edb65a2e071a
2253,MITUTOYO,368-913,,541612500,,mitutoyoiran:3492,https://www.mitutoyoiran.com/product/%d8%b3%d9%87-%d9%81%da%a9-%d8%af%d8%a7%d8%ae%d9%84-%d8%af%db%8c%d8%ac%db%8c%d8%aa%d8%a7%d9%84-%db%b2%db%b0-%db%b1%db%b2-%d9%85%db%8c%d9%84%db%8c%d9%85%d8%aa%d8%b1-2/,2026-09-09T13:20:11Z,541612500,KARZAR_PRICE=CURRENT_MITUTOYOIRAN_CUSTOMER_PRICE,IRT_toman_major_unit0,EXACT_MODEL,079a2a6d73870d59d4a30b1d60e3096c218e0dde81679e46e658edb65a2e071a
2255,MITUTOYO,368-167,86350000.00,100407500,14057500.00,mitutoyoiran:3495,https://www.mitutoyoiran.com/product/%d8%b3%d9%87-%d9%81%da%a9-%d8%af%d8%a7%d8%ae%d9%84-%d9%88%d8%b1%d9%86%db%8c%d9%87-%d8%b3%d8%a7%d8%af%d9%87-%db%b3%db%b0-%db%b2%db%b5-%d9%85%db%8c%d9%84%db%8c%d9%85%d8%aa%d8%b1/,2026-09-09T13:20:11Z,100407500,KARZAR_PRICE=CURRENT_MITUTOYOIRAN_CUSTOMER_PRICE,IRT_toman_major_unit0,EXACT_MODEL,079a2a6d73870d59d4a30b1d60e3096c218e0dde81679e46e658edb65a2e071a
2256,MITUTOYO,368-172,,152645000,,mitutoyoiran:3496,https://www.mitutoyoiran.com/product/%d8%b3%d9%87-%d9%81%da%a9-%d8%af%d8%a7%d8%ae%d9%84-%d9%88%d8%b1%d9%86%db%8c%d9%87-%d8%b3%d8%a7%d8%af%d9%87-%db%b8%db%b8-%db%b7%db%b5-%d9%85%db%8c%d9%84%db%8c%d9%85%d8%aa%d8%b1/,2026-09-09T13:20:11Z,152645000,KARZAR_PRICE=CURRENT_MITUTOYOIRAN_CUSTOMER_PRICE,IRT_toman_major_unit0,EXACT_MODEL,079a2a6d73870d59d4a30b1d60e3096c218e0dde81679e46e658edb65a2e071a
2257,MITUTOYO,368-173,136750000.00,159022500,22272500.00,mitutoyoiran:3497,https://www.mitutoyoiran.com/product/%d8%b3%d9%87-%d9%81%da%a9-%d8%af%d8%a7%d8%ae%d9%84-%d9%88%d8%b1%d9%86%db%8c%d9%87-%d8%b3%d8%a7%d8%af%d9%87-%db%b1%db%b0%db%b0-%db%b8%db%b7-%d9%85%db%8c%d9%84%db%8c%d9%85%d8%aa%d8%b1/,2026-09-09T13:20:11Z,159022500,KARZAR_PRICE=CURRENT_MITUTOYOIRAN_CUSTOMER_PRICE,IRT_toman_major_unit0,EXACT_MODEL,079a2a6d73870d59d4a30b1d60e3096c218e0dde81679e46e658edb65a2e071a
2260,MITUTOYO,516-967,156530000.00,182022500,25492500.00,mitutoyoiran:3500,https://www.mitutoyoiran.com/product/%da%af%db%8c%d8%ac-%d8%a8%d9%84%d8%a7%da%a9-%da%af%db%8c%d8%ac-%d8%a8%d9%84%d9%88%da%a9-%db%b6%db%b0-%db%b1-%d9%85%db%8c%d9%84%db%8c%d9%85%d8%aa%d8%b1/,2026-09-09T13:20:11Z,182022500,KARZAR_PRICE=CURRENT_MITUTOYOIRAN_CUSTOMER_PRICE,IRT_toman_major_unit0,EXACT_MODEL,079a2a6d73870d59d4a30b1d60e3096c218e0dde81679e46e658edb65a2e071a
2266,MITUTOYO,7010S-10,17250000.00,20065000,2815000.00,mitutoyoiran:3506,https://www.mitutoyoiran.com/product/%d9%be%d8%a7%db%8c%d9%87-%d8%b3%d8%a7%d8%b9%d8%aa-%d9%85%da%af%d9%86%d8%aa%db%8c-%d9%85%d8%af%d9%84-%d9%85%db%8c%d9%84%d9%87-%d8%a7%db%8c-2/,2026-09-09T13:20:11Z,20065000,KARZAR_PRICE=CURRENT_MITUTOYOIRAN_CUSTOMER_PRICE,IRT_toman_major_unit0,EXACT_SKU,079a2a6d73870d59d4a30b1d60e3096c218e0dde81679e46e658edb65a2e071a
2267,MITUTOYO,7011S-10,18480000.00,21500000,3020000.00,mitutoyoiran:3507,https://www.mitutoyoiran.com/product/%d9%be%d8%a7%db%8c%d9%87-%d8%b3%d8%a7%d8%b9%d8%aa-%d9%85%da%af%d9%86%d8%aa%db%8c-%d9%85%d8%af%d9%84-%d9%85%db%8c%d9%84%d9%87-%d8%a7%db%8c-3/,2026-09-09T13:20:11Z,21500000,KARZAR_PRICE=CURRENT_MITUTOYOIRAN_CUSTOMER_PRICE,IRT_toman_major_unit0,EXACT_SKU,079a2a6d73870d59d4a30b1d60e3096c218e0dde81679e46e658edb65a2e071a
2269,MITUTOYO,7014,18220000.00,21192500,2972500.00,mitutoyoiran:3509,https://www.mitutoyoiran.com/product/%d9%be%d8%a7%db%8c%d9%87-%d8%b3%d8%a7%d8%b9%d8%aa-%d9%85%da%af%d9%86%d8%aa%db%8c-%da%a9%d9%88%da%86%da%a9/,2026-09-09T13:20:11Z,21192500,KARZAR_PRICE=CURRENT_MITUTOYOIRAN_CUSTOMER_PRICE,IRT_toman_major_unit0,EXACT_SKU_AND_MODEL,079a2a6d73870d59d4a30b1d60e3096c218e0dde81679e46e658edb65a2e071a
2270,MITUTOYO,7033,,128787500,,mitutoyoiran:3510,https://www.mitutoyoiran.com/product/%d9%be%d8%a7%db%8c%d9%87-%d8%b3%d8%a7%d8%b9%d8%aa-%d9%85%da%af%d9%86%d8%aa%db%8c-%d9%85%d8%af%d9%84-%d9%85%d9%81%d8%b5%d9%84%db%8c/,2026-09-09T13:20:11Z,128787500,KARZAR_PRICE=CURRENT_MITUTOYOIRAN_CUSTOMER_PRICE,IRT_toman_major_unit0,EXACT_SKU_AND_MODEL,079a2a6d73870d59d4a30b1d60e3096c218e0dde81679e46e658edb65a2e071a
2276,MITUTOYO,513-414E,24270000.00,28222500,3952500.00,mitutoyoiran:3516,https://www.mitutoyoiran.com/product/%d8%b3%d8%a7%d8%b9%d8%aa-%d8%b4%db%8c%d8%b7%d8%a7%d9%86%da%a9%db%8c-%d8%b4%db%8c%d8%b7%d9%88%d9%86%da%a9%db%8c-%d8%b1%d9%86%d8%ac-%d8%a7%d9%86%d8%af%d8%a7%d8%b2%d9%87-%da%af%db%8c%d8%b1%db%8c-%db%b0-2/,2026-09-09T13:20:11Z,28222500,KARZAR_PRICE=CURRENT_MITUTOYOIRAN_CUSTOMER_PRICE,IRT_toman_major_unit0,EXACT_SKU,079a2a6d73870d59d4a30b1d60e3096c218e0dde81679e46e658edb65a2e071a
2283,MITUTOYO,511-204,40120000.00,46660000,6540000.00,mitutoyoiran:3570,https://www.mitutoyoiran.com/product/%d8%a8%d9%88%d8%b1%da%af%db%8c%d8%ac-%d8%af%d8%a7%d8%ae%d9%84-%d8%b3%d9%86%d8%ac-%db%b1%db%b8%d9%ab%db%b5-%db%b1%db%b0-%d9%85%db%8c%d9%84%db%8c%d9%85%d8%aa%d8%b1-2/,2026-09-09T13:20:11Z,46660000,KARZAR_PRICE=CURRENT_MITUTOYOIRAN_CUSTOMER_PRICE,IRT_toman_major_unit0,EXACT_MODEL,079a2a6d73870d59d4a30b1d60e3096c218e0dde81679e46e658edb65a2e071a
2286,MITUTOYO,2046A,8340000.00,9702500,1362500.00,mitutoyoiran:3618,https://www.mitutoyoiran.com/product/%d8%b3%d8%a7%d8%b9%d8%aa-%d8%a7%d9%86%d8%af%db%8c%da%a9%d8%a7%d8%aa%d9%88%d8%b1-%da%a9%d9%88%d8%b1%d8%b3-%db%b1%db%b0-%d9%85%db%8c%d9%84%db%8c%d9%85%d8%aa%d8%b1/,2026-09-09T13:20:11Z,9702500,KARZAR_PRICE=CURRENT_MITUTOYOIRAN_CUSTOMER_PRICE,IRT_toman_major_unit0,EXACT_SKU_AND_MODEL,079a2a6d73870d59d4a30b1d60e3096c218e0dde81679e46e658edb65a2e071a
2287,MITUTOYO,2109A,17500000.00,20357500,2857500.00,mitutoyoiran:3619,https://www.mitutoyoiran.com/product/%d8%b3%d8%a7%d8%b9%d8%aa-%d8%a7%d9%86%d8%af%db%8c%da%a9%d8%a7%d8%aa%d9%88%d8%b1-%da%a9%d9%88%d8%b1%d8%b3-%db%b1-%d9%85%db%8c%d9%84%db%8c%d9%85%d8%aa%d8%b1/,2026-09-09T13:20:11Z,20357500,KARZAR_PRICE=CURRENT_MITUTOYOIRAN_CUSTOMER_PRICE,IRT_toman_major_unit0,EXACT_SKU_AND_MODEL,079a2a6d73870d59d4a30b1d60e3096c218e0dde81679e46e658edb65a2e071a
2292,MITUTOYO,293-340,32600000.00,37907500,5307500.00,mitutoyoiran:4175,https://www.mitutoyoiran.com/product/%d9%85%db%8c%da%a9%d8%b1%d9%88%d9%85%d8%aa%d8%b1-%d8%af%db%8c%d8%ac%db%8c%d8%aa%d8%a7%d9%84-%db%b2%db%b5-%db%b0-%d9%85%db%8c%d9%84%db%8c%d9%85%d8%aa%d8%b1%d8%a7%db%8c%d9%86%da%86-%d9%88-%d9%85%db%8c/,2026-09-09T13:20:11Z,37907500,KARZAR_PRICE=CURRENT_MITUTOYOIRAN_CUSTOMER_PRICE,IRT_toman_major_unit0,EXACT_MODEL,079a2a6d73870d59d4a30b1d60e3096c218e0dde81679e46e658edb65a2e071a
2293,MITUTOYO,2044A,12620000.00,14685000,2065000.00,mitutoyoiran:4183,https://www.mitutoyoiran.com/product/%d8%b3%d8%a7%d8%b9%d8%aa-%d8%a7%d9%86%d8%af%db%8c%da%a9%d8%a7%d8%aa%d9%88%d8%b1-%d8%b9%d9%82%d8%b1%d8%a8%d9%87-%d8%a7%db%8c-5-%d9%85%db%8c%d9%84%db%8c%d9%85%d8%aa%d8%b1-%d8%af%d9%82%d8%aa-0-01/,2026-09-09T13:20:11Z,14685000,KARZAR_PRICE=CURRENT_MITUTOYOIRAN_CUSTOMER_PRICE,IRT_toman_major_unit0,EXACT_SKU_AND_MODEL,079a2a6d73870d59d4a30b1d60e3096c218e0dde81679e46e658edb65a2e071a
2294,MITUTOYO,2119A,29130000.00,33882500,4752500.00,mitutoyoiran:4184,https://www.mitutoyoiran.com/product/%d8%b3%d8%a7%d8%b9%d8%aa-%d8%a7%d9%86%d8%af%db%8c%da%a9%d8%a7%d8%aa%d9%88%d8%b1-%d8%b9%d9%82%d8%b1%d8%a8%d9%87-%d8%a7%db%8c-5-%d9%85%db%8c%d9%84%db%8c%d9%85%d8%aa%d8%b1-%d8%af%d9%82%d8%aa-0-001/,2026-09-09T13:20:11Z,33882500,KARZAR_PRICE=CURRENT_MITUTOYOIRAN_CUSTOMER_PRICE,IRT_toman_major_unit0,EXACT_SKU_AND_MODEL,079a2a6d73870d59d4a30b1d60e3096c218e0dde81679e46e658edb65a2e071a
2295,MITUTOYO,513-405A,18990000.00,22085000,3095000.00,mitutoyoiran:4197,https://www.mitutoyoiran.com/product/%d8%b3%d8%a7%d8%b9%d8%aa-%d8%b4%db%8c%d8%b7%d9%88%d9%86%da%a9%db%8c-%da%a9%d9%88%d8%b1%d8%b3-0-2-%d9%85%db%8c%d9%84%db%8c%d9%85%d8%aa%d8%b1-%d8%af%d9%82%d8%aa-0-002-%d8%af%d9%88-%d9%85%db%8c%da%a9/,2026-09-09T13:20:11Z,22085000,KARZAR_PRICE=CURRENT_MITUTOYOIRAN_CUSTOMER_PRICE,IRT_toman_major_unit0,EXACT_SKU,079a2a6d73870d59d4a30b1d60e3096c218e0dde81679e46e658edb65a2e071a
2297,MITUTOYO,103-143,26440000.00,30750000,4310000.00,mitutoyoiran:4201,https://www.mitutoyoiran.com/product/%d9%85%db%8c%da%a9%d8%b1%d9%88%d9%85%d8%aa%d8%b1-%d8%b3%d8%a7%d8%af%d9%87-%d9%88%d8%b1%d9%86%db%8c%d9%87-175-150-%d9%85%db%8c%d9%84%db%8c%d9%85%d8%aa%d8%b1-%d8%af%d9%82%d8%aa-0-01-%d8%ae%d8%a7%d8%b1/,2026-09-09T13:20:11Z,30750000,KARZAR_PRICE=CURRENT_MITUTOYOIRAN_CUSTOMER_PRICE,IRT_toman_major_unit0,EXACT_MODEL,079a2a6d73870d59d4a30b1d60e3096c218e0dde81679e46e658edb65a2e071a
2298,MITUTOYO,103-144,28360000.00,32982500,4622500.00,mitutoyoiran:4203,https://www.mitutoyoiran.com/product/%d9%85%db%8c%da%a9%d8%b1%d9%88%d9%85%d8%aa%d8%b1-%d8%b3%d8%a7%d8%af%d9%87-%d9%85%d8%b9%d9%85%d9%88%d9%84%db%8c-200-175-%d9%85%db%8c%d9%84%db%8c%d9%85%d8%aa%d8%b1-%d8%af%d9%82%d8%aa-0-01-%d8%ae%d8%a7/,2026-09-09T13:20:11Z,32982500,KARZAR_PRICE=CURRENT_MITUTOYOIRAN_CUSTOMER_PRICE,IRT_toman_major_unit0,EXACT_MODEL,079a2a6d73870d59d4a30b1d60e3096c218e0dde81679e46e658edb65a2e071a
2299,MITUTOYO,103-129,10650000.00,12385000,1735000.00,mitutoyoiran:4205,https://www.mitutoyoiran.com/product/%d9%85%db%8c%da%a9%d8%b1%d9%88%d9%85%d8%aa%d8%b1-%d9%88%d8%b1%d9%86%db%8c%d9%87-%d9%85%d8%b9%d9%85%d9%88%d9%84%db%8c-25-0-%d9%85%db%8c%d9%84%db%8c%d9%85%d8%aa%d8%b1-%d8%af%d9%82%d8%aa-0-001-%d9%85/,2026-09-09T13:20:11Z,12385000,KARZAR_PRICE=CURRENT_MITUTOYOIRAN_CUSTOMER_PRICE,IRT_toman_major_unit0,EXACT_MODEL,079a2a6d73870d59d4a30b1d60e3096c218e0dde81679e46e658edb65a2e071a
2300,MITUTOYO,103-130,12980000.00,15100000,2120000.00,mitutoyoiran:4207,https://www.mitutoyoiran.com/product/%d9%85%db%8c%da%a9%d8%b1%d9%88%d9%85%d8%aa%d8%b1-%d9%85%d8%b9%d9%85%d9%88%d9%84%db%8c-%d9%88%d8%b1%d9%86%db%8c%d9%87-50-25-%d9%85%db%8c%d9%84%db%8c%d9%85%d8%aa%d8%b1-%d8%af%d9%82%d8%aa-0-001-%d9%85/,2026-09-09T13:20:11Z,15100000,KARZAR_PRICE=CURRENT_MITUTOYOIRAN_CUSTOMER_PRICE,IRT_toman_major_unit0,EXACT_MODEL,079a2a6d73870d59d4a30b1d60e3096c218e0dde81679e46e658edb65a2e071a
2301,MITUTOYO,145-186,47000000.00,54660000,7660000.00,mitutoyoiran:4209,https://www.mitutoyoiran.com/product/%d9%85%db%8c%da%a9%d8%b1%d9%88%d9%85%d8%aa%d8%b1-%d8%af%d8%a7%d8%ae%d9%84-%d8%b3%d9%86%d8%ac-%d9%88%d8%b1%d9%86%db%8c%d9%87-%d8%b3%d8%a7%d8%af%d9%87-50-25-%d9%85%db%8c%d9%84%db%8c%d9%85%d8%aa%d8%b1/,2026-09-09T13:20:11Z,54660000,KARZAR_PRICE=CURRENT_MITUTOYOIRAN_CUSTOMER_PRICE,IRT_toman_major_unit0,EXACT_MODEL,079a2a6d73870d59d4a30b1d60e3096c218e0dde81679e46e658edb65a2e071a
2302,MITUTOYO,104-135A,59570000.00,69277500,9707500.00,mitutoyoiran:4212,https://www.mitutoyoiran.com/product/%d9%85%db%8c%da%a9%d8%b1%d9%88%d9%85%d8%aa%d8%b1-%d8%b3%d8%a7%d8%af%d9%87-%d8%b3%d8%b1%d8%aa%d8%b9%d9%88%db%8c%d8%b6-%d8%b4%d9%88-150-0-%d9%85%db%8c%d9%84%db%8c%d9%85%d8%aa%d8%b1-%d8%ae%d8%a7%d8%b1/,2026-09-09T13:20:11Z,69277500,KARZAR_PRICE=CURRENT_MITUTOYOIRAN_CUSTOMER_PRICE,IRT_toman_major_unit0,EXACT_SKU,079a2a6d73870d59d4a30b1d60e3096c218e0dde81679e46e658edb65a2e071a
2303,MITUTOYO,104-142A,95510000.00,111062500,15552500.00,mitutoyoiran:4214,https://www.mitutoyoiran.com/product/%d9%85%db%8c%da%a9%d8%b1%d9%88%d9%85%d8%aa%d8%b1-%d8%b3%d8%a7%d8%af%d9%87-%d9%88%d8%b1%d9%86%db%8c%d9%87-%d8%b3%d8%b1%d8%aa%d8%b9%d9%88%db%8c%d8%b6-%d8%b4%d9%88-400-300-%d9%85%db%8c%d9%84%db%8c%d9%85/,2026-09-09T13:20:11Z,111062500,KARZAR_PRICE=CURRENT_MITUTOYOIRAN_CUSTOMER_PRICE,IRT_toman_major_unit0,EXACT_SKU,079a2a6d73870d59d4a30b1d60e3096c218e0dde81679e46e658edb65a2e071a
2304,MITUTOYO,104-143A,107900000.00,125470000,17570000.00,mitutoyoiran:4216,https://www.mitutoyoiran.com/product/%d9%85%db%8c%da%a9%d8%b1%d9%88%d9%85%d8%aa%d8%b1-%d8%b3%d8%a7%d8%af%d9%87-%d9%88%d8%b1%d9%86%db%8c%d9%87-%d8%b3%d8%b1%d8%aa%d8%b9%d9%88%db%8c%d8%b6-%d8%b4%d9%88-500-400-%d9%85%db%8c%d9%84%db%8c%d9%85/,2026-09-09T13:20:11Z,125470000,KARZAR_PRICE=CURRENT_MITUTOYOIRAN_CUSTOMER_PRICE,IRT_toman_major_unit0,EXACT_SKU,079a2a6d73870d59d4a30b1d60e3096c218e0dde81679e46e658edb65a2e071a
2305,MITUTOYO,104-144A,140770000.00,163687500,22917500.00,mitutoyoiran:4218,https://www.mitutoyoiran.com/product/%d9%85%db%8c%da%a9%d8%b1%d9%88%d9%85%d8%aa%d8%b1-%d8%b3%d8%a7%d8%af%d9%87-%d9%88%d8%b1%d9%86%db%8c%d9%87-%d8%b3%d8%b1%d8%aa%d8%b9%d9%88%db%8c%d8%b6-%d8%b4%d9%88-600-500-%d9%85%db%8c%d9%84%db%8c%d9%85/,2026-09-09T13:20:11Z,163687500,KARZAR_PRICE=CURRENT_MITUTOYOIRAN_CUSTOMER_PRICE,IRT_toman_major_unit0,EXACT_SKU,079a2a6d73870d59d4a30b1d60e3096c218e0dde81679e46e658edb65a2e071a
2306,MITUTOYO,104-145A,,183027500,,mitutoyoiran:4221,https://www.mitutoyoiran.com/product/%d9%85%db%8c%da%a9%d8%b1%d9%88%d9%85%d8%aa%d8%b1-%d8%b3%d8%a7%d8%af%d9%87-%d9%88%d8%b1%d9%86%db%8c%d9%87-%d8%b3%d8%b1%d8%aa%d8%b9%d9%88%db%8c%d8%b6-%d8%b4%d9%88-700-600-%d9%85%db%8c%d9%84%db%8c%d9%85/,2026-09-09T13:20:11Z,183027500,KARZAR_PRICE=CURRENT_MITUTOYOIRAN_CUSTOMER_PRICE,IRT_toman_major_unit0,EXACT_SKU,079a2a6d73870d59d4a30b1d60e3096c218e0dde81679e46e658edb65a2e071a
2307,MITUTOYO,104-141A,75900000.00,88265000,12365000.00,mitutoyoiran:4223,https://www.mitutoyoiran.com/product/%d9%85%db%8c%da%a9%d8%b1%d9%88%d9%85%d8%aa%d8%b1-%d8%b3%d8%a7%d8%af%d9%87-%d9%88%d8%b1%d9%86%db%8c%d9%87-%d8%b3%d8%b1%d8%aa%d8%b9%d9%88%db%8c%d8%b6-%d8%b4%d9%88-300-200%d9%85%db%8c%d9%84%db%8c%d9%85/,2026-09-09T13:20:11Z,88265000,KARZAR_PRICE=CURRENT_MITUTOYOIRAN_CUSTOMER_PRICE,IRT_toman_major_unit0,EXACT_SKU,079a2a6d73870d59d4a30b1d60e3096c218e0dde81679e46e658edb65a2e071a
2308,MITUTOYO,104-146A,187690000.00,218247500,30557500.00,mitutoyoiran:4225,https://www.mitutoyoiran.com/product/%d9%85%db%8c%da%a9%d8%b1%d9%88%d9%85%d8%aa%d8%b1-%d8%b3%d8%a7%d8%af%d9%87-%d9%88%d8%b1%d9%86%db%8c%d9%87-%d8%b3%d8%b1%d8%aa%d8%b9%d9%88%db%8c%d8%b6-%d8%b4%d9%88-800-700-%d9%85%db%8c%d9%84%db%8c%d9%85/,2026-09-09T13:20:11Z,218247500,KARZAR_PRICE=CURRENT_MITUTOYOIRAN_CUSTOMER_PRICE,IRT_toman_major_unit0,EXACT_SKU,079a2a6d73870d59d4a30b1d60e3096c218e0dde81679e46e658edb65a2e071a
2309,MITUTOYO,104-147A,222420000.00,258637500,36217500.00,mitutoyoiran:4227,https://www.mitutoyoiran.com/product/%d9%85%db%8c%da%a9%d8%b1%d9%88%d9%85%d8%aa%d8%b1-%d8%b3%d8%a7%d8%af%d9%87-%d9%88%d8%b1%d9%86%db%8c%d9%87-%d8%b3%d8%b1%d8%aa%d8%b9%d9%88%db%8c%d8%b6-%d8%b4%d9%88-900-800-%d9%85%db%8c%d9%84%db%8c%d9%85/,2026-09-09T13:20:11Z,258637500,KARZAR_PRICE=CURRENT_MITUTOYOIRAN_CUSTOMER_PRICE,IRT_toman_major_unit0,EXACT_SKU_AND_MODEL,079a2a6d73870d59d4a30b1d60e3096c218e0dde81679e46e658edb65a2e071a
2310,MITUTOYO,104-148A,262530000.00,305275000,42745000.00,mitutoyoiran:4231,https://www.mitutoyoiran.com/product/4231/,2026-09-09T13:20:11Z,305275000,KARZAR_PRICE=CURRENT_MITUTOYOIRAN_CUSTOMER_PRICE,IRT_toman_major_unit0,EXACT_SKU_AND_MODEL,079a2a6d73870d59d4a30b1d60e3096c218e0dde81679e46e658edb65a2e071a
2311,MITUTOYO,534-113,84610000.00,98390000,13780000.00,mitutoyoiran:4234,https://www.mitutoyoiran.com/product/%da%a9%d9%88%d9%84%db%8c%d8%b3-%d8%b3%d8%a7%d8%af%d9%87-%d9%88%d8%b1%d9%86%db%8c%d9%87-30-%d8%b3%d8%a7%d9%86%d8%aa-%d9%81%da%a9-%d8%a8%d9%84%d9%86%d8%af-%d9%81%da%a9-9-%d8%b3%d8%a7%d9%86%d8%aa/,2026-09-09T13:20:11Z,98390000,KARZAR_PRICE=CURRENT_MITUTOYOIRAN_CUSTOMER_PRICE,IRT_toman_major_unit0,EXACT_MODEL,079a2a6d73870d59d4a30b1d60e3096c218e0dde81679e46e658edb65a2e071a
2312,MITUTOYO,534-114,137010000.00,159320000,22310000.00,mitutoyoiran:4236,https://www.mitutoyoiran.com/product/%da%a9%d9%88%d9%84%db%8c%d8%b3-%d8%b3%d8%a7%d8%af%d9%87-%d9%88%d8%b1%d9%86%db%8c%d9%87-50-%d8%b3%d8%a7%d9%86%d8%aa-%d9%81%da%a9-%d8%a8%d9%84%d9%86%d8%af-%d9%81%da%a9-20-%d8%b3%d8%a7%d9%86%d8%aa/,2026-09-09T13:20:11Z,159320000,KARZAR_PRICE=CURRENT_MITUTOYOIRAN_CUSTOMER_PRICE,IRT_toman_major_unit0,EXACT_MODEL,079a2a6d73870d59d4a30b1d60e3096c218e0dde81679e46e658edb65a2e071a
2313,MITUTOYO,534-115,,255555000,,mitutoyoiran:4238,https://www.mitutoyoiran.com/product/%da%a9%d9%88%d9%84%db%8c%d8%b3-%d8%b3%d8%a7%d8%af%d9%87-%d9%88%d8%b1%d9%86%db%8c%d9%87-75-%d8%b3%d8%a7%d9%86%d8%aa-%d9%81%da%a9-%d8%a8%d9%84%d9%86%d8%af-%d9%81%da%a9-20-%d8%b3%d8%a7%d9%86%d8%aa/,2026-09-09T13:20:11Z,255555000,KARZAR_PRICE=CURRENT_MITUTOYOIRAN_CUSTOMER_PRICE,IRT_toman_major_unit0,EXACT_MODEL,079a2a6d73870d59d4a30b1d60e3096c218e0dde81679e46e658edb65a2e071a
2314,MITUTOYO,534-116,,338907500,,mitutoyoiran:4240,https://www.mitutoyoiran.com/product/%da%a9%d9%88%d9%84%db%8c%d8%b3-%d8%b3%d8%a7%d8%af%d9%87-%d9%88%d8%b1%d9%86%db%8c%d9%87-100-%d8%b3%d8%a7%d9%86%d8%aa-%d9%81%da%a9-%d8%a8%d9%84%d9%86%d8%af-%d9%81%da%a9-20-%d8%b3%d8%a7%d9%86%d8%aa/,2026-09-09T13:20:11Z,338907500,KARZAR_PRICE=CURRENT_MITUTOYOIRAN_CUSTOMER_PRICE,IRT_toman_major_unit0,EXACT_MODEL,079a2a6d73870d59d4a30b1d60e3096c218e0dde81679e46e658edb65a2e071a
2316,MITUTOYO,551-341,123140000.00,143192500,20052500.00,mitutoyoiran:4244,https://www.mitutoyoiran.com/product/%da%a9%d9%88%d9%84%db%8c%d8%b3-%d8%af%db%8c%d8%ac%db%8c%d8%aa%d8%a7%d9%84-30-%d8%b3%d8%a7%d9%86%d8%aa-%d9%81%da%a9-%d8%a8%d9%84%d9%86%d8%af-%d9%81%da%a9-15-%d8%b3%d8%a7%d9%86%d8%aa-%d8%af%d9%82/,2026-09-09T13:20:11Z,143192500,KARZAR_PRICE=CURRENT_MITUTOYOIRAN_CUSTOMER_PRICE,IRT_toman_major_unit0,EXACT_MODEL,079a2a6d73870d59d4a30b1d60e3096c218e0dde81679e46e658edb65a2e071a
2318,MITUTOYO,160-153,95590000.00,111160000,15570000.00,mitutoyoiran:4248,https://www.mitutoyoiran.com/product/%da%a9%d9%88%d9%84%db%8c%d8%b3-%d8%b3%d8%a7%d8%af%d9%87-%d9%88%d8%b1%d9%86%db%8c%d9%87-60-%d8%b3%d8%a7%d9%86%d8%aa-%d9%81%da%a9-10-%d8%b3%d8%a7%d9%86%d8%aa-%d8%af%d9%82%d8%aa-0-02-%d8%aa%da%a9/,2026-09-09T13:20:11Z,111160000,KARZAR_PRICE=CURRENT_MITUTOYOIRAN_CUSTOMER_PRICE,IRT_toman_major_unit0,EXACT_MODEL,079a2a6d73870d59d4a30b1d60e3096c218e0dde81679e46e658edb65a2e071a
2319,MITUTOYO,160-155,184780000.00,111160000,-73620000.00,mitutoyoiran:4251,https://www.mitutoyoiran.com/product/%da%a9%d9%88%d9%84%db%8c%d8%b3-%d8%b3%d8%a7%d8%af%d9%87-%d9%88%d8%b1%d9%86%db%8c%d9%87-100-%d8%b3%d8%a7%d9%86%d8%aa-%d9%81%da%a9-14-%d8%b3%d8%a7%d9%86%d8%aa-%d8%af%d9%82%d8%aa-0-02-%d8%aa%da%a9/,2026-09-09T13:20:11Z,111160000,KARZAR_PRICE=CURRENT_MITUTOYOIRAN_CUSTOMER_PRICE,IRT_toman_major_unit0,EXACT_MODEL,079a2a6d73870d59d4a30b1d60e3096c218e0dde81679e46e658edb65a2e071a
2320,MITUTOYO,500-505,177160000.00,206002500,28842500.00,mitutoyoiran:4253,https://www.mitutoyoiran.com/product/%da%a9%d9%88%d9%84%db%8c%d8%b3-%d8%af%db%8c%d8%ac%db%8c%d8%aa%d8%a7%d9%84-45-%d8%b3%d8%a7%d9%86%d8%aa-%d8%af%d9%88-%d9%81%da%a9-%d8%af%d9%82%d8%aa-0-01%d9%81%da%a9-9-%d8%b3%d8%a7%d9%86%d8%aa/,2026-09-09T13:20:11Z,206002500,KARZAR_PRICE=CURRENT_MITUTOYOIRAN_CUSTOMER_PRICE,IRT_toman_major_unit0,EXACT_MODEL,079a2a6d73870d59d4a30b1d60e3096c218e0dde81679e46e658edb65a2e071a
2321,MITUTOYO,500-506,191960000.00,223210000,31250000.00,mitutoyoiran:4255,https://www.mitutoyoiran.com/product/%da%a9%d9%88%d9%84%db%8c%d8%b3-%d8%af%db%8c%d8%ac%db%8c%d8%aa%d8%a7%d9%84-60-%d8%b3%d8%a7%d9%86%d8%aa-%d8%af%d9%88-%d9%81%da%a9-%d8%af%d9%82%d8%aa-0-01%d9%81%da%a9-9-%d8%b3%d8%a7%d9%86%d8%aa/,2026-09-09T13:20:11Z,223210000,KARZAR_PRICE=CURRENT_MITUTOYOIRAN_CUSTOMER_PRICE,IRT_toman_major_unit0,EXACT_MODEL,079a2a6d73870d59d4a30b1d60e3096c218e0dde81679e46e658edb65a2e071a
2322,MITUTOYO,500-507,355370000.00,413230000,57860000.00,mitutoyoiran:4257,https://www.mitutoyoiran.com/product/%da%a9%d9%88%d9%84%db%8c%d8%b3-%d8%af%db%8c%d8%ac%db%8c%d8%aa%d8%a7%d9%84-100%d8%b3%d8%a7%d9%86%d8%aa-1-%d9%85%d8%aa%d8%b1%db%8c-%d8%af%d9%88-%d9%81%da%a9-%d8%af%d9%82%d8%aa-0-01%d9%81%da%a9-9/,2026-09-09T13:20:11Z,413230000,KARZAR_PRICE=CURRENT_MITUTOYOIRAN_CUSTOMER_PRICE,IRT_toman_major_unit0,EXACT_MODEL,079a2a6d73870d59d4a30b1d60e3096c218e0dde81679e46e658edb65a2e071a
2324,MITUTOYO,368-165,82770000.00,96247500,13477500.00,mitutoyoiran:4265,https://www.mitutoyoiran.com/product/%d9%85%db%8c%da%a9%d8%b1%d9%88%d9%85%d8%aa%d8%b1-%d8%b3%d9%87-%d9%81%da%a9-%d8%af%d8%a7%d8%ae%d9%84-%d8%b3%d9%86%d8%ac-%d8%b3%d8%a7%d8%af%d9%87-%d9%88%d8%b1%d9%86%db%8c%d9%87-20-16-%d9%85%db%8c%d9%84/,2026-09-09T13:20:11Z,96247500,KARZAR_PRICE=CURRENT_MITUTOYOIRAN_CUSTOMER_PRICE,IRT_toman_major_unit0,EXACT_MODEL,079a2a6d73870d59d4a30b1d60e3096c218e0dde81679e46e658edb65a2e071a
2325,MITUTOYO,368-166,,100407500,,mitutoyoiran:4267,https://www.mitutoyoiran.com/product/%d9%85%db%8c%da%a9%d8%b1%d9%88%d9%85%d8%aa%d8%b1-%d8%b3%d9%87-%d9%81%da%a9-%d8%af%d8%a7%d8%ae%d9%84-%d8%b3%d9%86%d8%ac-%d8%b3%d8%a7%d8%af%d9%87-%d9%88%d8%b1%d9%86%db%8c%d9%87-25-20-%d9%85%db%8c%d9%84/,2026-09-09T13:20:11Z,100407500,KARZAR_PRICE=CURRENT_MITUTOYOIRAN_CUSTOMER_PRICE,IRT_toman_major_unit0,EXACT_MODEL,079a2a6d73870d59d4a30b1d60e3096c218e0dde81679e46e658edb65a2e071a
2326,MITUTOYO,368-168,110310000.00,128270000,17960000.00,mitutoyoiran:4269,https://www.mitutoyoiran.com/product/%d9%85%db%8c%da%a9%d8%b1%d9%88%d9%85%d8%aa%d8%b1-%d8%b3%d9%87-%d9%81%da%a9-%d8%af%d8%a7%d8%ae%d9%84-%d8%b3%d9%86%d8%ac-%d8%b3%d8%a7%d8%af%d9%87-%d9%88%d8%b1%d9%86%db%8c%d9%87-40-30-%d9%85%db%8c%d9%84/,2026-09-09T13:20:11Z,128270000,KARZAR_PRICE=CURRENT_MITUTOYOIRAN_CUSTOMER_PRICE,IRT_toman_major_unit0,EXACT_MODEL,079a2a6d73870d59d4a30b1d60e3096c218e0dde81679e46e658edb65a2e071a
2327,MITUTOYO,368-169,113320000.00,131777500,18457500.00,mitutoyoiran:4273,https://www.mitutoyoiran.com/product/%d9%85%db%8c%da%a9%d8%b1%d9%88%d9%85%d8%aa%d8%b1-%d8%b3%d9%87-%d9%81%da%a9-%d8%af%d8%a7%d8%ae%d9%84-%d8%b3%d9%86%d8%ac-%d8%b3%d8%a7%d8%af%d9%87-%d9%88%d8%b1%d9%86%db%8c%d9%87-50-40-%d9%85%db%8c%d9%84/,2026-09-09T13:20:11Z,131777500,KARZAR_PRICE=CURRENT_MITUTOYOIRAN_CUSTOMER_PRICE,IRT_toman_major_unit0,EXACT_MODEL,079a2a6d73870d59d4a30b1d60e3096c218e0dde81679e46e658edb65a2e071a
2329,MITUTOYO,368-171,125900000.00,146397500,20497500.00,mitutoyoiran:4277,https://www.mitutoyoiran.com/product/%d9%85%db%8c%da%a9%d8%b1%d9%88%d9%85%d8%aa%d8%b1-%d8%b3%d9%87-%d9%81%da%a9-%d8%af%d8%a7%d8%ae%d9%84-%d8%b3%d9%86%d8%ac-%d8%b3%d8%a7%d8%af%d9%87-%d9%88%d8%b1%d9%86%db%8c%d9%87-75-62-%d9%85%db%8c%d9%84/,2026-09-09T13:20:11Z,146397500,KARZAR_PRICE=CURRENT_MITUTOYOIRAN_CUSTOMER_PRICE,IRT_toman_major_unit0,EXACT_MODEL,079a2a6d73870d59d4a30b1d60e3096c218e0dde81679e46e658edb65a2e071a
2330,MITUTOYO,571-211,78740000.00,91560000,12820000.00,mitutoyoiran:4322,https://www.mitutoyoiran.com/product/%da%a9%d9%88%d9%84%db%8c%d8%b3-%d8%b9%d9%85%d9%82-%d8%b3%d9%86%d8%ac-%d8%af%db%8c%d8%ac%db%8c%d8%aa%d8%a7%d9%84-15-%d8%b3%d8%a7%d9%86%d8%aa-%d8%af%d9%82%d8%aa-0-01/,2026-09-09T13:20:11Z,91560000,KARZAR_PRICE=CURRENT_MITUTOYOIRAN_CUSTOMER_PRICE,IRT_toman_major_unit0,EXACT_MODEL,079a2a6d73870d59d4a30b1d60e3096c218e0dde81679e46e658edb65a2e071a
2331,MITUTOYO,571-212,88310000.00,102730000,14420000.00,mitutoyoiran:4326,https://www.mitutoyoiran.com/product/%da%a9%d9%88%d9%84%db%8c%d8%b3-%d8%b9%d9%85%d9%82-%d8%b3%d9%86%d8%ac-%d8%af%db%8c%d8%ac%db%8c%d8%aa%d8%a7%d9%84-20-%d8%b3%d8%a7%d9%86%d8%aa-%d8%af%d9%82%d8%aa-0-01/,2026-09-09T13:20:11Z,102730000,KARZAR_PRICE=CURRENT_MITUTOYOIRAN_CUSTOMER_PRICE,IRT_toman_major_unit0,EXACT_MODEL,079a2a6d73870d59d4a30b1d60e3096c218e0dde81679e46e658edb65a2e071a
2332,MITUTOYO,571-213,104740000.00,121800000,17060000.00,mitutoyoiran:4327,https://www.mitutoyoiran.com/product/%da%a9%d9%88%d9%84%db%8c%d8%b3-%d8%b9%d9%85%d9%82-%d8%b3%d9%86%d8%ac-%d8%af%db%8c%d8%ac%db%8c%d8%aa%d8%a7%d9%84-30-%d8%b3%d8%a7%d9%86%d8%aa-%d8%af%d9%82%d8%aa-0-01-%d8%a7%db%8c%d9%86%da%86-%d9%88/,2026-09-09T13:20:11Z,121800000,KARZAR_PRICE=CURRENT_MITUTOYOIRAN_CUSTOMER_PRICE,IRT_toman_major_unit0,EXACT_MODEL,079a2a6d73870d59d4a30b1d60e3096c218e0dde81679e46e658edb65a2e071a
2333,MITUTOYO,7305A,,31635000,,mitutoyoiran:4329,https://www.mitutoyoiran.com/product/%d8%b6%d8%ae%d8%a7%d9%85%d8%aa-%d8%b3%d9%86%d8%ac-%d8%b3%d8%a7%d8%b9%d8%aa%db%8c-20-0-%d9%85%db%8c%d9%84%db%8c%d9%85%d8%aa%d8%b1-%d8%af%d9%82%d8%aa-0-01%d8%b6%d8%ae%d8%a7%d9%85%d8%aa-%d8%b3%d9%86/,2026-09-09T13:20:11Z,31635000,KARZAR_PRICE=CURRENT_MITUTOYOIRAN_CUSTOMER_PRICE,IRT_toman_major_unit0,EXACT_SKU,079a2a6d73870d59d4a30b1d60e3096c218e0dde81679e46e658edb65a2e071a
2334,MITUTOYO,7360A,,25297500,,mitutoyoiran:4331,https://www.mitutoyoiran.com/product/%d8%b6%d8%ae%d8%a7%d9%85%d8%aa-%d8%b3%d9%86%d8%ac-%d9%84%d9%88%d9%84%d9%87-%d8%b9%d9%82%d8%b1%d8%a8%d9%87-%d8%a7%db%8c-10-0-%d9%85%db%8c%d9%84%db%8c%d9%85%d8%aa%d8%b1-%d8%af%d9%82%d8%aa-0-01/,2026-09-09T13:20:11Z,25297500,KARZAR_PRICE=CURRENT_MITUTOYOIRAN_CUSTOMER_PRICE,IRT_toman_major_unit0,EXACT_SKU,079a2a6d73870d59d4a30b1d60e3096c218e0dde81679e46e658edb65a2e071a
2335,MITUTOYO,7327A,36310000.00,42227500,5917500.00,mitutoyoiran:4333,https://www.mitutoyoiran.com/product/%d8%b6%d8%ae%d8%a7%d9%85%d8%aa-%d8%b3%d9%86%d8%ac-%d8%b3%d8%a7%d8%b9%d8%aa%db%8c-1-0-%d9%85%db%8c%d9%84%db%8c%d9%85%d8%aa%d8%b1-%d8%af%d9%82%d8%aa-0-001-%d8%b6%d8%ae%d8%a7%d9%85%d8%aa-%d8%b3%d9%86/,2026-09-09T13:20:11Z,42227500,KARZAR_PRICE=CURRENT_MITUTOYOIRAN_CUSTOMER_PRICE,IRT_toman_major_unit0,EXACT_SKU,079a2a6d73870d59d4a30b1d60e3096c218e0dde81679e46e658edb65a2e071a
2336,MITUTOYO,7323A,32280000.00,37537500,5257500.00,mitutoyoiran:4335,https://www.mitutoyoiran.com/product/%d8%b6%d8%ae%d8%a7%d9%85%d8%aa-%d8%b3%d9%86%d8%ac-%d9%86%d8%b9%d9%84-%d8%a7%d8%b3%d8%a8%db%8c-%d8%b9%d9%85%db%8c%d9%82-20-0-%d9%85%db%8c%d9%84%db%8c%d9%85%d8%aa%d8%b1-%d8%af%d9%82%d8%aa-%d8%b5%d8%af/,2026-09-09T13:20:11Z,37537500,KARZAR_PRICE=CURRENT_MITUTOYOIRAN_CUSTOMER_PRICE,IRT_toman_major_unit0,EXACT_SKU,079a2a6d73870d59d4a30b1d60e3096c218e0dde81679e46e658edb65a2e071a
2339,MITUTOYO,145-187,,72447500,,mitutoyoiran:4340,https://www.mitutoyoiran.com/product/%d9%85%db%8c%da%a9%d8%b1%d9%88%d9%85%d8%aa%d8%b1-%d8%af%d8%a7%d8%ae%d9%84-%d8%b3%d9%86%d8%ac-%d9%88%d8%b1%d9%86%db%8c%d9%87-%d8%b3%d8%a7%d8%af%d9%87-75-50-%d9%85%db%8c%d9%84%db%8c%d9%85%d8%aa%d8%b1/,2026-09-09T13:20:11Z,72447500,KARZAR_PRICE=CURRENT_MITUTOYOIRAN_CUSTOMER_PRICE,IRT_toman_major_unit0,EXACT_MODEL,079a2a6d73870d59d4a30b1d60e3096c218e0dde81679e46e658edb65a2e071a
2340,MITUTOYO,145-188,69720000.00,81080000,11360000.00,mitutoyoiran:4342,https://www.mitutoyoiran.com/product/%d9%85%db%8c%da%a9%d8%b1%d9%88%d9%85%d8%aa%d8%b1-%d8%af%d8%a7%d8%ae%d9%84-%d8%b3%d9%86%d8%ac-%d9%88%d8%b1%d9%86%db%8c%d9%87-%d8%b3%d8%a7%d8%af%d9%87-100-75-%d9%85%db%8c%d9%84%db%8c%d9%85%d8%aa%d8%b1/,2026-09-09T13:20:11Z,81080000,KARZAR_PRICE=CURRENT_MITUTOYOIRAN_CUSTOMER_PRICE,IRT_toman_major_unit0,EXACT_MODEL,079a2a6d73870d59d4a30b1d60e3096c218e0dde81679e46e658edb65a2e071a
2341,MITUTOYO,184-313S,10260000.00,11942500,1682500.00,mitutoyoiran:4344,https://www.mitutoyoiran.com/product/%d8%b3%d8%aa-%d8%af%d8%b3%d8%aa%d9%87-%d9%81%db%8c%d9%84%d8%b1-1-0-05-%d9%85%db%8c%d9%84%db%8c%d9%85%d8%aa%d8%b1-28-%d9%be%d8%a7%d8%b1%da%86%d9%87-10-%d8%b3%d8%a7%d9%86%d8%aa/,2026-09-09T13:20:11Z,11942500,KARZAR_PRICE=CURRENT_MITUTOYOIRAN_CUSTOMER_PRICE,IRT_toman_major_unit0,EXACT_SKU,079a2a6d73870d59d4a30b1d60e3096c218e0dde81679e46e658edb65a2e071a
2342,MITUTOYO,184-303S,14180000.00,16490000,2310000.00,mitutoyoiran:4346,https://www.mitutoyoiran.com/product/%d8%b3%d8%aa-%d8%af%d8%b3%d8%aa%d9%87-%d9%81%db%8c%d9%84%d8%b1-1-0-05-%d9%85%db%8c%d9%84%db%8c%d9%85%d8%aa%d8%b1-28-%d9%be%d8%a7%d8%b1%da%86%d9%87-15-%d8%b3%d8%a7%d9%86%d8%aa-%d8%af%d8%b3%d8%aa%d9%87/,2026-09-09T13:20:11Z,16490000,KARZAR_PRICE=CURRENT_MITUTOYOIRAN_CUSTOMER_PRICE,IRT_toman_major_unit0,EXACT_SKU,079a2a6d73870d59d4a30b1d60e3096c218e0dde81679e46e658edb65a2e071a
2343,MITUTOYO,188-151,12630000.00,14692500,2062500.00,mitutoyoiran:4348,https://www.mitutoyoiran.com/product/%d8%b4%d8%a7%d8%a8%d9%84%d9%88%d9%86-%da%af%d8%a7%d9%85-%d8%b3%d9%86%d8%ac-%d9%81%db%8c%d9%84%d8%b1-%d8%b1%d8%b2%d9%88%d9%87-51-%d9%be%d8%a7%d8%b1%da%86%d9%87-%d9%85%d8%aa%d8%b1%db%8c%da%a9-%d9%88/,2026-09-09T13:20:11Z,14692500,KARZAR_PRICE=CURRENT_MITUTOYOIRAN_CUSTOMER_PRICE,IRT_toman_major_unit0,EXACT_MODEL,079a2a6d73870d59d4a30b1d60e3096c218e0dde81679e46e658edb65a2e071a
2344,MITUTOYO,192-630,,238875000,,mitutoyoiran:4350,https://www.mitutoyoiran.com/product/%da%a9%d9%88%d9%84%db%8c%d8%b3-%d9%be%d8%a7%db%8c%d9%87-%d8%af%d8%a7%d8%b1-%d8%a7%d8%b1%d8%aa%d9%81%d8%a7%d8%b9-%d8%b3%d9%86%d8%ac-%d8%af%db%8c%d8%ac%db%8c%d8%aa%d8%a7%d9%84-%d8%af%d9%88-%d9%be%d8%a7/,2026-09-09T13:20:11Z,238875000,KARZAR_PRICE=CURRENT_MITUTOYOIRAN_CUSTOMER_PRICE,IRT_toman_major_unit0,EXACT_MODEL,079a2a6d73870d59d4a30b1d60e3096c218e0dde81679e46e658edb65a2e071a
2345,MITUTOYO,192-632,289280000.00,336375000,47095000.00,mitutoyoiran:4351,https://www.mitutoyoiran.com/product/%da%a9%d9%88%d9%84%db%8c%d8%b3-%d9%be%d8%a7%db%8c%d9%87-%d8%af%d8%a7%d8%b1-%d8%a7%d8%b1%d8%aa%d9%81%d8%a7%d8%b9-%d8%b3%d9%86%d8%ac-%d8%af%db%8c%d8%ac%db%8c%d8%aa%d8%a7%d9%84-%d8%af%d9%88-%d9%be-2/,2026-09-09T13:20:11Z,336375000,KARZAR_PRICE=CURRENT_MITUTOYOIRAN_CUSTOMER_PRICE,IRT_toman_major_unit0,EXACT_MODEL,079a2a6d73870d59d4a30b1d60e3096c218e0dde81679e46e658edb65a2e071a
2346,MITUTOYO,187-901,,79255000,,mitutoyoiran:4352,https://www.mitutoyoiran.com/product/%d8%b2%d8%a7%d9%88%db%8c%d9%87-%d8%b3%d9%86%d8%ac-%d8%b0%d8%b1%d9%87-%d8%a8%db%8c%d9%86-%d8%af%d8%a7%d8%b1-%db%8c%d9%88%d9%86%db%8c%d9%88%d8%b1%d8%b3%d8%a7%d9%84-30-%d9%88-15-%d8%b3%d8%a7%d9%86%d8%aa/,2026-09-09T13:20:11Z,79255000,KARZAR_PRICE=CURRENT_MITUTOYOIRAN_CUSTOMER_PRICE,IRT_toman_major_unit0,EXACT_MODEL,079a2a6d73870d59d4a30b1d60e3096c218e0dde81679e46e658edb65a2e071a
2348,MITUTOYO,500-753,,72105000,,mitutoyoiran:4590,https://www.mitutoyoiran.com/product/%da%a9%d9%88%d9%84%db%8c%d8%b3-%d8%af%db%8c%d8%ac%db%8c%d8%aa%d8%a7%d9%84-20-%d8%b3%d8%a7%d9%86%d8%aa-%d8%af%d9%82%d8%aa-0-01-%d8%b6%d8%af-%d8%a2%d8%a8/,2026-09-09T13:20:11Z,72105000,KARZAR_PRICE=CURRENT_MITUTOYOIRAN_CUSTOMER_PRICE,IRT_toman_major_unit0,EXACT_MODEL,079a2a6d73870d59d4a30b1d60e3096c218e0dde81679e46e658edb65a2e071a
2349,MITUTOYO,500-752,,55087500,,mitutoyoiran:4595,https://www.mitutoyoiran.com/product/digita-ip-caliper/,2026-09-09T13:20:11Z,55087500,KARZAR_PRICE=CURRENT_MITUTOYOIRAN_CUSTOMER_PRICE,IRT_toman_major_unit0,EXACT_MODEL,079a2a6d73870d59d4a30b1d60e3096c218e0dde81679e46e658edb65a2e071a
2350,MITUTOYO,293-250,104390000.00,121387500,16997500.00,mitutoyoiran:4597,https://www.mitutoyoiran.com/product/digital-100-125-micrometer/,2026-09-09T13:20:11Z,121387500,KARZAR_PRICE=CURRENT_MITUTOYOIRAN_CUSTOMER_PRICE,IRT_toman_major_unit0,EXACT_MODEL,079a2a6d73870d59d4a30b1d60e3096c218e0dde81679e46e658edb65a2e071a
2351,MITUTOYO,103-145,30630000.00,35627500,4997500.00,mitutoyoiran:4609,https://www.mitutoyoiran.com/product/micrometer-200-225-mm-mitutoyo/,2026-09-09T13:20:11Z,35627500,KARZAR_PRICE=CURRENT_MITUTOYOIRAN_CUSTOMER_PRICE,IRT_toman_major_unit0,EXACT_MODEL,079a2a6d73870d59d4a30b1d60e3096c218e0dde81679e46e658edb65a2e071a
2352,MITUTOYO,103-146,32570000.00,37875000,5305000.00,mitutoyoiran:4621,https://www.mitutoyoiran.com/product/103-146-micrometer/,2026-09-09T13:20:11Z,37875000,KARZAR_PRICE=CURRENT_MITUTOYOIRAN_CUSTOMER_PRICE,IRT_toman_major_unit0,EXACT_MODEL,079a2a6d73870d59d4a30b1d60e3096c218e0dde81679e46e658edb65a2e071a
2354,MITUTOYO,103-148,38650000.00,44942500,6292500.00,mitutoyoiran:4648,https://www.mitutoyoiran.com/product/103-148-%d9%85%db%8c%da%a9%d8%b1%d9%88%d9%85%d8%aa%d8%b1/,2026-09-09T13:20:11Z,44942500,KARZAR_PRICE=CURRENT_MITUTOYOIRAN_CUSTOMER_PRICE,IRT_toman_major_unit0,EXACT_MODEL,079a2a6d73870d59d4a30b1d60e3096c218e0dde81679e46e658edb65a2e071a
2355,MITUTOYO,104-139A,51880000.00,60335000,8455000.00,mitutoyoiran:4651,https://www.mitutoyoiran.com/product/104-139a-%d9%85%db%8c%d8%aa%d9%88%d8%aa%d9%88%db%8c%d9%88/,2026-09-09T13:20:11Z,60335000,KARZAR_PRICE=CURRENT_MITUTOYOIRAN_CUSTOMER_PRICE,IRT_toman_major_unit0,EXACT_SKU,079a2a6d73870d59d4a30b1d60e3096c218e0dde81679e46e658edb65a2e071a
2356,MITUTOYO,104-140A,51380000.00,71375000,19995000.00,mitutoyoiran:4653,https://www.mitutoyoiran.com/product/%d9%85%db%8c%da%a9%d8%b1%d9%88%d9%85%d8%aa%d8%b1-%d8%b3%d8%b1%d8%aa%d8%b9%d9%88%db%8c%d8%b6-%d8%b4%d9%88-104-140a/,2026-09-09T13:20:11Z,71375000,KARZAR_PRICE=CURRENT_MITUTOYOIRAN_CUSTOMER_PRICE,IRT_toman_major_unit0,EXACT_SKU,079a2a6d73870d59d4a30b1d60e3096c218e0dde81679e46e658edb65a2e071a
2359,MITUTOYO,523-122,122440000.00,142382500,19942500.00,mitutoyoiran:4923,https://www.mitutoyoiran.com/product/%d9%be%d8%a7%d8%b3%d8%a7%d9%85%d8%aa%d8%b1-%d9%85%db%8c%da%a9%d8%b1%d9%88%d9%85%d8%aa%d8%b1-%d8%b9%d9%82%d8%b1%d8%a8%d9%87-%d8%a7%db%8c/,2026-09-09T13:20:11Z,142382500,KARZAR_PRICE=CURRENT_MITUTOYOIRAN_CUSTOMER_PRICE,IRT_toman_major_unit0,EXACT_MODEL,079a2a6d73870d59d4a30b1d60e3096c218e0dde81679e46e658edb65a2e071a
2360,MITUTOYO,2972AB,,19347500,,mitutoyoiran:4926,https://www.mitutoyoiran.com/product/%d8%b3%d8%a7%d8%b9%d8%aa-%d8%a7%d9%86%d8%af%db%8c%da%a9%d8%a7%d8%aa%d9%88%d8%b1-%d8%b9%d9%82%d8%b1%d8%a8%d9%87-%d8%a7%db%8c-1-%d9%85%db%8c%d9%84%db%8c%d9%85%d8%aa%d8%b1-error-free-%d9%85%d8%af%d9%84-2/,2026-09-09T13:20:11Z,19347500,KARZAR_PRICE=CURRENT_MITUTOYOIRAN_CUSTOMER_PRICE,IRT_toman_major_unit0,EXACT_SKU_AND_MODEL,079a2a6d73870d59d4a30b1d60e3096c218e0dde81679e46e658edb65a2e071a
2361,MITUTOYO,543-720B,135150000.00,157160000,22010000.00,mitutoyoiran:4930,https://www.mitutoyoiran.com/product/%d8%b3%d8%a7%d8%b9%d8%aa-%d8%a7%d9%86%d8%af%db%8c%da%a9%d8%a7%d8%aa%d9%88%d8%b1-%da%a9%d9%88%d8%b1%d8%b3-%db%b2%db%b5%d9%ab%db%b4-%d9%85%db%8c%d9%84%db%8c%d9%85%d8%aa%d8%b1-%d8%af%d9%82%d8%aa-%d9%87/,2026-09-09T13:20:11Z,157160000,KARZAR_PRICE=CURRENT_MITUTOYOIRAN_CUSTOMER_PRICE,IRT_toman_major_unit0,EXACT_SKU,079a2a6d73870d59d4a30b1d60e3096c218e0dde81679e46e658edb65a2e071a
2362,MITUTOYO,543-735B,,136305000,,mitutoyoiran:4932,https://www.mitutoyoiran.com/product/%d8%b3%d8%a7%d8%b9%d8%aa-%d8%a7%d9%86%d8%af%db%8c%da%a9%d8%a7%d8%aa%d9%88%d8%b1-%da%a9%d9%88%d8%b1%d8%b3-50-%d9%85%db%8c%d9%84%db%8c%d9%85%d8%aa%d8%b1/,2026-09-09T13:20:11Z,136305000,KARZAR_PRICE=CURRENT_MITUTOYOIRAN_CUSTOMER_PRICE,IRT_toman_major_unit0,EXACT_SKU,079a2a6d73870d59d4a30b1d60e3096c218e0dde81679e46e658edb65a2e071a
2363,MITUTOYO,511-817,188660000.00,219375000,30715000.00,mitutoyoiran:4936,https://www.mitutoyoiran.com/product/%da%af%db%8c%d8%ac-%d8%af%d8%a7%d8%ae%d9%84-%d8%b3%db%8c%d9%84%d9%86%d8%af%d8%b1-%d9%85%db%8c%d8%aa%d9%88%d8%aa%d9%88%db%8c%d9%88/,2026-09-09T13:20:11Z,219375000,KARZAR_PRICE=CURRENT_MITUTOYOIRAN_CUSTOMER_PRICE,IRT_toman_major_unit0,EXACT_MODEL,079a2a6d73870d59d4a30b1d60e3096c218e0dde81679e46e658edb65a2e071a
2364,MITUTOYO,511-818,197460000.00,229612500,32152500.00,mitutoyoiran:4939,https://www.mitutoyoiran.com/product/%d8%b3%d8%a7%d8%b9%d8%aa-%d8%af%d8%a7%d8%ae%d9%84-%d8%b3%db%8c%d9%84%d9%86%d8%af%d8%b1-%d9%85%db%8c%d8%aa%d9%88%d8%aa%d9%88%db%8c%d9%88-%da%98%d8%a7%d9%be%d9%86/,2026-09-09T13:20:11Z,229612500,KARZAR_PRICE=CURRENT_MITUTOYOIRAN_CUSTOMER_PRICE,IRT_toman_major_unit0,EXACT_MODEL,079a2a6d73870d59d4a30b1d60e3096c218e0dde81679e46e658edb65a2e071a
2365,MITUTOYO,953550,8060000.00,9380000,1320000.00,mitutoyoiran:4941,https://www.mitutoyoiran.com/product/%d9%85%db%8c%d9%84%d9%87-%d8%b1%d8%a7%d8%a8%d8%b7-%d8%a7%d9%81%d8%b2%d8%a7%db%8c%d8%b4-%d8%b7%d9%88%d9%84-%d8%a8%d9%88%d8%b1%da%af%db%8c%d8%ac-250-%d9%85%db%8c%d9%84%db%8c%d9%85%d8%aa%d8%b1-%d9%82/,2026-09-09T13:20:11Z,9380000,KARZAR_PRICE=CURRENT_MITUTOYOIRAN_CUSTOMER_PRICE,IRT_toman_major_unit0,EXACT_SKU_AND_MODEL,079a2a6d73870d59d4a30b1d60e3096c218e0dde81679e46e658edb65a2e071a
2366,MITUTOYO,953553,8060000.00,9380000,1320000.00,mitutoyoiran:4945,https://www.mitutoyoiran.com/product/%d9%85%db%8c%d9%84%d9%87-%d8%b1%d8%a7%d8%a8%d8%b7-%d8%a7%d9%81%d8%b2%d8%a7%db%8c%d8%b4-%d8%b7%d9%88%d9%84-%d8%a8%d9%88%d8%b1%da%af%db%8c%d8%ac/,2026-09-09T13:20:11Z,9380000,KARZAR_PRICE=CURRENT_MITUTOYOIRAN_CUSTOMER_PRICE,IRT_toman_major_unit0,EXACT_SKU_AND_MODEL,079a2a6d73870d59d4a30b1d60e3096c218e0dde81679e46e658edb65a2e071a
2367,MITUTOYO,514-103,82680000.00,96140000,13460000.00,mitutoyoiran:4955,https://www.mitutoyoiran.com/product/%da%a9%d9%88%d9%84%db%8c%d8%b3-%d9%be%d8%a7%db%8c%d9%87-%d8%af%d8%a7%d8%b1-%d8%a7%d8%b1%d8%aa%d9%81%d8%a7%d8%b9-%d8%b3%d9%86%d8%ac-%d9%88%d8%b1%d9%86%db%8c%d9%87-%d8%b3%d8%a7%d8%af%d9%87/,2026-09-09T13:20:11Z,96140000,KARZAR_PRICE=CURRENT_MITUTOYOIRAN_CUSTOMER_PRICE,IRT_toman_major_unit0,EXACT_MODEL,079a2a6d73870d59d4a30b1d60e3096c218e0dde81679e46e658edb65a2e071a
2368,MITUTOYO,570-412,,196000000,,mitutoyoiran:4958,https://www.mitutoyoiran.com/product/%da%a9%d9%88%d9%84%db%8c%d8%b3-%d9%be%d8%a7%db%8c%d9%87-%d8%af%d8%a7%d8%b1-%d8%af%db%8c%d8%ac%db%8c%d8%aa%d8%a7%d9%84-%d9%85%db%8c%d8%aa%d9%88%d8%aa%d9%88%db%8c%d9%88/,2026-09-09T13:20:11Z,196000000,KARZAR_PRICE=CURRENT_MITUTOYOIRAN_CUSTOMER_PRICE,IRT_toman_major_unit0,EXACT_MODEL,079a2a6d73870d59d4a30b1d60e3096c218e0dde81679e46e658edb65a2e071a
2369,MITUTOYO,570-414,230580000.00,268125000,37545000.00,mitutoyoiran:4961,https://www.mitutoyoiran.com/product/%da%a9%d9%88%d9%84%db%8c%d8%b3-%d9%be%d8%a7%db%8c%d9%87-%d8%af%d8%a7%d8%b1-%d8%a7%d8%b1%d8%aa%d9%81%d8%a7%d8%b9-%d8%b3%d9%86%d8%ac-%d8%af%db%8c%d8%ac%db%8c%d8%aa%d8%a7%d9%84/,2026-09-09T13:20:11Z,268125000,KARZAR_PRICE=CURRENT_MITUTOYOIRAN_CUSTOMER_PRICE,IRT_toman_major_unit0,EXACT_MODEL,079a2a6d73870d59d4a30b1d60e3096c218e0dde81679e46e658edb65a2e071a
2370,MITUTOYO,192-631,278800000.00,324187500,45387500.00,mitutoyoiran:4964,https://www.mitutoyoiran.com/product/%da%a9%d9%88%d9%84%db%8c%d8%b3-%d9%be%d8%a7%db%8c%d9%87-%d8%af%d8%a7%d8%b1-%d8%af%db%8c%d8%ac%db%8c%d8%aa%d8%a7%d9%84-%d8%af%d9%88-%d9%be%d8%a7%db%8c%d9%87/,2026-09-09T13:20:11Z,324187500,KARZAR_PRICE=CURRENT_MITUTOYOIRAN_CUSTOMER_PRICE,IRT_toman_major_unit0,EXACT_MODEL,079a2a6d73870d59d4a30b1d60e3096c218e0dde81679e46e658edb65a2e071a
2371,MITUTOYO,103006,2820000.00,3282500,462500.00,mitutoyoiran:4966,https://www.mitutoyoiran.com/product/%d9%be%d8%b1%d8%a7%d8%a8-%d8%b3%d8%a7%d8%b9%d8%aa-%d8%b4%db%8c%d8%b7%d9%88%d9%86%da%a9%db%8c-%d8%a7%d8%b3%d8%aa%d8%a7%d9%86%d8%af%d8%a7%d8%b1%d8%af/,2026-09-09T13:20:11Z,3282500,KARZAR_PRICE=CURRENT_MITUTOYOIRAN_CUSTOMER_PRICE,IRT_toman_major_unit0,EXACT_SKU_AND_MODEL,079a2a6d73870d59d4a30b1d60e3096c218e0dde81679e46e658edb65a2e071a
2372,MITUTOYO,136013,3420000.00,3977500,557500.00,mitutoyoiran:4968,https://www.mitutoyoiran.com/product/%d9%be%d8%b1%d8%a7%d8%a8-%d8%b3%d8%a7%d8%b9%d8%aa-%d8%b4%db%8c%d8%b7%d9%88%d9%86%da%a9%db%8c-%d8%a8%d9%84%d9%86%d8%af/,2026-09-09T13:20:11Z,3977500,KARZAR_PRICE=CURRENT_MITUTOYOIRAN_CUSTOMER_PRICE,IRT_toman_major_unit0,EXACT_SKU_AND_MODEL,079a2a6d73870d59d4a30b1d60e3096c218e0dde81679e46e658edb65a2e071a
2374,MITUTOYO,21AZB161,460000.00,542500,82500.00,mitutoyoiran:4975,https://www.mitutoyoiran.com/product/%d8%a8%d8%b2%d9%84-%d8%b5%d9%81%d8%ad%d9%87-%d9%88-%d9%82%d8%a7%d8%a8-%d8%b4%db%8c%d8%b4%d9%87-%d8%b3%d8%a7%d8%b9%d8%aa-%d8%a7%d9%86%d8%af%db%8c%da%a9%d8%a7%d8%aa%d9%88%d8%b1/,2026-09-09T13:20:11Z,542500,KARZAR_PRICE=CURRENT_MITUTOYOIRAN_CUSTOMER_PRICE,IRT_toman_major_unit0,EXACT_SKU_AND_MODEL,079a2a6d73870d59d4a30b1d60e3096c218e0dde81679e46e658edb65a2e071a
2375,MITUTOYO,293-251,106480000.00,123825000,17345000.00,mitutoyoiran:6193,https://www.mitutoyoiran.com/product/%d9%85%db%8c%da%a9%d8%b1%d9%88%d9%85%d8%aa%d8%b1-%d8%af%db%8c%d8%ac%db%8c%d8%aa%d8%a7%d9%84-%d9%85%db%8c%d8%aa%d9%88%d8%aa%d9%88%db%8c%d9%88-150-125-%d9%85%db%8c%d9%84%db%8c%d9%85%d8%aa%d8%b1-%d8%b3/,2026-09-09T13:20:11Z,123825000,KARZAR_PRICE=CURRENT_MITUTOYOIRAN_CUSTOMER_PRICE,IRT_toman_major_unit0,EXACT_MODEL,079a2a6d73870d59d4a30b1d60e3096c218e0dde81679e46e658edb65a2e071a
2378,MITUTOYO,112-167,50070000.00,58232500,8162500.00,mitutoyoiran:7542,https://www.mitutoyoiran.com/product/%d9%85%db%8c%da%a9%d8%b1%d9%88%d9%85%d8%aa%d8%b1-%d8%b3%d8%a7%d8%af%d9%87-%d9%85%db%8c%d8%aa%d9%88%d8%aa%d9%88%db%8c%d9%88-75-50-%d9%85%db%8c%d9%84%db%8c%d9%85%d8%aa%d8%b1-%d9%81%da%a9-%d8%b3/,2026-09-09T13:20:11Z,58232500,KARZAR_PRICE=CURRENT_MITUTOYOIRAN_CUSTOMER_PRICE,IRT_toman_major_unit0,EXACT_MODEL,079a2a6d73870d59d4a30b1d60e3096c218e0dde81679e46e658edb65a2e071a
2379,MITUTOYO,103-177,10950000.00,12742500,1792500.00,mitutoyoiran:7550,https://www.mitutoyoiran.com/product/%d9%85%db%8c%da%a9%d8%b1%d9%88%d9%85%d8%aa%d8%b1-%d8%b3%d8%a7%d8%af%d9%87-%d9%85%db%8c%d8%aa%d9%88%d8%aa%d9%88%db%8c%d9%88-1-0-%d8%a7%db%8c%d9%86%da%86-%d8%af%d9%82%d8%aa-0-001-%d8%a7%db%8c%d9%86/,2026-09-09T13:20:11Z,12742500,KARZAR_PRICE=CURRENT_MITUTOYOIRAN_CUSTOMER_PRICE,IRT_toman_major_unit0,EXACT_MODEL,079a2a6d73870d59d4a30b1d60e3096c218e0dde81679e46e658edb65a2e071a
2380,MITUTOYO,103-178,14090000.00,16390000,2300000.00,mitutoyoiran:7560,https://www.mitutoyoiran.com/product/%d9%85%db%8c%da%a9%d8%b1%d9%88%d9%85%d8%aa%d8%b1-%d9%88%d8%b1%d9%86%db%8c%d9%87-%d9%85%db%8c%d8%aa%d9%88%d8%aa%d9%88%db%8c%d9%88-2-1-%d8%a7%db%8c%d9%86%da%86-%d8%af%d9%82%d8%aa-0-001-%d8%a7%db%8c/,2026-09-09T13:20:11Z,16390000,KARZAR_PRICE=CURRENT_MITUTOYOIRAN_CUSTOMER_PRICE,IRT_toman_major_unit0,EXACT_MODEL,079a2a6d73870d59d4a30b1d60e3096c218e0dde81679e46e658edb65a2e071a
2382,MITUTOYO,150-212,20850000.00,24252500,3402500.00,mitutoyoiran:7575,https://www.mitutoyoiran.com/product/%d9%87%d8%af-%d9%85%db%8c%da%a9%d8%b1%d9%88%d9%85%d8%aa%d8%b1-%d8%b3%d8%a7%d8%af%d9%87-%d9%85%db%8c%d8%aa%d9%88%d8%aa%d9%88%db%8c%d9%88-25-0-%d9%85%db%8c%d9%84%db%8c%d9%85%d8%aa%d8%b1-%d8%af/,2026-09-09T13:20:11Z,24252500,KARZAR_PRICE=CURRENT_MITUTOYOIRAN_CUSTOMER_PRICE,IRT_toman_major_unit0,EXACT_MODEL,079a2a6d73870d59d4a30b1d60e3096c218e0dde81679e46e658edb65a2e071a
2383,MITUTOYO,123-102,28670000.00,33345000,4675000.00,mitutoyoiran:7582,https://www.mitutoyoiran.com/product/%d9%85%db%8c%da%a9%d8%b1%d9%88%d9%85%d8%aa%d8%b1-%d9%88%d8%b1%d9%86%db%8c%d9%87-%d9%85%db%8c%d8%aa%d9%88%d8%aa%d9%88%db%8c%d9%88-%d9%81%da%a9-%d8%af%db%8c%d8%b3%da%a9%db%8c-50-25-%d9%85%db%8c%d9%84/,2026-09-09T13:20:11Z,33345000,KARZAR_PRICE=CURRENT_MITUTOYOIRAN_CUSTOMER_PRICE,IRT_toman_major_unit0,EXACT_MODEL,079a2a6d73870d59d4a30b1d60e3096c218e0dde81679e46e658edb65a2e071a
2384,MITUTOYO,123-103,30630000.00,35627500,4997500.00,mitutoyoiran:7589,https://www.mitutoyoiran.com/product/%d9%85%db%8c%da%a9%d8%b1%d9%88%d9%85%d8%aa%d8%b1-%d8%b3%d8%a7%d8%af%d9%87-%d9%85%db%8c%d8%aa%d9%88%d8%aa%d9%88%db%8c%d9%88-%d9%81%da%a9-%d8%a8%d8%b4%d9%82%d8%a7%d8%a8%db%8c-75-50-%d9%85%db%8c%d9%84/,2026-09-09T13:20:11Z,35627500,KARZAR_PRICE=CURRENT_MITUTOYOIRAN_CUSTOMER_PRICE,IRT_toman_major_unit0,EXACT_MODEL,079a2a6d73870d59d4a30b1d60e3096c218e0dde81679e46e658edb65a2e071a
2385,MITUTOYO,123-104,32500000.00,37800000,5300000.00,mitutoyoiran:7598,https://www.mitutoyoiran.com/product/%d9%85%db%8c%da%a9%d8%b1%d9%88%d9%85%d8%aa%d8%b1-%d9%88%d8%b1%d9%86%db%8c%d9%87-%d9%85%db%8c%d8%aa%d9%88%d8%aa%d9%88%db%8c%d9%88-%d9%81%da%a9-%d8%af%db%8c%d8%b3%da%a9%db%8c-100-75-%d9%85%db%8c%d9%84/,2026-09-09T13:20:11Z,37800000,KARZAR_PRICE=CURRENT_MITUTOYOIRAN_CUSTOMER_PRICE,IRT_toman_major_unit0,EXACT_MODEL,079a2a6d73870d59d4a30b1d60e3096c218e0dde81679e46e658edb65a2e071a
2387,MITUTOYO,513-404A,18470000.00,21480000,3010000.00,mitutoyoiran:7660,https://www.mitutoyoiran.com/product/%d8%b3%d8%a7%d8%b9%d8%aa-%d8%a7%d9%86%d8%af%db%8c%da%a9%d8%a7%d8%aa%d9%88%d8%b1-%d8%b9%d9%82%d8%b1%d8%a8%d9%87%d8%a7%db%8c-%d9%85%db%8c%d8%aa%d9%88%d8%aa%d9%88%db%8c%d9%88-%da%a9%d9%88%d8%b1/,2026-09-09T13:20:11Z,21480000,KARZAR_PRICE=CURRENT_MITUTOYOIRAN_CUSTOMER_PRICE,IRT_toman_major_unit0,EXACT_SKU_AND_MODEL,079a2a6d73870d59d4a30b1d60e3096c218e0dde81679e46e658edb65a2e071a
2389,MITUTOYO,500-155,80000000.00,93025000,13025000.00,mitutoyoiran:9561,https://www.mitutoyoiran.com/product/%da%a9%d9%88%d9%84%db%8c%d8%b3-%d8%af%db%8c%d8%ac%db%8c%d8%aa%d8%a7%d9%84-%d9%85%db%8c%d8%aa%d9%88%d8%aa%d9%88%db%8c%d9%88-15-%d8%b3%d8%a7%d9%86%d8%aa%db%8c%d9%85%d8%aa%d8%b1-%d9%81%da%a9/,2026-09-09T13:20:11Z,93025000,KARZAR_PRICE=CURRENT_MITUTOYOIRAN_CUSTOMER_PRICE,IRT_toman_major_unit0,EXACT_MODEL,079a2a6d73870d59d4a30b1d60e3096c218e0dde81679e46e658edb65a2e071a
2390,MITUTOYO,505-742J,25620000.00,29792500,4172500.00,mitutoyoiran:9584,https://www.mitutoyoiran.com/product/%da%a9%d9%88%d9%84%db%8c%d8%b3-%d8%b3%d8%a7%d8%b9%d8%aa%db%8c-6-%d8%a7%db%8c%d9%86%da%86-%d9%85%db%8c%d8%aa%d9%88%d8%aa%d9%88%db%8c%d9%88-%d9%85%d8%af%d9%84-505-742j/,2026-09-09T13:20:11Z,29792500,KARZAR_PRICE=CURRENT_MITUTOYOIRAN_CUSTOMER_PRICE,IRT_toman_major_unit0,EXACT_SKU_AND_MODEL,079a2a6d73870d59d4a30b1d60e3096c218e0dde81679e46e658edb65a2e071a
2391,MITUTOYO,505-743J,33430000.00,38882500,5452500.00,mitutoyoiran:9588,https://www.mitutoyoiran.com/product/%da%a9%d9%88%d9%84%db%8c%d8%b3-%d8%b9%d9%82%d8%b1%d8%a8%d9%87%d8%a7%db%8c-8-%d8%a7%db%8c%d9%86%da%86-%d9%85%db%8c%d8%aa%d9%88%d8%aa%d9%88%db%8c%d9%88-%d9%85%d8%af%d9%84-505-743j/,2026-09-09T13:20:11Z,38882500,KARZAR_PRICE=CURRENT_MITUTOYOIRAN_CUSTOMER_PRICE,IRT_toman_major_unit0,EXACT_SKU_AND_MODEL,079a2a6d73870d59d4a30b1d60e3096c218e0dde81679e46e658edb65a2e071a
2392,MITUTOYO,505-746,49800000.00,57917500,8117500.00,mitutoyoiran:9592,https://www.mitutoyoiran.com/product/%da%a9%d9%88%d9%84%db%8c%d8%b3-%d8%b3%d8%a7%d8%b9%d8%aa%db%8c-12-%d8%a7%db%8c%d9%86%da%86-%d9%85%db%8c%d8%aa%d9%88%d8%aa%d9%88%db%8c%d9%88-746-505/,2026-09-09T13:20:11Z,57917500,KARZAR_PRICE=CURRENT_MITUTOYOIRAN_CUSTOMER_PRICE,IRT_toman_major_unit0,EXACT_MODEL,079a2a6d73870d59d4a30b1d60e3096c218e0dde81679e46e658edb65a2e071a
2393,MITUTOYO,293-252,,125727500,,mitutoyoiran:9595,https://www.mitutoyoiran.com/product/%d9%85%db%8c%da%a9%d8%b1%d9%88%d9%85%d8%aa%d8%b1-%d8%af%db%8c%d8%ac%db%8c%d8%aa%d8%a7%d9%84-%d9%85%db%8c%d8%aa%d9%88%d8%aa%d9%88%db%8c%d9%88-175-150-%d9%85%db%8c%d9%84%db%8c%d9%85%d8%aa%d8%b1/,2026-09-09T13:20:11Z,125727500,KARZAR_PRICE=CURRENT_MITUTOYOIRAN_CUSTOMER_PRICE,IRT_toman_major_unit0,EXACT_MODEL,079a2a6d73870d59d4a30b1d60e3096c218e0dde81679e46e658edb65a2e071a
2394,MITUTOYO,293-253,111520000.00,129675000,18155000.00,mitutoyoiran:9600,https://www.mitutoyoiran.com/product/%d9%85%db%8c%da%a9%d8%b1%d9%88%d9%85%d8%aa%d8%b1-%d8%af%db%8c%d8%ac%db%8c%d8%aa%d8%a7%d9%84-%d9%85%db%8c%d8%aa%d9%88%d8%aa%d9%88%db%8c%d9%88-200-175-%d9%85%db%8c%d9%84%db%8c%d9%85%d8%aa%d8%b1/,2026-09-09T13:20:11Z,129675000,KARZAR_PRICE=CURRENT_MITUTOYOIRAN_CUSTOMER_PRICE,IRT_toman_major_unit0,EXACT_MODEL,079a2a6d73870d59d4a30b1d60e3096c218e0dde81679e46e658edb65a2e071a
2395,MITUTOYO,118-102,30060000.00,34957500,4897500.00,mitutoyoiran:9659,https://www.mitutoyoiran.com/product/%d9%85%db%8c%da%a9%d8%b1%d9%88%d9%85%d8%aa%d8%b1-%d9%88%d8%b1%d9%86%db%8c%d9%87-%d9%85%db%8c%d8%aa%d9%88%d8%aa%d9%88%db%8c%d9%88-25-0-%d9%85%db%8c%d9%84%db%8c%d9%85%d8%aa%d8%b1-%d9%86%d8%b9/,2026-09-09T13:20:11Z,34957500,KARZAR_PRICE=CURRENT_MITUTOYOIRAN_CUSTOMER_PRICE,IRT_toman_major_unit0,EXACT_MODEL,079a2a6d73870d59d4a30b1d60e3096c218e0dde81679e46e658edb65a2e071a
2396,MITUTOYO,150-192,9410000.00,10950000,1540000.00,mitutoyoiran:9669,https://www.mitutoyoiran.com/product/%d9%85%db%8c%da%a9%d8%b1%d9%88%d9%85%d8%aa%d8%b1-%d9%87%d8%af-%d9%88%d8%b1%d9%86%db%8c%d9%87-%d9%85%db%8c%d8%aa%d9%88%d8%aa%d9%88%db%8c%d9%88-25-0-%d9%85%db%8c%d9%84%db%8c%d9%85%d8%aa%d8%b1/,2026-09-09T13:20:11Z,10950000,KARZAR_PRICE=CURRENT_MITUTOYOIRAN_CUSTOMER_PRICE,IRT_toman_major_unit0,EXACT_MODEL,079a2a6d73870d59d4a30b1d60e3096c218e0dde81679e46e658edb65a2e071a
2397,MITUTOYO,123-105,39270000.00,45665000,6395000.00,mitutoyoiran:9687,https://www.mitutoyoiran.com/product/%d9%85%db%8c%da%a9%d8%b1%d9%88%d9%85%d8%aa%d8%b1-%d9%88%d8%b1%d9%86%db%8c%d9%87-%d9%85%db%8c%d8%aa%d9%88%d8%aa%d9%88%db%8c%d9%88-125-100-%d9%85%db%8c%d9%84%db%8c%d9%85%d8%aa%d8%b1-%d9%81/,2026-09-09T13:20:11Z,45665000,KARZAR_PRICE=CURRENT_MITUTOYOIRAN_CUSTOMER_PRICE,IRT_toman_major_unit0,EXACT_MODEL,079a2a6d73870d59d4a30b1d60e3096c218e0dde81679e46e658edb65a2e071a
2399,MITUTOYO,2414A,,23975000,,mitutoyoiran:9722,https://www.mitutoyoiran.com/product/%d8%b3%d8%a7%d8%b9%d8%aa-%d8%a7%d9%86%d8%af%db%8c%da%a9%d8%a7%d8%aa%d9%88%d8%b1-%d8%b9%d9%82%d8%b1%d8%a8%d9%87%d8%a7%db%8c-%d9%85%db%8c%d8%aa%d9%88%d8%aa%d9%88%db%8c%d9%88-0-5-%d8%a7%db%8c/,2026-09-09T13:20:11Z,23975000,KARZAR_PRICE=CURRENT_MITUTOYOIRAN_CUSTOMER_PRICE,IRT_toman_major_unit0,EXACT_SKU,079a2a6d73870d59d4a30b1d60e3096c218e0dde81679e46e658edb65a2e071a
2400,MITUTOYO,571-215,185190000.00,215345000,30155000.00,mitutoyoiran:9842,https://www.mitutoyoiran.com/product/%d8%b9%d9%85%d9%82%d8%b3%d9%86%d8%ac-%d8%af%db%8c%d8%ac%db%8c%d8%aa%d8%a7%d9%84-%d9%85%db%8c%d8%aa%d9%88%d8%aa%d9%88%db%8c%d9%88-600-%d9%85%db%8c%d9%84%db%8c%d9%85%d8%aa%d8%b1-%d8%af/,2026-09-09T13:20:11Z,215345000,KARZAR_PRICE=CURRENT_MITUTOYOIRAN_CUSTOMER_PRICE,IRT_toman_major_unit0,EXACT_MODEL,079a2a6d73870d59d4a30b1d60e3096c218e0dde81679e46e658edb65a2e071a
2401,MITUTOYO,188-130,5770000.00,6720000,950000.00,mitutoyoiran:9969,https://www.mitutoyoiran.com/product/%d8%b3%d8%aa-%d8%b4%d8%a7%d8%a8%d9%84%d9%88%d9%86-%d8%af%d9%86%d8%af%d9%87-%d9%85%db%8c%d8%aa%d9%88%d8%aa%d9%88%db%8c%d9%88-22-%d8%aa%db%8c%d8%ba%d9%87-6-0-35-%d9%85%db%8c%d9%84%db%8c%d9%85/,2026-09-09T13:20:11Z,6720000,KARZAR_PRICE=CURRENT_MITUTOYOIRAN_CUSTOMER_PRICE,IRT_toman_major_unit0,EXACT_MODEL,079a2a6d73870d59d4a30b1d60e3096c218e0dde81679e46e658edb65a2e071a
2402,MITUTOYO,601645,,47125000,,mitutoyoiran:9988,https://www.mitutoyoiran.com/product/%d8%b3%d9%86%da%af-%d8%b3%d8%a7%d8%a8-%d9%86%da%af%d9%87%d8%af%d8%a7%d8%b1%db%8c-%d8%a7%d8%b2-%da%af%db%8c%d8%ac-%d8%a8%d9%84%d9%88%da%a9-%d9%85%db%8c%d8%aa%d9%88%d8%aa%d9%88%db%8c%d9%88-%d9%85%d8%af/,2026-09-09T13:20:11Z,47125000,KARZAR_PRICE=CURRENT_MITUTOYOIRAN_CUSTOMER_PRICE,IRT_toman_major_unit0,EXACT_SKU_AND_MODEL,079a2a6d73870d59d4a30b1d60e3096c218e0dde81679e46e658edb65a2e071a
2403,MITUTOYO,950-233,5670000.00,6597500,927500.00,mitutoyoiran:10011,https://www.mitutoyoiran.com/product/%d9%be%d8%b1%da%af%d8%a7%d8%b1-%d8%af%d8%a7%d8%ae%d9%84%d8%b3%d9%86%d8%ac-%d8%b5%d9%86%d8%b9%d8%aa%db%8c-%d9%85%db%8c%d8%aa%d9%88%d8%aa%d9%88%db%8c%d9%88-200-%d9%85%db%8c%d9%84%db%8c/,2026-09-09T13:20:11Z,6597500,KARZAR_PRICE=CURRENT_MITUTOYOIRAN_CUSTOMER_PRICE,IRT_toman_major_unit0,EXACT_MODEL,079a2a6d73870d59d4a30b1d60e3096c218e0dde81679e46e658edb65a2e071a
2404,MITUTOYO,950-223,5670000.00,6597500,927500.00,mitutoyoiran:10017,https://www.mitutoyoiran.com/product/%d9%be%d8%b1%da%af%d8%a7%d8%b1-%d8%ae%d8%a7%d8%b1%d8%ac%d8%b3%d9%86%d8%ac-%d8%b5%d9%86%d8%b9%d8%aa%db%8c-%d9%85%db%8c%d8%aa%d9%88%d8%aa%d9%88%db%8c%d9%88-200-%d9%85%db%8c%d9%84%db%8c/,2026-09-09T13:20:11Z,6597500,KARZAR_PRICE=CURRENT_MITUTOYOIRAN_CUSTOMER_PRICE,IRT_toman_major_unit0,EXACT_MODEL,079a2a6d73870d59d4a30b1d60e3096c218e0dde81679e46e658edb65a2e071a
2405,MITUTOYO,101039,340000.00,405000,65000.00,mitutoyoiran:10024,https://www.mitutoyoiran.com/product/%d8%af%d8%b1%d8%a8-%d9%be%d8%b4%d8%aa-%d8%b5%d8%a7%d9%81-%d8%b3%d8%a7%d8%b9%d8%aa-%d8%a7%d8%b3%d8%aa%d8%a7%d9%86%d8%af%d8%a7%d8%b1%d8%af-%d9%85%db%8c%d8%aa%d9%88%d8%aa%d9%88%db%8c%d9%88-%d9%85%d8%af/,2026-09-09T13:20:11Z,405000,KARZAR_PRICE=CURRENT_MITUTOYOIRAN_CUSTOMER_PRICE,IRT_toman_major_unit0,EXACT_SKU_AND_MODEL,079a2a6d73870d59d4a30b1d60e3096c218e0dde81679e46e658edb65a2e071a
2406,MITUTOYO,101211,340000.00,405000,65000.00,mitutoyoiran:10026,https://www.mitutoyoiran.com/product/%d8%af%d8%b1%d8%a8-%d9%be%d8%b4%d8%aa-%d8%b5%d8%a7%d9%81-%d8%b3%d8%a7%d8%b9%d8%aa-%da%a9%d9%88%da%86%da%a9-%d9%85%db%8c%d8%aa%d9%88%d8%aa%d9%88%db%8c%d9%88-%d9%85%d8%af%d9%84-101211/,2026-09-09T13:20:11Z,405000,KARZAR_PRICE=CURRENT_MITUTOYOIRAN_CUSTOMER_PRICE,IRT_toman_major_unit0,EXACT_SKU_AND_MODEL,079a2a6d73870d59d4a30b1d60e3096c218e0dde81679e46e658edb65a2e071a
2407,MITUTOYO,06AFM380,53170000.00,61835000,8665000.00,mitutoyoiran:10028,https://www.mitutoyoiran.com/product/%da%a9%d8%a7%d8%a8%d9%84-%d8%a7%d8%aa%d8%b5%d8%a7%d9%84-%d8%a8%d9%87-%da%a9%d8%a7%d9%85%d9%be%db%8c%d9%88%d8%aa%d8%b1-%d8%a8%d8%b1%d8%a7%db%8c-%da%a9%d9%88%d9%84%db%8c%d8%b3-%d9%88-%d8%b3%d8%a7%d8%b9/,2026-09-09T13:20:11Z,61835000,KARZAR_PRICE=CURRENT_MITUTOYOIRAN_CUSTOMER_PRICE,IRT_toman_major_unit0,EXACT_SKU_AND_MODEL,079a2a6d73870d59d4a30b1d60e3096c218e0dde81679e46e658edb65a2e071a
2408,MITUTOYO,900321,4110000.00,4785000,675000.00,mitutoyoiran:10030,https://www.mitutoyoiran.com/product/%d9%85%db%8c%d9%84%d9%87-%d9%88-%da%af%db%8c%d8%b1%d9%87-%d8%b3%d8%a7%d8%b9%d8%aa-%da%a9%d9%84%d9%85%d9%be-%d8%a8%d8%b1%d8%a7%db%8c-%da%a9%d9%88%d9%84%db%8c%d8%b3-%d9%be%d8%a7%db%8c%d9%87/,2026-09-09T13:20:11Z,4785000,KARZAR_PRICE=CURRENT_MITUTOYOIRAN_CUSTOMER_PRICE,IRT_toman_major_unit0,EXACT_SKU_AND_MODEL,079a2a6d73870d59d4a30b1d60e3096c218e0dde81679e46e658edb65a2e071a
2409,MITUTOYO,02AZC360,1420000.00,1662500,242500.00,mitutoyoiran:10032,https://www.mitutoyoiran.com/product/%d9%be%db%8c%da%86-%d9%88-%da%af%db%8c%d8%b1%d9%87-%d9%be%d8%a7%db%8c%d9%87-%d8%b3%d8%a7%d8%b9%d8%aa-%da%a9%d9%84%d9%85%d9%be-%d9%85%db%8c%d8%aa%d9%88%d8%aa%d9%88%db%8c%d9%88-%d9%85%d8%af%d9%84-02az/,2026-09-09T13:20:11Z,1662500,KARZAR_PRICE=CURRENT_MITUTOYOIRAN_CUSTOMER_PRICE,IRT_toman_major_unit0,EXACT_SKU_AND_MODEL,079a2a6d73870d59d4a30b1d60e3096c218e0dde81679e46e658edb65a2e071a
2410,MITUTOYO,04GZA239,2120000.00,2467500,347500.00,mitutoyoiran:10034,https://www.mitutoyoiran.com/product/%d8%ac%d8%ba%d8%ac%d8%ba%d9%87-%d9%85%db%8c%da%a9%d8%b1%d9%88%d9%85%d8%aa%d8%b1-%d9%85%db%8c%d8%aa%d9%88%d8%aa%d9%88%db%8c%d9%88-%d9%85%d8%af%d9%84-04gza239/,2026-09-09T13:20:11Z,2467500,KARZAR_PRICE=CURRENT_MITUTOYOIRAN_CUSTOMER_PRICE,IRT_toman_major_unit0,EXACT_SKU_AND_MODEL,079a2a6d73870d59d4a30b1d60e3096c218e0dde81679e46e658edb65a2e071a
2411,MITUTOYO,938882,1190000.00,1385000,195000.00,mitutoyoiran:10036,https://www.mitutoyoiran.com/product/%d8%a8%d8%a7%d8%aa%d8%b1%db%8c-%d9%85%db%8c%d8%aa%d9%88%d8%aa%d9%88%db%8c%d9%88-%d9%85%d8%af%d9%84-938882/,2026-09-09T13:20:11Z,1385000,KARZAR_PRICE=CURRENT_MITUTOYOIRAN_CUSTOMER_PRICE,IRT_toman_major_unit0,EXACT_SKU_AND_MODEL,079a2a6d73870d59d4a30b1d60e3096c218e0dde81679e46e658edb65a2e071a
