product_id,sku,current_is_available,proposed_is_available,current_base_price,verified_mitutoyoiran_price,inventory_source,inventory_source_match,price_source,source_retrieved_at,snapshot_sha256,identity_match,content_safety,primary_image_status,expected_current_hash,availability_class,allowed_future_mutation,base_price_change,is_active_change,price_plan_prerequisite,cohort
2111,145-185,false,true,38830000.00,45160000,https://www.mitutoyoiran.com/,145-185,mitutoyoiran:74,2026-09-09T13:20:11Z,079a2a6d73870d59d4a30b1d60e3096c218e0dde81679e46e658edb65a2e071a,EXACT_MODEL,SALE_CONTENT_SAFE,PRESENT_AND_ACCEPTABLE,9bf9a2de7087b96095e1db2ea0b2ec50e3c2b2cc4237146fe0da93a09ba34448,FALSE_TO_TRUE,is_available,false,false,MITUTOYO_PRICE_PLAN,A_IMAGE_PRESENT
2124,2050A,false,true,19010000.00,22112500,https://www.mitutoyoiran.com/,2050A,mitutoyoiran:195,2026-09-09T13:20:11Z,079a2a6d73870d59d4a30b1d60e3096c218e0dde81679e46e658edb65a2e071a,EXACT_SKU_AND_MODEL,SALE_CONTENT_SAFE,PRESENT_AND_ACCEPTABLE,b5532cfb172d47c4daf95e9acf94c0dc637f9c29c36cb8e262ef15ffeb2638b1,FALSE_TO_TRUE,is_available,false,false,MITUTOYO_PRICE_PLAN,A_IMAGE_PRESENT
2138,513-401E,false,true,24600000.00,28605000,https://www.mitutoyoiran.com/,513-401E,mitutoyoiran:446,2026-09-09T13:20:11Z,079a2a6d73870d59d4a30b1d60e3096c218e0dde81679e46e658edb65a2e071a,EXACT_SKU,SALE_CONTENT_SAFE,PRESENT_AND_ACCEPTABLE,178af5bdffcf6d2d02d707f646a1a879e47f6301d6991a398b2260c54f6961ad,FALSE_TO_TRUE,is_available,false,false,MITUTOYO_PRICE_PLAN,A_IMAGE_PRESENT
2144,186-105,false,true,6440000.00,7497500,https://www.mitutoyoiran.com/,186-105,mitutoyoiran:2993,2026-09-09T13:20:11Z,079a2a6d73870d59d4a30b1d60e3096c218e0dde81679e46e658edb65a2e071a,EXACT_MODEL,SALE_CONTENT_SAFE,PRESENT_AND_ACCEPTABLE,713f0ee17935865683e9f67053ee2222549f14566d0bd54af6e4398f4ccf274b,FALSE_TO_TRUE,is_available,false,false,MITUTOYO_PRICE_PLAN,A_IMAGE_PRESENT
2145,7301A,false,true,17860000.00,20777500,https://www.mitutoyoiran.com/,7301A,mitutoyoiran:3015,2026-09-09T13:20:11Z,079a2a6d73870d59d4a30b1d60e3096c218e0dde81679e46e658edb65a2e071a,EXACT_SKU,SALE_CONTENT_SAFE,PRESENT_AND_ACCEPTABLE,7a1ded7e0e06fd60c711f1db8124481edce06d5f89cf7fd84b2c57ba71f32f62,FALSE_TO_TRUE,is_available,false,false,MITUTOYO_PRICE_PLAN,A_IMAGE_PRESENT
2146,186-106,false,true,8170000.00,9500000,https://www.mitutoyoiran.com/,186-106,mitutoyoiran:3044,2026-09-09T13:20:11Z,079a2a6d73870d59d4a30b1d60e3096c218e0dde81679e46e658edb65a2e071a,EXACT_MODEL,SALE_CONTENT_SAFE,PRESENT_AND_ACCEPTABLE,ec0a2d244042a2bbc4cc708c99f333ff39366ed2ae0a2f61c6e6afd084158a2a,FALSE_TO_TRUE,is_available,false,false,MITUTOYO_PRICE_PLAN,A_IMAGE_PRESENT
2147,186-107,false,true,14850000.00,17272500,https://www.mitutoyoiran.com/,186-107,mitutoyoiran:3048,2026-09-09T13:20:11Z,079a2a6d73870d59d4a30b1d60e3096c218e0dde81679e46e658edb65a2e071a,EXACT_MODEL,SALE_CONTENT_SAFE,PRESENT_AND_ACCEPTABLE,ca9980784d469150a748d28f10c846f6d89a3ee896553473948fdc07d95c085b,FALSE_TO_TRUE,is_available,false,false,MITUTOYO_PRICE_PLAN,A_IMAGE_PRESENT
2148,511-711,false,true,37890000.00,44062500,https://www.mitutoyoiran.com/,511-711,mitutoyoiran:3386,2026-09-09T13:20:11Z,079a2a6d73870d59d4a30b1d60e3096c218e0dde81679e46e658edb65a2e071a,EXACT_MODEL,SALE_CONTENT_SAFE,PRESENT_AND_ACCEPTABLE,a9ba037c734b88e0f9fcffbb485e27979a72046bda0d612e10a5572d5f77ac19,FALSE_TO_TRUE,is_available,false,false,MITUTOYO_PRICE_PLAN,A_IMAGE_PRESENT
2159,511-211,false,true,34850000.00,40527500,https://www.mitutoyoiran.com/,511-211,mitutoyoiran:3397,2026-09-09T13:20:11Z,079a2a6d73870d59d4a30b1d60e3096c218e0dde81679e46e658edb65a2e071a,EXACT_MODEL,SALE_CONTENT_SAFE,PRESENT_AND_ACCEPTABLE,1097f3d85f9970882611f9945a426943728c713eb158f79ae493af8da51f9ce1,FALSE_TO_TRUE,is_available,false,false,MITUTOYO_PRICE_PLAN,A_IMAGE_PRESENT
2168,103-137,false,true,8830000.00,10270000,https://www.mitutoyoiran.com/,103-137,mitutoyoiran:3407,2026-09-09T13:20:11Z,079a2a6d73870d59d4a30b1d60e3096c218e0dde81679e46e658edb65a2e071a,EXACT_MODEL,SALE_CONTENT_SAFE,PRESENT_AND_ACCEPTABLE,2fbce0aba89271c142edd7b52b3cfe2dfc22798d0d3ad8d7aae841473e7f71cb,FALSE_TO_TRUE,is_available,false,false,MITUTOYO_PRICE_PLAN,A_IMAGE_PRESENT
2169,103-138,false,true,11480000.00,13352500,https://www.mitutoyoiran.com/,103-138,mitutoyoiran:3408,2026-09-09T13:20:11Z,079a2a6d73870d59d4a30b1d60e3096c218e0dde81679e46e658edb65a2e071a,EXACT_MODEL,SALE_CONTENT_SAFE,PRESENT_AND_ACCEPTABLE,5f5d019e27e08f594a6e907670371b88aa03441ebf859529d94d90c078ca183d,FALSE_TO_TRUE,is_available,false,false,MITUTOYO_PRICE_PLAN,A_IMAGE_PRESENT
2174,137-202,false,true,41220000.00,47932500,https://www.mitutoyoiran.com/,137-202,mitutoyoiran:3413,2026-09-09T13:20:11Z,079a2a6d73870d59d4a30b1d60e3096c218e0dde81679e46e658edb65a2e071a,EXACT_MODEL,SALE_CONTENT_SAFE,PRESENT_AND_ACCEPTABLE,b884835792700ce1b1f58723f30380f54c3c9b3c1c72f3fc997002c19dd53eeb,FALSE_TO_TRUE,is_available,false,false,MITUTOYO_PRICE_PLAN,A_IMAGE_PRESENT
2175,137-203,false,true,48930000.00,56902500,https://www.mitutoyoiran.com/,137-203,mitutoyoiran:3414,2026-09-09T13:20:11Z,079a2a6d73870d59d4a30b1d60e3096c218e0dde81679e46e658edb65a2e071a,EXACT_MODEL,SALE_CONTENT_SAFE,PRESENT_AND_ACCEPTABLE,d29b27137f015ecb7b1d93b1693be41aac5aedca4ec1ed65f2b240a0e6335671,FALSE_TO_TRUE,is_available,false,false,MITUTOYO_PRICE_PLAN,A_IMAGE_PRESENT
2176,137-204,false,true,72290000.00,84065000,https://www.mitutoyoiran.com/,137-204,mitutoyoiran:3415,2026-09-09T13:20:11Z,079a2a6d73870d59d4a30b1d60e3096c218e0dde81679e46e658edb65a2e071a,EXACT_MODEL,SALE_CONTENT_SAFE,PRESENT_AND_ACCEPTABLE,1ecdc287096ca09a5990dfd58b33d55d8846f46eab1de307e7dcc7129dcdbee5,FALSE_TO_TRUE,is_available,false,false,MITUTOYO_PRICE_PLAN,A_IMAGE_PRESENT
2177,137-205,false,true,92310000.00,107337500,https://www.mitutoyoiran.com/,137-205,mitutoyoiran:3416,2026-09-09T13:20:11Z,079a2a6d73870d59d4a30b1d60e3096c218e0dde81679e46e658edb65a2e071a,EXACT_MODEL,SALE_CONTENT_SAFE,PRESENT_AND_ACCEPTABLE,9912a5e38f6e8ef2da25ba39c6b7dcc7629007414222867d006a92102523da2e,FALSE_TO_TRUE,is_available,false,false,MITUTOYO_PRICE_PLAN,A_IMAGE_PRESENT
2178,123-101,false,true,26890000.00,31272500,https://www.mitutoyoiran.com/,123-101,mitutoyoiran:3417,2026-09-09T13:20:11Z,079a2a6d73870d59d4a30b1d60e3096c218e0dde81679e46e658edb65a2e071a,EXACT_MODEL,SALE_CONTENT_SAFE,PRESENT_AND_ACCEPTABLE,81b8d2b18dbba08480cc587f0d8d69f3f970b5efb3dc1a64e4927e3b222a1771,FALSE_TO_TRUE,is_available,false,false,MITUTOYO_PRICE_PLAN,A_IMAGE_PRESENT
2179,115-215,false,true,14910000.00,17340000,https://www.mitutoyoiran.com/,115-215,mitutoyoiran:3418,2026-09-09T13:20:11Z,079a2a6d73870d59d4a30b1d60e3096c218e0dde81679e46e658edb65a2e071a,EXACT_MODEL,SALE_CONTENT_SAFE,PRESENT_AND_ACCEPTABLE,9c8b1642111bbdd08913d9789a31c83372935ca68c4a6451edbed0415d9db10f,FALSE_TO_TRUE,is_available,false,false,MITUTOYO_PRICE_PLAN,A_IMAGE_PRESENT
2180,112-153,false,true,24390000.00,28362500,https://www.mitutoyoiran.com/,112-153,mitutoyoiran:3419,2026-09-09T13:20:11Z,079a2a6d73870d59d4a30b1d60e3096c218e0dde81679e46e658edb65a2e071a,EXACT_MODEL,SALE_CONTENT_SAFE,PRESENT_AND_ACCEPTABLE,44a5e2ce902eefc028ac26cc2f574070265c9ec02bbbe836deed1c5d81a0a780,FALSE_TO_TRUE,is_available,false,false,MITUTOYO_PRICE_PLAN,A_IMAGE_PRESENT
2190,573-601,false,true,87490000.00,101742500,https://www.mitutoyoiran.com/,573-601,mitutoyoiran:3429,2026-09-09T13:20:11Z,079a2a6d73870d59d4a30b1d60e3096c218e0dde81679e46e658edb65a2e071a,EXACT_MODEL,SALE_CONTENT_SAFE,PRESENT_AND_ACCEPTABLE,5b0e6b2dbaebf1faf3b52f9f4eae25eb3f209765b2c67127e45feb92a3327338,FALSE_TO_TRUE,is_available,false,false,MITUTOYO_PRICE_PLAN,A_IMAGE_PRESENT
2197,530-312,false,true,9490000.00,11042500,https://www.mitutoyoiran.com/,530-312,mitutoyoiran:3436,2026-09-09T13:20:11Z,079a2a6d73870d59d4a30b1d60e3096c218e0dde81679e46e658edb65a2e071a,EXACT_MODEL,SALE_CONTENT_SAFE,PRESENT_AND_ACCEPTABLE,58d818123c98474bf867854f8e69690305a40efcb189530e9539d06b22a5d6db,FALSE_TO_TRUE,is_available,false,false,MITUTOYO_PRICE_PLAN,A_IMAGE_PRESENT
2198,530-118,false,true,12540000.00,14587500,https://www.mitutoyoiran.com/,530-118,mitutoyoiran:3437,2026-09-09T13:20:11Z,079a2a6d73870d59d4a30b1d60e3096c218e0dde81679e46e658edb65a2e071a,EXACT_MODEL,SALE_CONTENT_SAFE,PRESENT_AND_ACCEPTABLE,a91d99787fb05d74dd9acfed83bba9ccb6cb6c2dd5f79c211d994688d8fef1da,FALSE_TO_TRUE,is_available,false,false,MITUTOYO_PRICE_PLAN,A_IMAGE_PRESENT
2199,530-119,false,true,27480000.00,31955000,https://www.mitutoyoiran.com/,530-119,mitutoyoiran:3438,2026-09-09T13:20:11Z,079a2a6d73870d59d4a30b1d60e3096c218e0dde81679e46e658edb65a2e071a,EXACT_MODEL,SALE_CONTENT_SAFE,PRESENT_AND_ACCEPTABLE,1fed16b0e5759bc31804689482f94f92fc9e14acc2e04f381c6c1a49a592d911,FALSE_TO_TRUE,is_available,false,false,MITUTOYO_PRICE_PLAN,A_IMAGE_PRESENT
2205,505-732,false,true,20830000.00,24227500,https://www.mitutoyoiran.com/,505-732,mitutoyoiran:3444,2026-09-09T13:20:11Z,079a2a6d73870d59d4a30b1d60e3096c218e0dde81679e46e658edb65a2e071a,EXACT_MODEL,SALE_CONTENT_SAFE,PRESENT_AND_ACCEPTABLE,ccd42809e9031f9ca907fdb03038848b7c6fea74b497c6a81efb5847b6c8cedb,FALSE_TO_TRUE,is_available,false,false,MITUTOYO_PRICE_PLAN,A_IMAGE_PRESENT
2207,505-733,false,true,28530000.00,33185000,https://www.mitutoyoiran.com/,505-733,mitutoyoiran:3446,2026-09-09T13:20:11Z,079a2a6d73870d59d4a30b1d60e3096c218e0dde81679e46e658edb65a2e071a,EXACT_MODEL,SALE_CONTENT_SAFE,PRESENT_AND_ACCEPTABLE,38f577e88dc7a8df92c398f480a3de41eec8d63140ed6b8e26146ba65908a632,FALSE_TO_TRUE,is_available,false,false,MITUTOYO_PRICE_PLAN,A_IMAGE_PRESENT
2230,1044A,false,true,12830000.00,14925000,https://www.mitutoyoiran.com/,1044A,mitutoyoiran:3469,2026-09-09T13:20:11Z,079a2a6d73870d59d4a30b1d60e3096c218e0dde81679e46e658edb65a2e071a,EXACT_SKU_AND_MODEL,SALE_CONTENT_SAFE,PRESENT_AND_ACCEPTABLE,3ef4c303e4958e750e0c4d733d967037d5fdd88c0dcd768b9075a082bf95f336,FALSE_TO_TRUE,is_available,false,false,MITUTOYO_PRICE_PLAN,A_IMAGE_PRESENT
2241,543-781,false,true,30840000.00,35862500,https://www.mitutoyoiran.com/,543-781,mitutoyoiran:3480,2026-09-09T13:20:11Z,079a2a6d73870d59d4a30b1d60e3096c218e0dde81679e46e658edb65a2e071a,EXACT_MODEL,SALE_CONTENT_SAFE,PRESENT_AND_ACCEPTABLE,9f8756ba7d06ac2596cce48ab5f7d1cf94de60bb4a47b86ebb048f9c25e1f434,FALSE_TO_TRUE,is_available,false,false,MITUTOYO_PRICE_PLAN,A_IMAGE_PRESENT
2242,543-791,false,true,,81535000,https://www.mitutoyoiran.com/,543-791,mitutoyoiran:3481,2026-09-09T13:20:11Z,079a2a6d73870d59d4a30b1d60e3096c218e0dde81679e46e658edb65a2e071a,EXACT_MODEL,SALE_CONTENT_SAFE,PRESENT_AND_ACCEPTABLE,9d71a5a03eb4c3f725edf7c2a72e13cc2bf57d8d7985440ed6590f93b50da946,FALSE_TO_TRUE,is_available,false,false,MITUTOYO_PRICE_PLAN,A_IMAGE_PRESENT
2266,7010S-10,false,true,17250000.00,20065000,https://www.mitutoyoiran.com/,7010S-10,mitutoyoiran:3506,2026-09-09T13:20:11Z,079a2a6d73870d59d4a30b1d60e3096c218e0dde81679e46e658edb65a2e071a,EXACT_SKU,SALE_CONTENT_SAFE,PRESENT_AND_ACCEPTABLE,9e72a7a83cba2ae5d0c7aca47218ce54ba2c45678355b4ae5fa4f5d4a2102a61,FALSE_TO_TRUE,is_available,false,false,MITUTOYO_PRICE_PLAN,A_IMAGE_PRESENT
2267,7011S-10,false,true,18480000.00,21500000,https://www.mitutoyoiran.com/,7011S-10,mitutoyoiran:3507,2026-09-09T13:20:11Z,079a2a6d73870d59d4a30b1d60e3096c218e0dde81679e46e658edb65a2e071a,EXACT_SKU,SALE_CONTENT_SAFE,PRESENT_AND_ACCEPTABLE,f6fdd7df945547310149b8dfc822cecd7bb98bc3a7f3dcba4297a9aa3656480d,FALSE_TO_TRUE,is_available,false,false,MITUTOYO_PRICE_PLAN,A_IMAGE_PRESENT
2269,7014,false,true,18220000.00,21192500,https://www.mitutoyoiran.com/,7014,mitutoyoiran:3509,2026-09-09T13:20:11Z,079a2a6d73870d59d4a30b1d60e3096c218e0dde81679e46e658edb65a2e071a,EXACT_SKU_AND_MODEL,SALE_CONTENT_SAFE,PRESENT_AND_ACCEPTABLE,d5481ae4b0ba293d889a52e11b5304b5da762248e637a679759f89b2cd0ea7ac,FALSE_TO_TRUE,is_available,false,false,MITUTOYO_PRICE_PLAN,A_IMAGE_PRESENT
2270,7033,false,true,,128787500,https://www.mitutoyoiran.com/,7033,mitutoyoiran:3510,2026-09-09T13:20:11Z,079a2a6d73870d59d4a30b1d60e3096c218e0dde81679e46e658edb65a2e071a,EXACT_SKU_AND_MODEL,SALE_CONTENT_SAFE,PRESENT_AND_ACCEPTABLE,40810999f4f6f41613a09c0d2b245d795f419ca87496fadef134a3af6c7e41ef,FALSE_TO_TRUE,is_available,false,false,MITUTOYO_PRICE_PLAN,A_IMAGE_PRESENT
2276,513-414E,false,true,24270000.00,28222500,https://www.mitutoyoiran.com/,513-414E,mitutoyoiran:3516,2026-09-09T13:20:11Z,079a2a6d73870d59d4a30b1d60e3096c218e0dde81679e46e658edb65a2e071a,EXACT_SKU,SALE_CONTENT_SAFE,PRESENT_AND_ACCEPTABLE,2d5a55a173b35d266cfedd5ec54aec64706b397734763621fca8035339bb116d,FALSE_TO_TRUE,is_available,false,false,MITUTOYO_PRICE_PLAN,A_IMAGE_PRESENT
2283,511-204,false,true,40120000.00,46660000,https://www.mitutoyoiran.com/,511-204,mitutoyoiran:3570,2026-09-09T13:20:11Z,079a2a6d73870d59d4a30b1d60e3096c218e0dde81679e46e658edb65a2e071a,EXACT_MODEL,SALE_CONTENT_SAFE,PRESENT_AND_ACCEPTABLE,519c4a33ee232d986de0293bec4030eddb48b301d3b0bcc4b60665ae3a971b1f,FALSE_TO_TRUE,is_available,false,false,MITUTOYO_PRICE_PLAN,A_IMAGE_PRESENT
2298,103-144,false,true,28360000.00,32982500,https://www.mitutoyoiran.com/,103-144,mitutoyoiran:4203,2026-09-09T13:20:11Z,079a2a6d73870d59d4a30b1d60e3096c218e0dde81679e46e658edb65a2e071a,EXACT_MODEL,SALE_CONTENT_SAFE,PRESENT_AND_ACCEPTABLE,93081c3d1b6d6eeee01c181971a728bcb7b643c252f89e7be98307da5f0dfbf7,FALSE_TO_TRUE,is_available,false,false,MITUTOYO_PRICE_PLAN,A_IMAGE_PRESENT
2303,104-142A,false,true,95510000.00,111062500,https://www.mitutoyoiran.com/,104-142A,mitutoyoiran:4214,2026-09-09T13:20:11Z,079a2a6d73870d59d4a30b1d60e3096c218e0dde81679e46e658edb65a2e071a,EXACT_SKU,SALE_CONTENT_SAFE,PRESENT_AND_ACCEPTABLE,77fc088cc3c3df6e5d07d0256c4c336a17c3e3b9cb8224c75f8ec89d2ceddc06,FALSE_TO_TRUE,is_available,false,false,MITUTOYO_PRICE_PLAN,A_IMAGE_PRESENT
2304,104-143A,false,true,107900000.00,125470000,https://www.mitutoyoiran.com/,104-143A,mitutoyoiran:4216,2026-09-09T13:20:11Z,079a2a6d73870d59d4a30b1d60e3096c218e0dde81679e46e658edb65a2e071a,EXACT_SKU,SALE_CONTENT_SAFE,PRESENT_AND_ACCEPTABLE,e20d47069b9d132a400ef7440a7e6ada59ed087fc9eec68ecd62b6ecb641fd64,FALSE_TO_TRUE,is_available,false,false,MITUTOYO_PRICE_PLAN,A_IMAGE_PRESENT
2305,104-144A,false,true,140770000.00,163687500,https://www.mitutoyoiran.com/,104-144A,mitutoyoiran:4218,2026-09-09T13:20:11Z,079a2a6d73870d59d4a30b1d60e3096c218e0dde81679e46e658edb65a2e071a,EXACT_SKU,SALE_CONTENT_SAFE,PRESENT_AND_ACCEPTABLE,bf484c1037cdb435491098ff413c3137a711793d9966af5767fbc428238ef30f,FALSE_TO_TRUE,is_available,false,false,MITUTOYO_PRICE_PLAN,A_IMAGE_PRESENT
2306,104-145A,false,true,,183027500,https://www.mitutoyoiran.com/,104-145A,mitutoyoiran:4221,2026-09-09T13:20:11Z,079a2a6d73870d59d4a30b1d60e3096c218e0dde81679e46e658edb65a2e071a,EXACT_SKU,SALE_CONTENT_SAFE,PRESENT_AND_ACCEPTABLE,c594c5bce6cbb377e91c66004bdbebbb5258ff2375aa6ff042a6d277c5bba6ba,FALSE_TO_TRUE,is_available,false,false,MITUTOYO_PRICE_PLAN,A_IMAGE_PRESENT
2307,104-141A,false,true,75900000.00,88265000,https://www.mitutoyoiran.com/,104-141A,mitutoyoiran:4223,2026-09-09T13:20:11Z,079a2a6d73870d59d4a30b1d60e3096c218e0dde81679e46e658edb65a2e071a,EXACT_SKU,SALE_CONTENT_SAFE,PRESENT_AND_ACCEPTABLE,18f4099f696de9095dd06053afde23d6aec6c0742f3bf9259039f266f6cd0584,FALSE_TO_TRUE,is_available,false,false,MITUTOYO_PRICE_PLAN,A_IMAGE_PRESENT
2308,104-146A,false,true,187690000.00,218247500,https://www.mitutoyoiran.com/,104-146A,mitutoyoiran:4225,2026-09-09T13:20:11Z,079a2a6d73870d59d4a30b1d60e3096c218e0dde81679e46e658edb65a2e071a,EXACT_SKU,SALE_CONTENT_SAFE,PRESENT_AND_ACCEPTABLE,425afbea820002b9d6ca74e8bbe0609de7780b1f3397ae2d189247d8d6f57cb6,FALSE_TO_TRUE,is_available,false,false,MITUTOYO_PRICE_PLAN,A_IMAGE_PRESENT
2309,104-147A,false,true,222420000.00,258637500,https://www.mitutoyoiran.com/,104-147A,mitutoyoiran:4227,2026-09-09T13:20:11Z,079a2a6d73870d59d4a30b1d60e3096c218e0dde81679e46e658edb65a2e071a,EXACT_SKU_AND_MODEL,SALE_CONTENT_SAFE,PRESENT_AND_ACCEPTABLE,c844f5422d27c77f19084f30136563e7acfa4ccadd79f267cd2a8bb5e85935f0,FALSE_TO_TRUE,is_available,false,false,MITUTOYO_PRICE_PLAN,A_IMAGE_PRESENT
2310,104-148A,false,true,262530000.00,305275000,https://www.mitutoyoiran.com/,104-148A,mitutoyoiran:4231,2026-09-09T13:20:11Z,079a2a6d73870d59d4a30b1d60e3096c218e0dde81679e46e658edb65a2e071a,EXACT_SKU_AND_MODEL,SALE_CONTENT_SAFE,PRESENT_AND_ACCEPTABLE,7a331590a79ad0abc2d03821945c12362bcc3fe0b7855ea8de1c0823c0086746,FALSE_TO_TRUE,is_available,false,false,MITUTOYO_PRICE_PLAN,A_IMAGE_PRESENT
2311,534-113,false,true,84610000.00,98390000,https://www.mitutoyoiran.com/,534-113,mitutoyoiran:4234,2026-09-09T13:20:11Z,079a2a6d73870d59d4a30b1d60e3096c218e0dde81679e46e658edb65a2e071a,EXACT_MODEL,SALE_CONTENT_SAFE,PRESENT_AND_ACCEPTABLE,d11292750a397a2a58211d60599c80ef439321ddeab6b87cf123a26470f45164,FALSE_TO_TRUE,is_available,false,false,MITUTOYO_PRICE_PLAN,A_IMAGE_PRESENT
2326,368-168,false,true,110310000.00,128270000,https://www.mitutoyoiran.com/,368-168,mitutoyoiran:4269,2026-09-09T13:20:11Z,079a2a6d73870d59d4a30b1d60e3096c218e0dde81679e46e658edb65a2e071a,EXACT_MODEL,SALE_CONTENT_SAFE,PRESENT_AND_ACCEPTABLE,11a16377ed0f0c4b45aa1399bb32c55a68fb861838c7aad3b2548ee2b2baac88,FALSE_TO_TRUE,is_available,false,false,MITUTOYO_PRICE_PLAN,A_IMAGE_PRESENT
2327,368-169,false,true,113320000.00,131777500,https://www.mitutoyoiran.com/,368-169,mitutoyoiran:4273,2026-09-09T13:20:11Z,079a2a6d73870d59d4a30b1d60e3096c218e0dde81679e46e658edb65a2e071a,EXACT_MODEL,SALE_CONTENT_SAFE,PRESENT_AND_ACCEPTABLE,60cc8fd8036808610fe9622bc211a2a093bf33c15867109a4998be1675296735,FALSE_TO_TRUE,is_available,false,false,MITUTOYO_PRICE_PLAN,A_IMAGE_PRESENT
2333,7305A,false,true,,31635000,https://www.mitutoyoiran.com/,7305A,mitutoyoiran:4329,2026-09-09T13:20:11Z,079a2a6d73870d59d4a30b1d60e3096c218e0dde81679e46e658edb65a2e071a,EXACT_SKU,SALE_CONTENT_SAFE,PRESENT_AND_ACCEPTABLE,7266544a435f23aa1b680153c34ebaaa96232c9ca1d9c46c7e60886fa7912043,FALSE_TO_TRUE,is_available,false,false,MITUTOYO_PRICE_PLAN,A_IMAGE_PRESENT
2336,7323A,false,true,32280000.00,37537500,https://www.mitutoyoiran.com/,7323A,mitutoyoiran:4335,2026-09-09T13:20:11Z,079a2a6d73870d59d4a30b1d60e3096c218e0dde81679e46e658edb65a2e071a,EXACT_SKU,SALE_CONTENT_SAFE,PRESENT_AND_ACCEPTABLE,63bb0b38fb4f267153d51f9f15e41ad7f669c5bea1e9417b7b3c28c80fb17cd2,FALSE_TO_TRUE,is_available,false,false,MITUTOYO_PRICE_PLAN,A_IMAGE_PRESENT
2339,145-187,false,true,,72447500,https://www.mitutoyoiran.com/,145-187,mitutoyoiran:4340,2026-09-09T13:20:11Z,079a2a6d73870d59d4a30b1d60e3096c218e0dde81679e46e658edb65a2e071a,EXACT_MODEL,SALE_CONTENT_SAFE,PRESENT_AND_ACCEPTABLE,cd711144ebce7485557b124caeceecb15f167a2131b4239a4b8ad42e4b1049de,FALSE_TO_TRUE,is_available,false,false,MITUTOYO_PRICE_PLAN,A_IMAGE_PRESENT
2340,145-188,false,true,69720000.00,81080000,https://www.mitutoyoiran.com/,145-188,mitutoyoiran:4342,2026-09-09T13:20:11Z,079a2a6d73870d59d4a30b1d60e3096c218e0dde81679e46e658edb65a2e071a,EXACT_MODEL,SALE_CONTENT_SAFE,PRESENT_AND_ACCEPTABLE,6b976b6f5f7893d71c92ae585cc191124d01b33ba6a5ea19a9208c169380b6bd,FALSE_TO_TRUE,is_available,false,false,MITUTOYO_PRICE_PLAN,A_IMAGE_PRESENT
2341,184-313S,false,true,10260000.00,11942500,https://www.mitutoyoiran.com/,184-313S,mitutoyoiran:4344,2026-09-09T13:20:11Z,079a2a6d73870d59d4a30b1d60e3096c218e0dde81679e46e658edb65a2e071a,EXACT_SKU,SALE_CONTENT_SAFE,PRESENT_AND_ACCEPTABLE,b1d2b6cb5e64e2518a8fc50201553c11586ca25c7a2c5265320dd8d22abe0cdd,FALSE_TO_TRUE,is_available,false,false,MITUTOYO_PRICE_PLAN,A_IMAGE_PRESENT
2342,184-303S,false,true,14180000.00,16490000,https://www.mitutoyoiran.com/,184-303S,mitutoyoiran:4346,2026-09-09T13:20:11Z,079a2a6d73870d59d4a30b1d60e3096c218e0dde81679e46e658edb65a2e071a,EXACT_SKU,SALE_CONTENT_SAFE,PRESENT_AND_ACCEPTABLE,a023b0eddce415beb2280dd4ac6a7b6ac72025cb93e6c4e9114249d1a5d62e18,FALSE_TO_TRUE,is_available,false,false,MITUTOYO_PRICE_PLAN,A_IMAGE_PRESENT
2343,188-151,false,true,12630000.00,14692500,https://www.mitutoyoiran.com/,188-151,mitutoyoiran:4348,2026-09-09T13:20:11Z,079a2a6d73870d59d4a30b1d60e3096c218e0dde81679e46e658edb65a2e071a,EXACT_MODEL,SALE_CONTENT_SAFE,PRESENT_AND_ACCEPTABLE,ac4d0ab0db711245ae233ff310f9f0520593fa6489e77aee6de4d71837d9c646,FALSE_TO_TRUE,is_available,false,false,MITUTOYO_PRICE_PLAN,A_IMAGE_PRESENT
2346,187-901,false,true,,79255000,https://www.mitutoyoiran.com/,187-901,mitutoyoiran:4352,2026-09-09T13:20:11Z,079a2a6d73870d59d4a30b1d60e3096c218e0dde81679e46e658edb65a2e071a,EXACT_MODEL,SALE_CONTENT_SAFE,PRESENT_AND_ACCEPTABLE,87b085ea2c2c7c2cee6220da2ae8b98b0291e452d96bdf04e1ee48236675178e,FALSE_TO_TRUE,is_available,false,false,MITUTOYO_PRICE_PLAN,A_IMAGE_PRESENT
2351,103-145,false,true,30630000.00,35627500,https://www.mitutoyoiran.com/,103-145,mitutoyoiran:4609,2026-09-09T13:20:11Z,079a2a6d73870d59d4a30b1d60e3096c218e0dde81679e46e658edb65a2e071a,EXACT_MODEL,SALE_CONTENT_SAFE,PRESENT_AND_ACCEPTABLE,eab8b7f1e4ee87b473f1e8dca1f0750385d711b5e40797855437ef820e681573,FALSE_TO_TRUE,is_available,false,false,MITUTOYO_PRICE_PLAN,A_IMAGE_PRESENT
2352,103-146,false,true,32570000.00,37875000,https://www.mitutoyoiran.com/,103-146,mitutoyoiran:4621,2026-09-09T13:20:11Z,079a2a6d73870d59d4a30b1d60e3096c218e0dde81679e46e658edb65a2e071a,EXACT_MODEL,SALE_CONTENT_SAFE,PRESENT_AND_ACCEPTABLE,746944034f4ad85f0d9e39b76987e568ea4a1c4e9b5e16bb9df523b973a9ee17,FALSE_TO_TRUE,is_available,false,false,MITUTOYO_PRICE_PLAN,A_IMAGE_PRESENT
2354,103-148,false,true,38650000.00,44942500,https://www.mitutoyoiran.com/,103-148,mitutoyoiran:4648,2026-09-09T13:20:11Z,079a2a6d73870d59d4a30b1d60e3096c218e0dde81679e46e658edb65a2e071a,EXACT_MODEL,SALE_CONTENT_SAFE,PRESENT_AND_ACCEPTABLE,bf458419bbda81638881e3b86aea4ffd536a6e538f194e21b2e7426591c074a8,FALSE_TO_TRUE,is_available,false,false,MITUTOYO_PRICE_PLAN,A_IMAGE_PRESENT
2355,104-139A,false,true,51880000.00,60335000,https://www.mitutoyoiran.com/,104-139A,mitutoyoiran:4651,2026-09-09T13:20:11Z,079a2a6d73870d59d4a30b1d60e3096c218e0dde81679e46e658edb65a2e071a,EXACT_SKU,SALE_CONTENT_SAFE,PRESENT_AND_ACCEPTABLE,fa4e379c0537532795b9f322d40fe7d7e3794414e8569fa60dc30ed8c396f66a,FALSE_TO_TRUE,is_available,false,false,MITUTOYO_PRICE_PLAN,A_IMAGE_PRESENT
2356,104-140A,false,true,51380000.00,71375000,https://www.mitutoyoiran.com/,104-140A,mitutoyoiran:4653,2026-09-09T13:20:11Z,079a2a6d73870d59d4a30b1d60e3096c218e0dde81679e46e658edb65a2e071a,EXACT_SKU,SALE_CONTENT_SAFE,PRESENT_AND_ACCEPTABLE,6f8e0772ca25f877507c8e08216a2f0bdbe9e8255ec27e158d4635232ae18c96,FALSE_TO_TRUE,is_available,false,false,MITUTOYO_PRICE_PLAN,A_IMAGE_PRESENT
2359,523-122,false,true,122440000.00,142382500,https://www.mitutoyoiran.com/,523-122,mitutoyoiran:4923,2026-09-09T13:20:11Z,079a2a6d73870d59d4a30b1d60e3096c218e0dde81679e46e658edb65a2e071a,EXACT_MODEL,SALE_CONTENT_SAFE,PRESENT_AND_ACCEPTABLE,944c31f1f130f5bbc6377821f649ca69a2ba48b3765b9fd45cc179f8022c9da1,FALSE_TO_TRUE,is_available,false,false,MITUTOYO_PRICE_PLAN,A_IMAGE_PRESENT
2378,112-167,false,true,50070000.00,58232500,https://www.mitutoyoiran.com/,112-167,mitutoyoiran:7542,2026-09-09T13:20:11Z,079a2a6d73870d59d4a30b1d60e3096c218e0dde81679e46e658edb65a2e071a,EXACT_MODEL,SALE_CONTENT_SAFE,PRESENT_AND_ACCEPTABLE,a7f3d9b32b3fe37881ea8c68fe95237e71474934bf31de6f47085aa1ceeda4a0,FALSE_TO_TRUE,is_available,false,false,MITUTOYO_PRICE_PLAN,A_IMAGE_PRESENT
2390,505-742J,false,true,25620000.00,29792500,https://www.mitutoyoiran.com/,505-742J,mitutoyoiran:9584,2026-09-09T13:20:11Z,079a2a6d73870d59d4a30b1d60e3096c218e0dde81679e46e658edb65a2e071a,EXACT_SKU_AND_MODEL,SALE_CONTENT_SAFE,PRESENT_AND_ACCEPTABLE,570fbad38eea6ed816e99d8b5d03ad8965c7b20ec4566741b806973b0e8fcafb,FALSE_TO_TRUE,is_available,false,false,MITUTOYO_PRICE_PLAN,A_IMAGE_PRESENT
2391,505-743J,false,true,33430000.00,38882500,https://www.mitutoyoiran.com/,505-743J,mitutoyoiran:9588,2026-09-09T13:20:11Z,079a2a6d73870d59d4a30b1d60e3096c218e0dde81679e46e658edb65a2e071a,EXACT_SKU_AND_MODEL,SALE_CONTENT_SAFE,PRESENT_AND_ACCEPTABLE,dcb6c612aa8cb7fdbf867101e99feb3fa8b1e4833d569fc3f30bffe0572c35df,FALSE_TO_TRUE,is_available,false,false,MITUTOYO_PRICE_PLAN,A_IMAGE_PRESENT
2392,505-746,false,true,49800000.00,57917500,https://www.mitutoyoiran.com/,505-746,mitutoyoiran:9592,2026-09-09T13:20:11Z,079a2a6d73870d59d4a30b1d60e3096c218e0dde81679e46e658edb65a2e071a,EXACT_MODEL,SALE_CONTENT_SAFE,PRESENT_AND_ACCEPTABLE,755963a79b65819fac14837b9285e6d0be4e444873b578fda5a346d9cd9eefeb,FALSE_TO_TRUE,is_available,false,false,MITUTOYO_PRICE_PLAN,A_IMAGE_PRESENT
2395,118-102,false,true,30060000.00,34957500,https://www.mitutoyoiran.com/,118-102,mitutoyoiran:9659,2026-09-09T13:20:11Z,079a2a6d73870d59d4a30b1d60e3096c218e0dde81679e46e658edb65a2e071a,EXACT_MODEL,SALE_CONTENT_SAFE,PRESENT_AND_ACCEPTABLE,0910817df6f779906b95a9337fb9a76c9c5a646587ba352b1cc56c252617402c,FALSE_TO_TRUE,is_available,false,false,MITUTOYO_PRICE_PLAN,A_IMAGE_PRESENT
2401,188-130,false,true,5770000.00,6720000,https://www.mitutoyoiran.com/,188-130,mitutoyoiran:9969,2026-09-09T13:20:11Z,079a2a6d73870d59d4a30b1d60e3096c218e0dde81679e46e658edb65a2e071a,EXACT_MODEL,SALE_CONTENT_SAFE,PRESENT_AND_ACCEPTABLE,771e2b3c3080813d6a9bf85c0e96acf360621023d05fc7dc46fb2ed97f26b381,FALSE_TO_TRUE,is_available,false,false,MITUTOYO_PRICE_PLAN,A_IMAGE_PRESENT
2402,601645,false,true,,47125000,https://www.mitutoyoiran.com/,601645,mitutoyoiran:9988,2026-09-09T13:20:11Z,079a2a6d73870d59d4a30b1d60e3096c218e0dde81679e46e658edb65a2e071a,EXACT_SKU_AND_MODEL,SALE_CONTENT_SAFE,PRESENT_AND_ACCEPTABLE,b8ef5dfd64906ed53be647f1e3697253d424e5dd0ea4717755d0a5d8f9708ba1,FALSE_TO_TRUE,is_available,false,false,MITUTOYO_PRICE_PLAN,A_IMAGE_PRESENT
2403,950-233,false,true,5670000.00,6597500,https://www.mitutoyoiran.com/,950-233,mitutoyoiran:10011,2026-09-09T13:20:11Z,079a2a6d73870d59d4a30b1d60e3096c218e0dde81679e46e658edb65a2e071a,EXACT_MODEL,SALE_CONTENT_SAFE,PRESENT_AND_ACCEPTABLE,0edd9606aced82d3d431e46e3c7f0ada045947488cb2dfda1e51b7d6f9095193,FALSE_TO_TRUE,is_available,false,false,MITUTOYO_PRICE_PLAN,A_IMAGE_PRESENT
2404,950-223,false,true,5670000.00,6597500,https://www.mitutoyoiran.com/,950-223,mitutoyoiran:10017,2026-09-09T13:20:11Z,079a2a6d73870d59d4a30b1d60e3096c218e0dde81679e46e658edb65a2e071a,EXACT_MODEL,SALE_CONTENT_SAFE,PRESENT_AND_ACCEPTABLE,29e7e928007cb777c7c938cf77b49df3adfaa34790885909b9ad575612d96a2e,FALSE_TO_TRUE,is_available,false,false,MITUTOYO_PRICE_PLAN,A_IMAGE_PRESENT
2411,938882,false,true,1190000.00,1385000,https://www.mitutoyoiran.com/,938882,mitutoyoiran:10036,2026-09-09T13:20:11Z,079a2a6d73870d59d4a30b1d60e3096c218e0dde81679e46e658edb65a2e071a,EXACT_SKU_AND_MODEL,SALE_CONTENT_SAFE,PRESENT_AND_ACCEPTABLE,d8d366a5a33df8cf09e4642451043d55368699470398377da0a772855a9ab58f,FALSE_TO_TRUE,is_available,false,false,MITUTOYO_PRICE_PLAN,A_IMAGE_PRESENT
