product_id,sku,current_is_available,proposed_is_available,current_base_price,verified_shopmill_price,inventory_source,inventory_source_match,shopmill_source,shopmill_retrieved_at,identity_match,content_safety,primary_image_status,expected_current_hash,availability_class,allowed_future_mutation,base_price_change,is_active_change
4466,CB210-150,false,true,8525000.00,8525000,/home/shebahati/KaZar/Product and Data Complete/اندازه گیری/ترما/لیست قیمت ترما +25درصد.pdf,CB210-150,shopmill:28825,2026-09-09T11:48:38Z,EXACT_SKU,SALE_CONTENT_SAFE,PRESENT_AND_ACCEPTABLE,5aace1318bc809b074f5deff97ceb91644355604f654dad469856e6cbfa22258,FALSE_TO_TRUE,is_available,false,false
4467,CB210-200,false,true,10863000.00,10863000,/home/shebahati/KaZar/Product and Data Complete/اندازه گیری/ترما/لیست قیمت ترما +25درصد.pdf,CB210-200,shopmill:28835,2026-09-09T11:48:38Z,EXACT_SKU,SALE_CONTENT_SAFE,PRESENT_AND_ACCEPTABLE,9cedb509c63823c4bbdf353d7ed6b1a39dbfcc4a61713280b89868d82e552936,FALSE_TO_TRUE,is_available,false,false
4468,CB210-300,false,true,16225000.00,16225000,/home/shebahati/KaZar/Product and Data Complete/اندازه گیری/ترما/لیست قیمت ترما +25درصد.pdf,CB210-300,shopmill:28839,2026-09-09T11:48:38Z,EXACT_SKU,SALE_CONTENT_SAFE,PRESENT_AND_ACCEPTABLE,561ffd736a80c2f6972679cfed0c3cbe490a0db2da422b5e940877d9b6b0b2cf,FALSE_TO_TRUE,is_available,false,false
4469,CD185-150,false,true,6738000.00,6738000,/home/shebahati/KaZar/Product and Data Complete/اندازه گیری/ترما/لیست قیمت ترما +25درصد.pdf,CD185-150,shopmill:28841,2026-09-09T11:48:38Z,EXACT_SKU,SALE_CONTENT_SAFE,PRESENT_AND_ACCEPTABLE,04b3e5b0ccd00bf6921c178869bbe19534e1c6cb02bbccd1a75bf45594c42441,FALSE_TO_TRUE,is_available,false,false
4470,CD185-200,false,true,10313000.00,10313000,/home/shebahati/KaZar/Product and Data Complete/اندازه گیری/ترما/لیست قیمت ترما +25درصد.pdf,CD185-200,shopmill:28846,2026-09-09T11:48:38Z,EXACT_SKU,SALE_CONTENT_SAFE,PRESENT_AND_ACCEPTABLE,a6eb6c8ae3461dd6624be445e0f4cbc369f5c97a0e4c2e4c2daa80dfffc03a16,FALSE_TO_TRUE,is_available,false,false
4471,CD185-300,false,true,15125000.00,15125000,/home/shebahati/KaZar/Product and Data Complete/اندازه گیری/ترما/لیست قیمت ترما +25درصد.pdf,CD185-300,shopmill:28848,2026-09-09T11:48:38Z,EXACT_SKU,SALE_CONTENT_SAFE,PRESENT_AND_ACCEPTABLE,f44e6a731c24e719f31fe35e473532af591d9235e6e44a1f234401ae64422707,FALSE_TO_TRUE,is_available,false,false
4472,CDA100-150,false,true,5775000.00,5775000,/home/shebahati/KaZar/Product and Data Complete/اندازه گیری/ترما/لیست قیمت ترما +25درصد.pdf,CDA100-150,shopmill:28850,2026-09-09T11:48:38Z,EXACT_SKU,SALE_CONTENT_SAFE,PRESENT_AND_ACCEPTABLE,521005aa60004f7a605f89697b9df1c677adbf656f3c0aa70bf8574ce59b38ad,FALSE_TO_TRUE,is_available,false,false
4473,CDA100-200,false,true,8388000.00,8388000,/home/shebahati/KaZar/Product and Data Complete/اندازه گیری/ترما/لیست قیمت ترما +25درصد.pdf,CDA100-200,shopmill:28859,2026-09-09T11:48:38Z,EXACT_SKU,SALE_CONTENT_SAFE,PRESENT_AND_ACCEPTABLE,4741b9f74af2cf4fcf968bac1e8986857415b6864cda35cc864914d777e53d0b,FALSE_TO_TRUE,is_available,false,false
4475,YDA100E-150,false,true,22275000.00,22275000,/home/shebahati/KaZar/Product and Data Complete/اندازه گیری/ترما/لیست قیمت ترما +25درصد.pdf,YDA100E-150,shopmill:28863,2026-09-09T11:48:38Z,EXACT_SKU,SALE_CONTENT_SAFE,PRESENT_AND_ACCEPTABLE,bbd5c933f0ef61b3691c21e03c6b738e3c60b6404ba6547b6b5b4fe552425841,FALSE_TO_TRUE,is_available,false,false
4476,YDA100E-200,false,true,27225000.00,27225000,/home/shebahati/KaZar/Product and Data Complete/اندازه گیری/ترما/لیست قیمت ترما +25درصد.pdf,YDA100E-200,shopmill:28870,2026-09-09T11:48:38Z,EXACT_SKU,SALE_CONTENT_SAFE,PRESENT_AND_ACCEPTABLE,c926684050afb822c269ee3abf99d1f4436c3184c2a9e5cccd7d6f92d86a0e72,FALSE_TO_TRUE,is_available,false,false
4477,YDA100E-300,false,true,36163000.00,36163000,/home/shebahati/KaZar/Product and Data Complete/اندازه گیری/ترما/لیست قیمت ترما +25درصد.pdf,YDA100E-300,shopmill:28873,2026-09-09T11:48:38Z,EXACT_SKU,SALE_CONTENT_SAFE,PRESENT_AND_ACCEPTABLE,84b0eab53aaf0fa089bc171e8c84e1554e211af796e6e5819fff501b4cbad73c,FALSE_TO_TRUE,is_available,false,false
4478,YDA100F-150,false,true,21725000.00,21725000,/home/shebahati/KaZar/Product and Data Complete/اندازه گیری/ترما/لیست قیمت ترما +25درصد.pdf,YDA100F-150,shopmill:28884,2026-09-09T11:48:38Z,EXACT_SKU,SALE_CONTENT_SAFE,PRESENT_AND_ACCEPTABLE,8533a9dce8ccfb5e744e61440b7ce280a4d627bb978190ef60a59bc03f173c4c,FALSE_TO_TRUE,is_available,false,false
4479,YDA100F-200,false,true,26263000.00,26263000,/home/shebahati/KaZar/Product and Data Complete/اندازه گیری/ترما/لیست قیمت ترما +25درصد.pdf,YDA100F-200,shopmill:28889,2026-09-09T11:48:38Z,EXACT_SKU,SALE_CONTENT_SAFE,PRESENT_AND_ACCEPTABLE,1943a37eb6e9900e9c94c62fd8e3635349ad0e3fdc2ed8a9f708a27caede65e6,FALSE_TO_TRUE,is_available,false,false
4483,CDE210-150,false,true,21588000.00,21588000,/home/shebahati/KaZar/Product and Data Complete/اندازه گیری/ترما/لیست قیمت ترما +25درصد.pdf,CDE210-150,shopmill:28903,2026-09-09T11:48:38Z,EXACT_SKU,SALE_CONTENT_SAFE,PRESENT_AND_ACCEPTABLE,458d23be95d179baf5e906cb2fb520a83d9ae9eb343367dded0493c2f4576594,FALSE_TO_TRUE,is_available,false,false
4484,CDE210-200,false,true,25575000.00,25575000,/home/shebahati/KaZar/Product and Data Complete/اندازه گیری/ترما/لیست قیمت ترما +25درصد.pdf,CDE210-200,shopmill:28918,2026-09-09T11:48:38Z,EXACT_SKU,SALE_CONTENT_SAFE,PRESENT_AND_ACCEPTABLE,4de83e5920177bb13de8aac774f25d0456648ebbdb2dcdb4175b1d2423c597dd,FALSE_TO_TRUE,is_available,false,false
4485,CDE210-300,false,true,31763000.00,31763000,/home/shebahati/KaZar/Product and Data Complete/اندازه گیری/ترما/لیست قیمت ترما +25درصد.pdf,CDE210-300,shopmill:28920,2026-09-09T11:48:38Z,EXACT_SKU,SALE_CONTENT_SAFE,PRESENT_AND_ACCEPTABLE,5869fcf262b74e590497527090c2bbe6fe16fc55b36af61986b818c785e42f6c,FALSE_TO_TRUE,is_available,false,false
4486,SDA100C-150,false,true,8663000.00,8663000,/home/shebahati/KaZar/Product and Data Complete/اندازه گیری/ترما/لیست قیمت ترما +25درصد.pdf,SDA100C-150,shopmill:28925,2026-09-09T11:48:38Z,EXACT_SKU,SALE_CONTENT_SAFE,PRESENT_AND_ACCEPTABLE,119c83b297391a979ba7893a3c3d31ed7149fce1e618953b4ac5b5284cd44ab7,FALSE_TO_TRUE,is_available,false,false
4487,SDA100C-200,false,true,11963000.00,11963000,/home/shebahati/KaZar/Product and Data Complete/اندازه گیری/ترما/لیست قیمت ترما +25درصد.pdf,SDA100C-200,shopmill:28929,2026-09-09T11:48:38Z,EXACT_SKU,SALE_CONTENT_SAFE,PRESENT_AND_ACCEPTABLE,0db50acab1535083f093e39511c92332bb381f1349f7a28f9ab1717c470e7d78,FALSE_TO_TRUE,is_available,false,false
4488,SDA100C-300,false,true,18700000.00,18700000,/home/shebahati/KaZar/Product and Data Complete/اندازه گیری/ترما/لیست قیمت ترما +25درصد.pdf,SDA100C-300,shopmill:28932,2026-09-09T11:48:38Z,EXACT_SKU,SALE_CONTENT_SAFE,PRESENT_AND_ACCEPTABLE,f4ddecc958714656d41e1507a7041ad52aaf504aaa4da8ff1d110ce031b40e19,FALSE_TO_TRUE,is_available,false,false
4492,YDA100A-150,false,true,12650000.00,12650000,/home/shebahati/KaZar/Product and Data Complete/اندازه گیری/ترما/لیست قیمت ترما +25درصد.pdf,YDA100A-150,shopmill:28943,2026-09-09T11:48:38Z,EXACT_SKU,SALE_CONTENT_SAFE,PRESENT_AND_ACCEPTABLE,578c1051fb6fcd76bc68b8980ae570af4f09dc06af613b7a50d39da198edc8d7,FALSE_TO_TRUE,is_available,false,false
4493,YDA100A-200,false,true,16225000.00,16225000,/home/shebahati/KaZar/Product and Data Complete/اندازه گیری/ترما/لیست قیمت ترما +25درصد.pdf,YDA100A-200,shopmill:28947,2026-09-09T11:48:38Z,EXACT_SKU,SALE_CONTENT_SAFE,PRESENT_AND_ACCEPTABLE,22dbe75c2fc15a2af2d4725424def0a9df8517eb6464e31b9c69837a06d4644c,FALSE_TO_TRUE,is_available,false,false
4494,YDA100A-300,false,true,20488000.00,20488000,/home/shebahati/KaZar/Product and Data Complete/اندازه گیری/ترما/لیست قیمت ترما +25درصد.pdf,YDA100A-300,shopmill:28949,2026-09-09T11:48:38Z,EXACT_SKU,SALE_CONTENT_SAFE,PRESENT_AND_ACCEPTABLE,52080ef39d9584b0201295697082eacb2a63d2a7697e38821db466ec52360981,FALSE_TO_TRUE,is_available,false,false
4495,YDA100C-150,false,true,163630500.00,163630500,/home/shebahati/KaZar/Product and Data Complete/اندازه گیری/ترما/لیست قیمت ترما +25درصد.pdf,YDA100C-150,shopmill:28963,2026-09-09T11:48:38Z,EXACT_SKU,SALE_CONTENT_SAFE,PRESENT_AND_ACCEPTABLE,0857535baa1d7c263453238492033150a5c2f35d80f5f4c1ebefc99670ab01dc,FALSE_TO_TRUE,is_available,false,false
4496,YDA100C-200,false,true,22413000.00,22413000,/home/shebahati/KaZar/Product and Data Complete/اندازه گیری/ترما/لیست قیمت ترما +25درصد.pdf,YDA100C-200,shopmill:28967,2026-09-09T11:48:38Z,EXACT_SKU,SALE_CONTENT_SAFE,PRESENT_AND_ACCEPTABLE,000b390a372dccbd009b96494217ba85dcf94419ee851e974f1212c8a1cfbfe3,FALSE_TO_TRUE,is_available,false,false
4497,YDA100C-300,false,true,31213000.00,31213000,/home/shebahati/KaZar/Product and Data Complete/اندازه گیری/ترما/لیست قیمت ترما +25درصد.pdf,YDA100C-300,shopmill:28968,2026-09-09T11:48:38Z,EXACT_SKU,SALE_CONTENT_SAFE,PRESENT_AND_ACCEPTABLE,6ec646c7a1a6da75719bd1ceb79a4ad1f0cd57574a9680f3ae75ebe2d34e83e7,FALSE_TO_TRUE,is_available,false,false
4499,CD950A-300,false,true,32175000.00,32175000,/home/shebahati/KaZar/Product and Data Complete/اندازه گیری/ترما/لیست قیمت ترما +25درصد.pdf,CD950A-300,shopmill:29946,2026-09-09T11:48:38Z,EXACT_SKU,SALE_CONTENT_SAFE,PRESENT_AND_ACCEPTABLE,08bbe1453dfebba40974ab7076e5eb0db9998f524f032775c66ed7cc0250de9f,FALSE_TO_TRUE,is_available,false,false
4504,CD960A-500,false,true,88825000.00,88825000,/home/shebahati/KaZar/Product and Data Complete/اندازه گیری/ترما/لیست قیمت ترما +25درصد.pdf,CD960A-500,shopmill:28975,2026-09-09T11:48:38Z,EXACT_SKU,SALE_CONTENT_SAFE,PRESENT_AND_ACCEPTABLE,82c0d519d02868b40aacce29c2edfee5ad7960358964930c93d5411195926d6b,FALSE_TO_TRUE,is_available,false,false
4506,CA210-150,false,true,4813000.00,4813000,/home/shebahati/KaZar/Product and Data Complete/اندازه گیری/ترما/لیست قیمت ترما +25درصد.pdf,CA210-150,shopmill:28994,2026-09-09T11:48:38Z,EXACT_SKU,SALE_CONTENT_SAFE,PRESENT_AND_ACCEPTABLE,2a3ecb467289edcf1043cc747299458daa712a9b899a73c6fce325c9fdfb5f6e,FALSE_TO_TRUE,is_available,false,false
4507,CA210-200,false,true,7425000.00,7425000,/home/shebahati/KaZar/Product and Data Complete/اندازه گیری/ترما/لیست قیمت ترما +25درصد.pdf,CA210-200,shopmill:29002,2026-09-09T11:48:38Z,EXACT_SKU,SALE_CONTENT_SAFE,PRESENT_AND_ACCEPTABLE,0f064f5de6a876a994dac0dcab950740342a5355c19e60b998a9c7b6789f751c,FALSE_TO_TRUE,is_available,false,false
4508,CA210-300,false,true,12238000.00,12238000,/home/shebahati/KaZar/Product and Data Complete/اندازه گیری/ترما/لیست قیمت ترما +25درصد.pdf,CA210-300,shopmill:29004,2026-09-09T11:48:38Z,EXACT_SKU,SALE_CONTENT_SAFE,PRESENT_AND_ACCEPTABLE,774713f0d0439977fabdadf181ec8091c546b3e784ea282f5fd2e6ed571f0744,FALSE_TO_TRUE,is_available,false,false
4509,CA920-500,false,true,33000000.00,33000000,/home/shebahati/KaZar/Product and Data Complete/اندازه گیری/ترما/لیست قیمت ترما +25درصد.pdf,CA920-500,shopmill:29009,2026-09-09T11:48:38Z,EXACT_SKU,SALE_CONTENT_SAFE,PRESENT_AND_ACCEPTABLE,6d22c0901ac44289a354cd6b03a085144bf0a9b0689f243c10ee30e1b733bcf5,FALSE_TO_TRUE,is_available,false,false
4510,CA920-600,false,true,35750000.00,35750000,/home/shebahati/KaZar/Product and Data Complete/اندازه گیری/ترما/لیست قیمت ترما +25درصد.pdf,CA920-600,shopmill:29017,2026-09-09T11:48:38Z,EXACT_SKU,SALE_CONTENT_SAFE,PRESENT_AND_ACCEPTABLE,e565845ae78ce3e17fb113798a81bfa5fccb376c165a0f86292c4ca55d5c4486,FALSE_TO_TRUE,is_available,false,false
4511,IDE111N-100,false,true,46200000.00,46200000,/home/shebahati/KaZar/Product and Data Complete/اندازه گیری/ترما/لیست قیمت ترما +25درصد.pdf,IDE111N-100,shopmill:29778,2026-09-09T11:48:38Z,EXACT_SKU,SALE_CONTENT_SAFE,PRESENT_AND_ACCEPTABLE,d4641278528404d7127176a9d355129de4b154f3157f6e878278c3db44dbcbab,FALSE_TO_TRUE,is_available,false,false
4512,IDE111M-12,false,true,19525000.00,19525000,/home/shebahati/KaZar/Product and Data Complete/اندازه گیری/ترما/لیست قیمت ترما +25درصد.pdf,IDE111M-12,shopmill:29740,2026-09-09T11:48:38Z,EXACT_SKU,SALE_CONTENT_SAFE,PRESENT_AND_ACCEPTABLE,4f5793e85b0e00c8cab294110790eceed24567ab0e7d929fbe22cf7f7b9ee23c,FALSE_TO_TRUE,is_available,false,false
4513,IDE111N-12,false,true,9350000.00,9350000,/home/shebahati/KaZar/Product and Data Complete/اندازه گیری/ترما/لیست قیمت ترما +25درصد.pdf,IDE111N-12,shopmill:29764,2026-09-09T11:48:38Z,EXACT_SKU,SALE_CONTENT_SAFE,PRESENT_AND_ACCEPTABLE,3dd506b879e9128700b27de2b74ddc3dc0fb9f6baf97c9276f865e56074cf453,FALSE_TO_TRUE,is_available,false,false
4514,IDE110M-12,false,true,19525000.00,19525000,/home/shebahati/KaZar/Product and Data Complete/اندازه گیری/ترما/لیست قیمت ترما +25درصد.pdf,IDE110M-12,shopmill:29782,2026-09-09T11:48:38Z,EXACT_SKU,SALE_CONTENT_SAFE,PRESENT_AND_ACCEPTABLE,dcd1a2dce99d01ff75d3aedc3b73f854a782d42a51f6718fb52017b4bd601d6b,FALSE_TO_TRUE,is_available,false,false
4515,IDE110N-12,false,true,9350000.00,9350000,/home/shebahati/KaZar/Product and Data Complete/اندازه گیری/ترما/لیست قیمت ترما +25درصد.pdf,IDE110N-12,shopmill:29786,2026-09-09T11:48:38Z,EXACT_SKU,SALE_CONTENT_SAFE,PRESENT_AND_ACCEPTABLE,f2fcd9def6281a372a553007d8b08ca30273519a7b15d8fd05d6c544ff7063e7,FALSE_TO_TRUE,is_available,false,false
4516,IDA910-10,false,true,34375000.00,34375000,/home/shebahati/KaZar/Product and Data Complete/اندازه گیری/ترما/لیست قیمت ترما +25درصد.pdf,IDA910-10,shopmill:29796,2026-09-09T11:48:38Z,EXACT_SKU,SALE_CONTENT_SAFE,PRESENT_AND_ACCEPTABLE,c4b78ea44416911101d0678044cb093095435cacff6b48c2501be728e5abc9b3,FALSE_TO_TRUE,is_available,false,false
4517,IDA910N-10,false,true,21450000.00,21450000,/home/shebahati/KaZar/Product and Data Complete/اندازه گیری/ترما/لیست قیمت ترما +25درصد.pdf,IDA910N-10,shopmill:29800,2026-09-09T11:48:38Z,EXACT_SKU,SALE_CONTENT_SAFE,PRESENT_AND_ACCEPTABLE,5ea2e4c384b45b62a6bfffe089afd06a1ad9796c5cb8844d1eae6f3d8bcb49c8,FALSE_TO_TRUE,is_available,false,false
4518,IDA920N,false,true,7975000.00,7975000,/home/shebahati/KaZar/Product and Data Complete/اندازه گیری/ترما/لیست قیمت ترما +25درصد.pdf,IDA920N,shopmill:29813,2026-09-09T11:48:38Z,EXACT_SKU,SALE_CONTENT_SAFE,PRESENT_AND_ACCEPTABLE,320dde09363d089d019d7a1c15126f263b2ce8787e04f45cf936cb4e0470bcf4,FALSE_TO_TRUE,is_available,false,false
4521,IDE111M-25,false,true,25988000.00,25988000,/home/shebahati/KaZar/Product and Data Complete/اندازه گیری/ترما/لیست قیمت ترما +25درصد.pdf,IDE111M-25,shopmill:29749,2026-09-09T11:48:38Z,EXACT_SKU,SALE_CONTENT_SAFE,PRESENT_AND_ACCEPTABLE,9b535068e751340795bcf9d8da7fbcbdcdb3bb1bfc41b139f773631a50afb6aa,FALSE_TO_TRUE,is_available,false,false
4522,IDE111M-50,false,true,31488000.00,31488000,/home/shebahati/KaZar/Product and Data Complete/اندازه گیری/ترما/لیست قیمت ترما +25درصد.pdf,IDE111M-50,shopmill:29754,2026-09-09T11:48:38Z,EXACT_SKU,SALE_CONTENT_SAFE,PRESENT_AND_ACCEPTABLE,5b1e121eafab6dbbecaa3eeb4c429277a73ae35f474960d4d49955c2154a7a12,FALSE_TO_TRUE,is_available,false,false
4523,IDE111M-100,false,true,61738000.00,61738000,/home/shebahati/KaZar/Product and Data Complete/اندازه گیری/ترما/لیست قیمت ترما +25درصد.pdf,IDE111M-100,shopmill:29759,2026-09-09T11:48:38Z,EXACT_SKU,SALE_CONTENT_SAFE,PRESENT_AND_ACCEPTABLE,e55fbe17c9b4b3b2633f455b665731aa91d8774033e367b4e8cf9c54d9f1f57c,FALSE_TO_TRUE,is_available,false,false
4524,IDE111N-25,false,true,12650000.00,12650000,/home/shebahati/KaZar/Product and Data Complete/اندازه گیری/ترما/لیست قیمت ترما +25درصد.pdf,IDE111N-25,shopmill:29770,2026-09-09T11:48:38Z,EXACT_SKU,SALE_CONTENT_SAFE,PRESENT_AND_ACCEPTABLE,2430d24aab9affc8319912943c79b964ae2c1c9542181f8af6d20b0da65e2f01,FALSE_TO_TRUE,is_available,false,false
4525,IDE111N-50,false,true,40700000.00,40700000,/home/shebahati/KaZar/Product and Data Complete/اندازه گیری/ترما/لیست قیمت ترما +25درصد.pdf,IDE111N-50,shopmill:29774,2026-09-09T11:48:38Z,EXACT_SKU,SALE_CONTENT_SAFE,PRESENT_AND_ACCEPTABLE,349fdeafaef237d4340d811110e7dd1e1635645e19dad8282cb66e3842d6802f,FALSE_TO_TRUE,is_available,false,false
4526,IDA910N-25,false,true,25163000.00,25163000,/home/shebahati/KaZar/Product and Data Complete/اندازه گیری/ترما/لیست قیمت ترما +25درصد.pdf,IDA910N-25,shopmill:29804,2026-09-09T11:48:38Z,EXACT_SKU,SALE_CONTENT_SAFE,PRESENT_AND_ACCEPTABLE,501df52e6743cceda560471cd071ac657bc14ce516aefeae133606597e0ff08a,FALSE_TO_TRUE,is_available,false,false
4527,IDA910N-50,false,true,34238000.00,34238000,/home/shebahati/KaZar/Product and Data Complete/اندازه گیری/ترما/لیست قیمت ترما +25درصد.pdf,IDA910N-50,shopmill:29808,2026-09-09T11:48:38Z,EXACT_SKU,SALE_CONTENT_SAFE,PRESENT_AND_ACCEPTABLE,0da9c2828039897e9f4bfb5c7d8b6334badbffcfc6013d3f83d2db3c242b1bcd,FALSE_TO_TRUE,is_available,false,false
4531,IB220N,false,true,7013000.00,7013000,/home/shebahati/KaZar/Product and Data Complete/اندازه گیری/ترما/لیست قیمت ترما +25درصد.pdf,IB220N,shopmill:29830,2026-09-09T11:48:38Z,EXACT_SKU,SALE_CONTENT_SAFE,PRESENT_AND_ACCEPTABLE,77709afe690dc16d8359f0144d8df2fcda0e9186fcee0d75d5a4c0254350284f,FALSE_TO_TRUE,is_available,false,false
4552,CD520D,false,true,18700000.00,18700000,/home/shebahati/KaZar/Product and Data Complete/اندازه گیری/ترما/لیست قیمت ترما +25درصد.pdf,CD520D,shopmill:29223,2026-09-09T11:48:38Z,EXACT_SKU,SALE_CONTENT_SAFE,PRESENT_AND_ACCEPTABLE,4d3ade65558927284b8c81aef6382f3a791c276041f8c781790128bdbe556d43,FALSE_TO_TRUE,is_available,false,false
4553,CD580D,false,true,18700000.00,18700000,/home/shebahati/KaZar/Product and Data Complete/اندازه گیری/ترما/لیست قیمت ترما +25درصد.pdf,CD580D,shopmill:29227,2026-09-09T11:48:38Z,EXACT_SKU,SALE_CONTENT_SAFE,PRESENT_AND_ACCEPTABLE,056f274c3f7a90fd61f83e62dd45c5d886326843fec1308f4c5a6ef0415aa337,FALSE_TO_TRUE,is_available,false,false
4554,DG950,false,true,40700000.00,40700000,/home/shebahati/KaZar/Product and Data Complete/اندازه گیری/ترما/لیست قیمت ترما +25درصد.pdf,DG950,shopmill:29231,2026-09-09T11:48:38Z,EXACT_SKU,SALE_CONTENT_SAFE,PRESENT_AND_ACCEPTABLE,d0f0db7701efd29df9c969258f4a026839cc871066eea37be1bee981e4b61e12,FALSE_TO_TRUE,is_available,false,false
4555,DG950B,false,true,57200000.00,57200000,/home/shebahati/KaZar/Product and Data Complete/اندازه گیری/ترما/لیست قیمت ترما +25درصد.pdf,DG950B,shopmill:29235,2026-09-09T11:48:38Z,EXACT_SKU,SALE_CONTENT_SAFE,PRESENT_AND_ACCEPTABLE,f1cb7fb9a6971754657d84921ee302aced045e579d0a2feef3172e7efb842254,FALSE_TO_TRUE,is_available,false,false
4556,HD220-300,false,true,86625000.00,86625000,/home/shebahati/KaZar/Product and Data Complete/اندازه گیری/ترما/لیست قیمت ترما +25درصد.pdf,HD220-300,shopmill:29241,2026-09-09T11:48:38Z,EXACT_SKU,SALE_CONTENT_SAFE,PRESENT_AND_ACCEPTABLE,b0476ff79b532a3e97cbce036afb64fdca2822dd3389327f41745a522e2a4c98,FALSE_TO_TRUE,is_available,false,false
4557,HD220-600,false,true,131863000.00,131863000,/home/shebahati/KaZar/Product and Data Complete/اندازه گیری/ترما/لیست قیمت ترما +25درصد.pdf,HD220-600,shopmill:29245,2026-09-09T11:48:38Z,EXACT_SKU,SALE_CONTENT_SAFE,PRESENT_AND_ACCEPTABLE,06037817bbe11d58e950ea9e85d67e68e82aa2f210310da95fd64d506c62e9f1,FALSE_TO_TRUE,is_available,false,false
4558,HDE650-300,false,true,84150000.00,84150000,/home/shebahati/KaZar/Product and Data Complete/اندازه گیری/ترما/لیست قیمت ترما +25درصد.pdf,HDE650-300,shopmill:29248,2026-09-09T11:48:38Z,EXACT_SKU,SALE_CONTENT_SAFE,PRESENT_AND_ACCEPTABLE,6b3f94e2ca12219966e71ebe72c474342d71727179742ded4a2b796d04f76fb9,FALSE_TO_TRUE,is_available,false,false
4559,HDE650-600,false,true,113988000.00,113988000,/home/shebahati/KaZar/Product and Data Complete/اندازه گیری/ترما/لیست قیمت ترما +25درصد.pdf,HDE650-600,shopmill:29252,2026-09-09T11:48:38Z,EXACT_SKU,SALE_CONTENT_SAFE,PRESENT_AND_ACCEPTABLE,9aed86eafda9aee0de1e77f0ecf3d5824ee13a5390bbf0cc53870311adee2bb9,FALSE_TO_TRUE,is_available,false,false
4560,HDA620-300,false,true,39188000.00,39188000,/home/shebahati/KaZar/Product and Data Complete/اندازه گیری/ترما/لیست قیمت ترما +25درصد.pdf,HDA620-300,shopmill:29258,2026-09-09T11:48:38Z,EXACT_SKU,SALE_CONTENT_SAFE,PRESENT_AND_ACCEPTABLE,ccad3f8b023ec255ddb15dc7c0e986a77356c70cee63bf237916ab91820e59ab,FALSE_TO_TRUE,is_available,false,false
4561,MD310-25,false,true,15950000.00,15950000,/home/shebahati/KaZar/Product and Data Complete/اندازه گیری/ترما/لیست قیمت ترما +25درصد.pdf,MD310-25,shopmill:29262,2026-09-09T11:48:38Z,EXACT_SKU,SALE_CONTENT_SAFE,PRESENT_AND_ACCEPTABLE,c1ef0a2c49aff39ee8fca53ac37a4dac8cb7d77227251c043aac716acf7bf44c,FALSE_TO_TRUE,is_available,false,false
4562,MD310-50,false,true,21175000.00,21175000,/home/shebahati/KaZar/Product and Data Complete/اندازه گیری/ترما/لیست قیمت ترما +25درصد.pdf,MD310-50,shopmill:29267,2026-09-09T11:48:38Z,EXACT_SKU,SALE_CONTENT_SAFE,PRESENT_AND_ACCEPTABLE,db9099314e7799e6d7b9e8b9d017249d7cc1e7b069c154e87d3bc76b15efafd9,FALSE_TO_TRUE,is_available,false,false
4563,MD310-75,false,true,24200000.00,24200000,/home/shebahati/KaZar/Product and Data Complete/اندازه گیری/ترما/لیست قیمت ترما +25درصد.pdf,MD310-75,shopmill:29269,2026-09-09T11:48:38Z,EXACT_SKU,SALE_CONTENT_SAFE,PRESENT_AND_ACCEPTABLE,34d92f33ee42158b8fdc6ea4186809b6d5b2b2db588c31ac7ea3eaeb070e3a75,FALSE_TO_TRUE,is_available,false,false
4564,MD310-100,false,true,29425000.00,29425000,/home/shebahati/KaZar/Product and Data Complete/اندازه گیری/ترما/لیست قیمت ترما +25درصد.pdf,MD310-100,shopmill:29271,2026-09-09T11:48:38Z,EXACT_SKU,SALE_CONTENT_SAFE,PRESENT_AND_ACCEPTABLE,c1118b360bbf1b36f4e844829ede2ed6a6f1d38eb58b4ee7b444720c4f2528f0,FALSE_TO_TRUE,is_available,false,false
4565,MD730-25,false,true,10313000.00,10313000,/home/shebahati/KaZar/Product and Data Complete/اندازه گیری/ترما/لیست قیمت ترما +25درصد.pdf,MD730-25,shopmill:29273,2026-09-09T11:48:38Z,EXACT_SKU,SALE_CONTENT_SAFE,PRESENT_AND_ACCEPTABLE,dc4e9a5b200497b7a70b78a0f0906ee586dfcb7f3628f98d1c3c1c59d0c99223,FALSE_TO_TRUE,is_available,false,false
4566,MD730-50,false,true,13475000.00,13475000,/home/shebahati/KaZar/Product and Data Complete/اندازه گیری/ترما/لیست قیمت ترما +25درصد.pdf,MD730-50,shopmill:29277,2026-09-09T11:48:38Z,EXACT_SKU,SALE_CONTENT_SAFE,PRESENT_AND_ACCEPTABLE,ceac944a3eebc4523255fbfe46cf29537f83a7bc38cb375c8b3258ab5dce0c85,FALSE_TO_TRUE,is_available,false,false
4567,MD730-75,false,true,16225000.00,16225000,/home/shebahati/KaZar/Product and Data Complete/اندازه گیری/ترما/لیست قیمت ترما +25درصد.pdf,MD730-75,shopmill:29279,2026-09-09T11:48:38Z,EXACT_SKU,SALE_CONTENT_SAFE,PRESENT_AND_ACCEPTABLE,1ae890dfeb365f174591da120bc588e72113bf7751419d93a73473967090c125,FALSE_TO_TRUE,is_available,false,false
4568,MD730-100,false,true,18700000.00,18700000,/home/shebahati/KaZar/Product and Data Complete/اندازه گیری/ترما/لیست قیمت ترما +25درصد.pdf,MD730-100,shopmill:29281,2026-09-09T11:48:38Z,EXACT_SKU,SALE_CONTENT_SAFE,PRESENT_AND_ACCEPTABLE,179362336fbd9a6fbe193d3c0c1df5850da1a943107e692d8cf85089c1fa975b,FALSE_TO_TRUE,is_available,false,false
4569,MD730-125,false,true,21863000.00,21863000,/home/shebahati/KaZar/Product and Data Complete/اندازه گیری/ترما/لیست قیمت ترما +25درصد.pdf,MD730-125,shopmill:29284,2026-09-09T11:48:38Z,EXACT_SKU,SALE_CONTENT_SAFE,PRESENT_AND_ACCEPTABLE,3648986599f6a842adf5c6ceda46d0423ec59c8b96de784a134e4728e8e67fe8,FALSE_TO_TRUE,is_available,false,false
4572,MD730B-25,false,true,32450000.00,32450000,/home/shebahati/KaZar/Product and Data Complete/اندازه گیری/ترما/لیست قیمت ترما +25درصد.pdf,MD730B-25,shopmill:29319,2026-09-09T11:48:38Z,EXACT_SKU,SALE_CONTENT_SAFE,PRESENT_AND_ACCEPTABLE,a568fe69abe0c27395dd41ed067121c2a2359756d95b8198c69cd97a6a95604b,FALSE_TO_TRUE,is_available,false,false
4573,MD730C-25,false,true,32450000.00,32450000,/home/shebahati/KaZar/Product and Data Complete/اندازه گیری/ترما/لیست قیمت ترما +25درصد.pdf,MD730C-25,shopmill:29328,2026-09-09T11:48:38Z,EXACT_SKU,SALE_CONTENT_SAFE,PRESENT_AND_ACCEPTABLE,1b118d725f621fdd9da2ac3f44609dbc3eea79abd65f05aa96f39417f6546a9b,FALSE_TO_TRUE,is_available,false,false
4575,MD730F-25,false,true,38225000.00,38225000,/home/shebahati/KaZar/Product and Data Complete/اندازه گیری/ترما/لیست قیمت ترما +25درصد.pdf,MD730F-25,shopmill:29332,2026-09-09T11:48:38Z,EXACT_SKU,SALE_CONTENT_SAFE,PRESENT_AND_ACCEPTABLE,9b8cc8d0c1ea5f762afcb23a53f6f89587c4efcd134db6bba10bfcf6eb290aa7,FALSE_TO_TRUE,is_available,false,false
4576,MD730G-25,false,true,43038000.00,43038000,/home/shebahati/KaZar/Product and Data Complete/اندازه گیری/ترما/لیست قیمت ترما +25درصد.pdf,MD730G-25,shopmill:29336,2026-09-09T11:48:38Z,EXACT_SKU,SALE_CONTENT_SAFE,PRESENT_AND_ACCEPTABLE,424c3145744ec146e400cd79bcc233dcdc69766db8b5a609a8a0d47750961d8c,FALSE_TO_TRUE,is_available,false,false
4577,MD710DD-150,false,true,32450000.00,32450000,/home/shebahati/KaZar/Product and Data Complete/اندازه گیری/ترما/لیست قیمت ترما +25درصد.pdf,MD710DD-150,shopmill:29340,2026-09-09T11:48:38Z,EXACT_SKU,SALE_CONTENT_SAFE,PRESENT_AND_ACCEPTABLE,da21560c7b6c45f84372942b84cb014c81df1472981c6c950e4ce3d66634db81,FALSE_TO_TRUE,is_available,false,false
4578,MA210-25,false,true,4125000.00,4125000,/home/shebahati/KaZar/Product and Data Complete/اندازه گیری/ترما/لیست قیمت ترما +25درصد.pdf,MA210-25,shopmill:29346,2026-09-09T11:48:38Z,EXACT_SKU,SALE_CONTENT_SAFE,PRESENT_AND_ACCEPTABLE,2cf54ddd86f1c0a08d8a0d193eedb4675040a53fbc2b27ceea980450fbbf4041,FALSE_TO_TRUE,is_available,false,false
4579,MA210-50,false,true,4538000.00,4538000,/home/shebahati/KaZar/Product and Data Complete/اندازه گیری/ترما/لیست قیمت ترما +25درصد.pdf,MA210-50,shopmill:29353,2026-09-09T11:48:38Z,EXACT_SKU,SALE_CONTENT_SAFE,PRESENT_AND_ACCEPTABLE,6a6e66440693ca08e30b280801d4f1382bddc4d7507df21b3f5aef2631fd1c89,FALSE_TO_TRUE,is_available,false,false
4580,MA210-75,false,true,5225000.00,5225000,/home/shebahati/KaZar/Product and Data Complete/اندازه گیری/ترما/لیست قیمت ترما +25درصد.pdf,MA210-75,shopmill:29357,2026-09-09T11:48:38Z,EXACT_SKU,SALE_CONTENT_SAFE,PRESENT_AND_ACCEPTABLE,3731d94074cf7c4e5c33d85faaca2fa304f250789addb7cdeab10651b5bd02a2,FALSE_TO_TRUE,is_available,false,false
4581,MA210-100,false,true,5775000.00,5775000,/home/shebahati/KaZar/Product and Data Complete/اندازه گیری/ترما/لیست قیمت ترما +25درصد.pdf,MA210-100,shopmill:29360,2026-09-09T11:48:38Z,EXACT_SKU,SALE_CONTENT_SAFE,PRESENT_AND_ACCEPTABLE,186f803a0af2536aadabedde594f667f5700310709b1fcf60bd88cbc5447ac67,FALSE_TO_TRUE,is_available,false,false
4582,MA210-125,false,true,7425000.00,7425000,/home/shebahati/KaZar/Product and Data Complete/اندازه گیری/ترما/لیست قیمت ترما +25درصد.pdf,MA210-125,shopmill:29363,2026-09-09T11:48:38Z,EXACT_SKU,SALE_CONTENT_SAFE,PRESENT_AND_ACCEPTABLE,d68a97ced777adb4d430d5185586aca19150d8d06e7555ae2f7d3dd74dfc74fd,FALSE_TO_TRUE,is_available,false,false
4583,MA210-150,false,true,8525000.00,8525000,/home/shebahati/KaZar/Product and Data Complete/اندازه گیری/ترما/لیست قیمت ترما +25درصد.pdf,MA210-150,shopmill:29366,2026-09-09T11:48:38Z,EXACT_SKU,SALE_CONTENT_SAFE,PRESENT_AND_ACCEPTABLE,45b1d9bf4e3974b58a55971c58930177b3ac5062685ceec3782f2c8dd44abe7d,FALSE_TO_TRUE,is_available,false,false
4584,MA220-25,false,true,4125000.00,4125000,/home/shebahati/KaZar/Product and Data Complete/اندازه گیری/ترما/لیست قیمت ترما +25درصد.pdf,MA220-25,shopmill:29371,2026-09-09T11:48:38Z,EXACT_SKU,SALE_CONTENT_SAFE,PRESENT_AND_ACCEPTABLE,ebea78259fa0c2df20c0a9fc276ea7d08838ce7a1c9a71f90551c616ab1b506b,FALSE_TO_TRUE,is_available,false,false
4585,MA220-50,false,true,4538000.00,4538000,/home/shebahati/KaZar/Product and Data Complete/اندازه گیری/ترما/لیست قیمت ترما +25درصد.pdf,MA220-50,shopmill:29377,2026-09-09T11:48:38Z,EXACT_SKU,SALE_CONTENT_SAFE,PRESENT_AND_ACCEPTABLE,2ffe6737912120c96936019ac05cfd5ed46a2aa31523b0912c280501f4363b40,FALSE_TO_TRUE,is_available,false,false
4586,MA220-75,false,true,5225000.00,5225000,/home/shebahati/KaZar/Product and Data Complete/اندازه گیری/ترما/لیست قیمت ترما +25درصد.pdf,MA220-75,shopmill:29380,2026-09-09T11:48:38Z,EXACT_SKU,SALE_CONTENT_SAFE,PRESENT_AND_ACCEPTABLE,88825e2c02b2a48c3f6e3b17bc486a0ab281906180e118d52ee28b704ad7ad07,FALSE_TO_TRUE,is_available,false,false
4587,MA220-100,false,true,5775000.00,5775000,/home/shebahati/KaZar/Product and Data Complete/اندازه گیری/ترما/لیست قیمت ترما +25درصد.pdf,MA220-100,shopmill:29383,2026-09-09T11:48:38Z,EXACT_SKU,SALE_CONTENT_SAFE,PRESENT_AND_ACCEPTABLE,dd52bb9f68c49e15095cc1190d896c1d07c88954328c72959ed22577ec742b14,FALSE_TO_TRUE,is_available,false,false
4588,MA220-125,false,true,7425000.00,7425000,/home/shebahati/KaZar/Product and Data Complete/اندازه گیری/ترما/لیست قیمت ترما +25درصد.pdf,MA220-125,shopmill:29386,2026-09-09T11:48:38Z,EXACT_SKU,SALE_CONTENT_SAFE,PRESENT_AND_ACCEPTABLE,55a09a2626feb9afdbf259e17301238a597d7653bb0af1fe83c2107d95d8cad6,FALSE_TO_TRUE,is_available,false,false
4589,MA220-150,false,true,8525000.00,8525000,/home/shebahati/KaZar/Product and Data Complete/اندازه گیری/ترما/لیست قیمت ترما +25درصد.pdf,MA220-150,shopmill:29390,2026-09-09T11:48:38Z,EXACT_SKU,SALE_CONTENT_SAFE,PRESENT_AND_ACCEPTABLE,842a8be1e5802af6693df77af1c4d798b255e0219422ce123d905b3b3ec9c2e8,FALSE_TO_TRUE,is_available,false,false
4590,MA220-175,false,true,11825000.00,11825000,/home/shebahati/KaZar/Product and Data Complete/اندازه گیری/ترما/لیست قیمت ترما +25درصد.pdf,MA220-175,shopmill:29393,2026-09-09T11:48:38Z,EXACT_SKU,SALE_CONTENT_SAFE,PRESENT_AND_ACCEPTABLE,4cf6ff90305c4c485885b7265f59b6c6dc7bc203d995dd3367281815eeb60eb9,FALSE_TO_TRUE,is_available,false,false
4591,MA220-200,false,true,12925000.00,12925000,/home/shebahati/KaZar/Product and Data Complete/اندازه گیری/ترما/لیست قیمت ترما +25درصد.pdf,MA220-200,shopmill:29396,2026-09-09T11:48:38Z,EXACT_SKU,SALE_CONTENT_SAFE,PRESENT_AND_ACCEPTABLE,e9b1231624caeaa358c3fa77c8b1212f5fa7ca701a097c535331a0bca3d1c778,FALSE_TO_TRUE,is_available,false,false
4592,MA220-225,false,true,13475000.00,13475000,/home/shebahati/KaZar/Product and Data Complete/اندازه گیری/ترما/لیست قیمت ترما +25درصد.pdf,MA220-225,shopmill:29399,2026-09-09T11:48:38Z,EXACT_SKU,SALE_CONTENT_SAFE,PRESENT_AND_ACCEPTABLE,de85a8d13606591dc639ca2e6577ea323c04d22ba55cb11eb3e39884a6d1aa6d,FALSE_TO_TRUE,is_available,false,false
4593,MA220-250,false,true,15125000.00,15125000,/home/shebahati/KaZar/Product and Data Complete/اندازه گیری/ترما/لیست قیمت ترما +25درصد.pdf,MA220-250,shopmill:29403,2026-09-09T11:48:38Z,EXACT_SKU,SALE_CONTENT_SAFE,PRESENT_AND_ACCEPTABLE,d5ef172072ead508076686e7c5311215334cde38ab8afdb755d1992a1debafe4,FALSE_TO_TRUE,is_available,false,false
4594,MA220-275,false,true,17050000.00,17050000,/home/shebahati/KaZar/Product and Data Complete/اندازه گیری/ترما/لیست قیمت ترما +25درصد.pdf,MA220-275,shopmill:29406,2026-09-09T11:48:38Z,EXACT_SKU,SALE_CONTENT_SAFE,PRESENT_AND_ACCEPTABLE,849b2ea487c4d88b002f37db3764f8061713531fd3f7ac13482d1d27abd9bf85,FALSE_TO_TRUE,is_available,false,false
4595,MA220-300,false,true,18150000.00,18150000,/home/shebahati/KaZar/Product and Data Complete/اندازه گیری/ترما/لیست قیمت ترما +25درصد.pdf,MA220-300,shopmill:29409,2026-09-09T11:48:38Z,EXACT_SKU,SALE_CONTENT_SAFE,PRESENT_AND_ACCEPTABLE,6fbbe87f462bd34b6cf725731b62ba2b309b3da552ad08010a6beece6446645c,FALSE_TO_TRUE,is_available,false,false
4596,MA210B-25,false,true,11688000.00,11688000,/home/shebahati/KaZar/Product and Data Complete/اندازه گیری/ترما/لیست قیمت ترما +25درصد.pdf,MA210B-25,shopmill:29432,2026-09-09T11:48:38Z,EXACT_SKU,SALE_CONTENT_SAFE,PRESENT_AND_ACCEPTABLE,e28732bede013b0a81fb56524e5d68c5dd52eeec229606fe818ec7be4d7e3929,FALSE_TO_TRUE,is_available,false,false
4597,MA210C-25,false,true,12513000.00,12513000,/home/shebahati/KaZar/Product and Data Complete/اندازه گیری/ترما/لیست قیمت ترما +25درصد.pdf,MA210C-25,shopmill:29436,2026-09-09T11:48:38Z,EXACT_SKU,SALE_CONTENT_SAFE,PRESENT_AND_ACCEPTABLE,1c49f54df3b2cb0e40031deca704723cdbab3dcd774774ca457320d8f67c9c2f,FALSE_TO_TRUE,is_available,false,false
4598,MA210D-25,false,true,12513000.00,12513000,/home/shebahati/KaZar/Product and Data Complete/اندازه گیری/ترما/لیست قیمت ترما +25درصد.pdf,MA210D-25,shopmill:29440,2026-09-09T11:48:38Z,EXACT_SKU,SALE_CONTENT_SAFE,PRESENT_AND_ACCEPTABLE,07a34d1d10989f3f6bde52b0dc03126c7ab1b9fde0ad753fd5c1ab780502f64a,FALSE_TO_TRUE,is_available,false,false
4599,MA210E-25,false,true,19663000.00,19663000,/home/shebahati/KaZar/Product and Data Complete/اندازه گیری/ترما/لیست قیمت ترما +25درصد.pdf,MA210E-25,shopmill:29444,2026-09-09T11:48:38Z,EXACT_SKU,SALE_CONTENT_SAFE,PRESENT_AND_ACCEPTABLE,10e51b1f4788517777e35ee695556d66eedc438dc3b48c996601aa330fd8903e,FALSE_TO_TRUE,is_available,false,false
4600,MA210F-25,false,true,11413000.00,11413000,/home/shebahati/KaZar/Product and Data Complete/اندازه گیری/ترما/لیست قیمت ترما +25درصد.pdf,MA210F-25,shopmill:29448,2026-09-09T11:48:38Z,EXACT_SKU,SALE_CONTENT_SAFE,PRESENT_AND_ACCEPTABLE,88c34cc3cf05e15b39019954a30b23afbfe763a52a77c98759cd09bd5c4fe4f4,FALSE_TO_TRUE,is_available,false,false
4601,MA230,false,true,15538000.00,15538000,/home/shebahati/KaZar/Product and Data Complete/اندازه گیری/ترما/لیست قیمت ترما +25درصد.pdf,MA230,shopmill:29451,2026-09-09T11:48:38Z,EXACT_SKU,SALE_CONTENT_SAFE,PRESENT_AND_ACCEPTABLE,fa9b2ab20db29f8671ea4e570bc60ca26032a84f26080b6daf66d31ad82f9e9f,FALSE_TO_TRUE,is_available,false,false
4602,MA250H-6,false,true,42625000.00,42625000,/home/shebahati/KaZar/Product and Data Complete/اندازه گیری/ترما/لیست قیمت ترما +25درصد.pdf,MA250H-6,shopmill:29455,2026-09-09T11:48:38Z,EXACT_SKU,SALE_CONTENT_SAFE,PRESENT_AND_ACCEPTABLE,37c868d77483d25f1f16f87703b442a5a349f53e646c823354599ec03e6d2467,FALSE_TO_TRUE,is_available,false,false
4603,MA250H-8,false,true,42625000.00,42625000,/home/shebahati/KaZar/Product and Data Complete/اندازه گیری/ترما/لیست قیمت ترما +25درصد.pdf,MA250H-8,shopmill:29460,2026-09-09T11:48:38Z,EXACT_SKU,SALE_CONTENT_SAFE,PRESENT_AND_ACCEPTABLE,8e1e7faa29d7ca23de977ac6fb5d6850afaea119c7d31a90574a90ff1631d53c,FALSE_TO_TRUE,is_available,false,false
4604,MA250H-10,false,true,41250000.00,41250000,/home/shebahati/KaZar/Product and Data Complete/اندازه گیری/ترما/لیست قیمت ترما +25درصد.pdf,MA250H-10,shopmill:29463,2026-09-09T11:48:38Z,EXACT_SKU,SALE_CONTENT_SAFE,PRESENT_AND_ACCEPTABLE,ace60af02e7dfe4eeca3ee51bd53cc0f4beb5ba4aa51dbceaf3d5a44762140e2,FALSE_TO_TRUE,is_available,false,false
4605,MA250H-12,false,true,30250000.00,30250000,/home/shebahati/KaZar/Product and Data Complete/اندازه گیری/ترما/لیست قیمت ترما +25درصد.pdf,MA250H-12,shopmill:29465,2026-09-09T11:48:38Z,EXACT_SKU,SALE_CONTENT_SAFE,PRESENT_AND_ACCEPTABLE,bcca21b6f47c17bf41cf75b4dca4f06b96fb3606209dc408bc8e7893ec8edd8f,FALSE_TO_TRUE,is_available,false,false
4606,MA250H-16,false,true,44000000.00,44000000,/home/shebahati/KaZar/Product and Data Complete/اندازه گیری/ترما/لیست قیمت ترما +25درصد.pdf,MA250H-16,shopmill:29469,2026-09-09T11:48:38Z,EXACT_SKU,SALE_CONTENT_SAFE,PRESENT_AND_ACCEPTABLE,bfd88651ab37b67c6e9aaa8cf5717e3ac94d440fc28bed27231272e6bdac8f0d,FALSE_TO_TRUE,is_available,false,false
4607,MA250H-20,false,true,42625000.00,42625000,/home/shebahati/KaZar/Product and Data Complete/اندازه گیری/ترما/لیست قیمت ترما +25درصد.pdf,MA250H-20,shopmill:29471,2026-09-09T11:48:38Z,EXACT_SKU,SALE_CONTENT_SAFE,PRESENT_AND_ACCEPTABLE,13fcf27c5b10208d2ffec30c93edd2f73f9950bc8328905ad569cb5cec835895,FALSE_TO_TRUE,is_available,false,false
4608,MA250H-25,false,true,42625000.00,42625000,/home/shebahati/KaZar/Product and Data Complete/اندازه گیری/ترما/لیست قیمت ترما +25درصد.pdf,MA250H-25,shopmill:29475,2026-09-09T11:48:38Z,EXACT_SKU,SALE_CONTENT_SAFE,PRESENT_AND_ACCEPTABLE,d4bc9c7a5183fe1bfee760d33b577319dc970c03aba397aee982d38bbff1504d,FALSE_TO_TRUE,is_available,false,false
4609,MA250H-30,false,true,47300000.00,47300000,/home/shebahati/KaZar/Product and Data Complete/اندازه گیری/ترما/لیست قیمت ترما +25درصد.pdf,MA250H-30,shopmill:29478,2026-09-09T11:48:38Z,EXACT_SKU,SALE_CONTENT_SAFE,PRESENT_AND_ACCEPTABLE,dfb56a1164c3d4319c9bd5dac7e4d8e8d85e0843b42826c938961ea94256f5fe,FALSE_TO_TRUE,is_available,false,false
4610,MA250H-40,false,true,53625000.00,53625000,/home/shebahati/KaZar/Product and Data Complete/اندازه گیری/ترما/لیست قیمت ترما +25درصد.pdf,MA250H-40,shopmill:29486,2026-09-09T11:48:38Z,EXACT_SKU,SALE_CONTENT_SAFE,PRESENT_AND_ACCEPTABLE,cf26fb69421173ad971e643c17257f34ac380ba9780e2632ef02213501d6dadc,FALSE_TO_TRUE,is_available,false,false
4611,MA250H-50,false,true,60225000.00,60225000,/home/shebahati/KaZar/Product and Data Complete/اندازه گیری/ترما/لیست قیمت ترما +25درصد.pdf,MA250H-50,shopmill:29489,2026-09-09T11:48:38Z,EXACT_SKU,SALE_CONTENT_SAFE,PRESENT_AND_ACCEPTABLE,3d1ab1b62331271e56959b1d894f37e1dc357f12321311e60ddbecddce7d28de,FALSE_TO_TRUE,is_available,false,false
4612,MA250H-62,false,true,63525000.00,63525000,/home/shebahati/KaZar/Product and Data Complete/اندازه گیری/ترما/لیست قیمت ترما +25درصد.pdf,MA250H-62,shopmill:29492,2026-09-09T11:48:38Z,EXACT_SKU,SALE_CONTENT_SAFE,PRESENT_AND_ACCEPTABLE,b3a2e1e361f4caeaf816008cce93454db9df9533f864aa1fbe69482728f1ef6b,FALSE_TO_TRUE,is_available,false,false
4613,MA250H-75,false,true,66275000.00,66275000,/home/shebahati/KaZar/Product and Data Complete/اندازه گیری/ترما/لیست قیمت ترما +25درصد.pdf,MA250H-75,shopmill:29495,2026-09-09T11:48:38Z,EXACT_SKU,SALE_CONTENT_SAFE,PRESENT_AND_ACCEPTABLE,61e893634ee64ca8b77aefcd1328a32233b050d0979a368bc2b8140226bc5d0c,FALSE_TO_TRUE,is_available,false,false
4614,MA250H-87,false,true,80163000.00,80163000,/home/shebahati/KaZar/Product and Data Complete/اندازه گیری/ترما/لیست قیمت ترما +25درصد.pdf,MA250H-87,shopmill:29497,2026-09-09T11:48:38Z,EXACT_SKU,SALE_CONTENT_SAFE,PRESENT_AND_ACCEPTABLE,1e819b886b3297b6134877504e90d8ec3c9a043471340203d8944a941930fce0,FALSE_TO_TRUE,is_available,false,false
4615,MA250H-100,false,true,75213000.00,75213000,/home/shebahati/KaZar/Product and Data Complete/اندازه گیری/ترما/لیست قیمت ترما +25درصد.pdf,MA250H-100,shopmill:29501,2026-09-09T11:48:38Z,EXACT_SKU,SALE_CONTENT_SAFE,PRESENT_AND_ACCEPTABLE,7efc3d61b75b3d3ba05e79c143e272a10555389e126cc294e0e1b334a36a3e42,FALSE_TO_TRUE,is_available,false,false
4616,MA250H-125,false,true,93363000.00,93363000,/home/shebahati/KaZar/Product and Data Complete/اندازه گیری/ترما/لیست قیمت ترما +25درصد.pdf,MA250H-125,shopmill:29505,2026-09-09T11:48:38Z,EXACT_SKU,SALE_CONTENT_SAFE,PRESENT_AND_ACCEPTABLE,789621384f9a11f265d3a2a9f682d3aa2d34f14f203d75a8dcdc7019b2fe842f,FALSE_TO_TRUE,is_available,false,false
4617,MA250H-150,false,true,105188000.00,105188000,/home/shebahati/KaZar/Product and Data Complete/اندازه گیری/ترما/لیست قیمت ترما +25درصد.pdf,MA250H-150,shopmill:29509,2026-09-09T11:48:38Z,EXACT_SKU,SALE_CONTENT_SAFE,PRESENT_AND_ACCEPTABLE,26155558246393acaa2b83625fbaa8df7f63e3dd58d91111202e93513c4c9f2a,FALSE_TO_TRUE,is_available,false,false
4618,MA250H-175,false,true,132000000.00,132000000,/home/shebahati/KaZar/Product and Data Complete/اندازه گیری/ترما/لیست قیمت ترما +25درصد.pdf,MA250H-175,shopmill:29513,2026-09-09T11:48:38Z,EXACT_SKU,SALE_CONTENT_SAFE,PRESENT_AND_ACCEPTABLE,ca615e0fe425233b37b833bb84574325d71aeb6e2259d1ace397a1c97070fd63,FALSE_TO_TRUE,is_available,false,false
4620,MA250H-225,false,true,158125000.00,158125000,/home/shebahati/KaZar/Product and Data Complete/اندازه گیری/ترما/لیست قیمت ترما +25درصد.pdf,MA250H-225,shopmill:29520,2026-09-09T11:48:38Z,EXACT_SKU,SALE_CONTENT_SAFE,PRESENT_AND_ACCEPTABLE,bcc273322e45da48d516dbe586336b03197baa649a17c2e3911bf0dbb935c718,FALSE_TO_TRUE,is_available,false,false
4621,MA250H-250,false,true,166375000.00,166375000,/home/shebahati/KaZar/Product and Data Complete/اندازه گیری/ترما/لیست قیمت ترما +25درصد.pdf,MA250H-250,shopmill:29523,2026-09-09T11:48:38Z,EXACT_SKU,SALE_CONTENT_SAFE,PRESENT_AND_ACCEPTABLE,2d717d0a9aec25260983b0a84401ff4e1c121fc45e75ff0f90bb40d2389d209a,FALSE_TO_TRUE,is_available,false,false
4622,MA250H-275,false,true,181500000.00,181500000,/home/shebahati/KaZar/Product and Data Complete/اندازه گیری/ترما/لیست قیمت ترما +25درصد.pdf,MA250H-275,shopmill:29526,2026-09-09T11:48:38Z,EXACT_SKU,SALE_CONTENT_SAFE,PRESENT_AND_ACCEPTABLE,5c81ccb3eba90a62a76654a311f88fc65c54c70b3b432cc7c3ac9c07e058cb06,FALSE_TO_TRUE,is_available,false,false
4623,MA250H-300,false,true,222750000.00,222750000,/home/shebahati/KaZar/Product and Data Complete/اندازه گیری/ترما/لیست قیمت ترما +25درصد.pdf,MA250H-300,shopmill:29528,2026-09-09T11:48:38Z,EXACT_SKU,SALE_CONTENT_SAFE,PRESENT_AND_ACCEPTABLE,45ea4317caa7058102875295c53132ce2f63d50a737fbfd988fd820c87a36cdb,FALSE_TO_TRUE,is_available,false,false
4624,MA250H-325,false,true,246125000.00,246125000,/home/shebahati/KaZar/Product and Data Complete/اندازه گیری/ترما/لیست قیمت ترما +25درصد.pdf,MA250H-325,shopmill:29532,2026-09-09T11:48:38Z,EXACT_SKU,SALE_CONTENT_SAFE,PRESENT_AND_ACCEPTABLE,60ef089fb70c45b31cb67d90fac9082d15a6a558032182b9a51992976ed4ea29,FALSE_TO_TRUE,is_available,false,false
4626,MD710-50,false,true,10038000.00,10038000,/home/shebahati/KaZar/Product and Data Complete/اندازه گیری/ترما/لیست قیمت ترما +25درصد.pdf,MD710-50,shopmill:29540,2026-09-09T11:48:38Z,EXACT_SKU,SALE_CONTENT_SAFE,PRESENT_AND_ACCEPTABLE,37ebf943f9f27718c306e505ec4efdd64a37ead271a35ff7332113b0119733d2,FALSE_TO_TRUE,is_available,false,false
4627,MD710-75,false,true,12100000.00,12100000,/home/shebahati/KaZar/Product and Data Complete/اندازه گیری/ترما/لیست قیمت ترما +25درصد.pdf,MD710-75,shopmill:29543,2026-09-09T11:48:38Z,EXACT_SKU,SALE_CONTENT_SAFE,PRESENT_AND_ACCEPTABLE,ea77a4b6a548e50de10eeba771349c4dd2efe4bf879c25f87a9219b45c0ec0f5,FALSE_TO_TRUE,is_available,false,false
4628,MD710-100,false,true,14438000.00,14438000,/home/shebahati/KaZar/Product and Data Complete/اندازه گیری/ترما/لیست قیمت ترما +25درصد.pdf,MD710-100,shopmill:29546,2026-09-09T11:48:38Z,EXACT_SKU,SALE_CONTENT_SAFE,PRESENT_AND_ACCEPTABLE,05c5b5bf93bb5a5279fb5e78693dafe832df85b6f4437ebd9539fd25f9e53507,FALSE_TO_TRUE,is_available,false,false
4629,MDA910-25,false,true,36163000.00,36163000,/home/shebahati/KaZar/Product and Data Complete/اندازه گیری/ترما/لیست قیمت ترما +25درصد.pdf,MDA910-25,shopmill:29549,2026-09-09T11:48:38Z,EXACT_SKU,SALE_CONTENT_SAFE,PRESENT_AND_ACCEPTABLE,988b28043fa4943f869bae30fd897382b9e9d6670b0fca3b8a1869cd609ffe56,FALSE_TO_TRUE,is_available,false,false
4630,MDA910-100,false,true,59125000.00,59125000,/home/shebahati/KaZar/Product and Data Complete/اندازه گیری/ترما/لیست قیمت ترما +25درصد.pdf,MDA910-100,shopmill:29553,2026-09-09T11:48:38Z,EXACT_SKU,SALE_CONTENT_SAFE,PRESENT_AND_ACCEPTABLE,5a28dc9f837c78b4ecc364ff2c034c5e7337d9e0818176906fc8039544ffc048,FALSE_TO_TRUE,is_available,false,false
4631,MD320H-25,false,true,20900000.00,20900000,/home/shebahati/KaZar/Product and Data Complete/اندازه گیری/ترما/لیست قیمت ترما +25درصد.pdf,MD320H-25,shopmill:29893,2026-09-09T11:48:38Z,EXACT_SKU,SALE_CONTENT_SAFE,PRESENT_AND_ACCEPTABLE,687d0001c6369c14c30574892557c2438c8de97831f6003735ee934eabc77d10,FALSE_TO_TRUE,is_available,false,false
4632,MD320H-50,false,true,24750000.00,24750000,/home/shebahati/KaZar/Product and Data Complete/اندازه گیری/ترما/لیست قیمت ترما +25درصد.pdf,MD320H-50,shopmill:29898,2026-09-09T11:48:38Z,EXACT_SKU,SALE_CONTENT_SAFE,PRESENT_AND_ACCEPTABLE,37badbaaf585ab9d25572aed7c5e89eabff43d8c8ca734f6a3373f66e04fde98,FALSE_TO_TRUE,is_available,false,false
4633,MA310,false,true,4813000.00,4813000,/home/shebahati/KaZar/Product and Data Complete/اندازه گیری/ترما/لیست قیمت ترما +25درصد.pdf,MA310,shopmill:29901,2026-09-09T11:48:38Z,EXACT_SKU,SALE_CONTENT_SAFE,PRESENT_AND_ACCEPTABLE,28d88afdc50388e1797107d93c53396093dc0bc667508b67adac4ede622a03b8,FALSE_TO_TRUE,is_available,false,false
4637,TDE130A-30,false,true,52250000.00,52250000,/home/shebahati/KaZar/Product and Data Complete/اندازه گیری/ترما/لیست قیمت ترما +25درصد.pdf,TDE130A-30,shopmill:29862,2026-09-09T11:48:38Z,EXACT_SKU,SALE_CONTENT_SAFE,PRESENT_AND_ACCEPTABLE,dc32a97de91cba560bdbde652b652b3be41eb9ec49273044d552507c58a7faa8,FALSE_TO_TRUE,is_available,false,false
4638,TDE130A-50,false,true,57750000.00,57750000,/home/shebahati/KaZar/Product and Data Complete/اندازه گیری/ترما/لیست قیمت ترما +25درصد.pdf,TDE130A-50,shopmill:29867,2026-09-09T11:48:38Z,EXACT_SKU,SALE_CONTENT_SAFE,PRESENT_AND_ACCEPTABLE,0a43d78882b91ed75f6a4d5c0f61057cbdf6b28e15621001ad2ff6e3001de255,FALSE_TO_TRUE,is_available,false,false
4639,TDE130A-100,false,true,66000000.00,66000000,/home/shebahati/KaZar/Product and Data Complete/اندازه گیری/ترما/لیست قیمت ترما +25درصد.pdf,TDE130A-100,shopmill:29870,2026-09-09T11:48:38Z,EXACT_SKU,SALE_CONTENT_SAFE,PRESENT_AND_ACCEPTABLE,eb4744e546a3c540bbe14e977693739a04f364759de035492a197ec0bddfbe97,FALSE_TO_TRUE,is_available,false,false
4640,TDE130B-15,false,true,45375000.00,45375000,/home/shebahati/KaZar/Product and Data Complete/اندازه گیری/ترما/لیست قیمت ترما +25درصد.pdf,TDE130B-15,shopmill:29873,2026-09-09T11:48:38Z,EXACT_SKU,SALE_CONTENT_SAFE,PRESENT_AND_ACCEPTABLE,c1db62cd44f9a983f7e00baf7c8192a5e55f7146f48b1f1c7ef8d9b27f6d1650,FALSE_TO_TRUE,is_available,false,false
4641,TDE130B-30,false,true,52250000.00,52250000,/home/shebahati/KaZar/Product and Data Complete/اندازه گیری/ترما/لیست قیمت ترما +25درصد.pdf,TDE130B-30,shopmill:29878,2026-09-09T11:48:38Z,EXACT_SKU,SALE_CONTENT_SAFE,PRESENT_AND_ACCEPTABLE,9930866c2810251509e6d282c66761ed913cac987b0fcf3c383cbb9afeeef042,FALSE_TO_TRUE,is_available,false,false
4642,TDE130B-50,false,true,56375000.00,56375000,/home/shebahati/KaZar/Product and Data Complete/اندازه گیری/ترما/لیست قیمت ترما +25درصد.pdf,TDE130B-50,shopmill:29881,2026-09-09T11:48:38Z,EXACT_SKU,SALE_CONTENT_SAFE,PRESENT_AND_ACCEPTABLE,06a57bbf16039e3251df87e389a8f03d26feadd1e3b6e893d3d586bf6ff3b9b9,FALSE_TO_TRUE,is_available,false,false
4643,TDE130B-100,false,true,66000000.00,66000000,/home/shebahati/KaZar/Product and Data Complete/اندازه گیری/ترما/لیست قیمت ترما +25درصد.pdf,TDE130B-100,shopmill:29884,2026-09-09T11:48:38Z,EXACT_SKU,SALE_CONTENT_SAFE,PRESENT_AND_ACCEPTABLE,476be0f5f997bbccfe2ae4ffc7d0715a038958bc3af6417e1dde70ea97147510,FALSE_TO_TRUE,is_available,false,false
4644,TDE130B-150,false,true,72875000.00,72875000,/home/shebahati/KaZar/Product and Data Complete/اندازه گیری/ترما/لیست قیمت ترما +25درصد.pdf,TDE130B-150,shopmill:29887,2026-09-09T11:48:38Z,EXACT_SKU,SALE_CONTENT_SAFE,PRESENT_AND_ACCEPTABLE,b44055d765e3dd93daa9e2fd21acca474f124b58eaf7d443325d4598c89f8e50,FALSE_TO_TRUE,is_available,false,false
4645,TDE130B-200,false,true,81125000.00,81125000,/home/shebahati/KaZar/Product and Data Complete/اندازه گیری/ترما/لیست قیمت ترما +25درصد.pdf,TDE130B-200,shopmill:29890,2026-09-09T11:48:38Z,EXACT_SKU,SALE_CONTENT_SAFE,PRESENT_AND_ACCEPTABLE,0c4b4dc60b45e0bc4a34f19837bc9c3eecc9bd1d10255c9b1728f0037d22ee96,FALSE_TO_TRUE,is_available,false,false
4646,TDE111A-40,false,true,39875000.00,39875000,/home/shebahati/KaZar/Product and Data Complete/اندازه گیری/ترما/لیست قیمت ترما +25درصد.pdf,TDE111A-40,shopmill:29574,2026-09-09T11:48:38Z,EXACT_SKU,SALE_CONTENT_SAFE,PRESENT_AND_ACCEPTABLE,848249d2f5df0b6edb84468766efc3af1f78f92b834976bfc324c99dd8ba55e0,FALSE_TO_TRUE,is_available,false,false
4647,TDE111A-60,false,true,45788000.00,45788000,/home/shebahati/KaZar/Product and Data Complete/اندازه گیری/ترما/لیست قیمت ترما +25درصد.pdf,TDE111A-60,shopmill:29577,2026-09-09T11:48:38Z,EXACT_SKU,SALE_CONTENT_SAFE,PRESENT_AND_ACCEPTABLE,b514dd4673906ad06c062e82db57af7b92c7914ce6102193dd42260bab75d07c,FALSE_TO_TRUE,is_available,false,false
4648,TDE111A-80,false,true,49500000.00,49500000,/home/shebahati/KaZar/Product and Data Complete/اندازه گیری/ترما/لیست قیمت ترما +25درصد.pdf,TDE111A-80,shopmill:29581,2026-09-09T11:48:38Z,EXACT_SKU,SALE_CONTENT_SAFE,PRESENT_AND_ACCEPTABLE,39bf7e18f05b2dbe44b7693e54525a70e68c0b10585e60b2261d63965fc212d9,FALSE_TO_TRUE,is_available,false,false
4649,TDE111A-100,false,true,56375000.00,56375000,/home/shebahati/KaZar/Product and Data Complete/اندازه گیری/ترما/لیست قیمت ترما +25درصد.pdf,TDE111A-100,shopmill:29582,2026-09-09T11:48:38Z,EXACT_SKU,SALE_CONTENT_SAFE,PRESENT_AND_ACCEPTABLE,54dd39e38397a1d271486366811823220f8b487b44c1c413be0e0dc5f9f8dbcb,FALSE_TO_TRUE,is_available,false,false
4650,TDE111B-35,false,true,39875000.00,39875000,/home/shebahati/KaZar/Product and Data Complete/اندازه گیری/ترما/لیست قیمت ترما +25درصد.pdf,TDE111B-35,shopmill:29588,2026-09-09T11:48:38Z,EXACT_SKU,SALE_CONTENT_SAFE,PRESENT_AND_ACCEPTABLE,eebfd571f28ed500bb42d232f5aa5cfd8736097b5a19253989538de038b9f092,FALSE_TO_TRUE,is_available,false,false
4651,TDE111B-55,false,true,39875000.00,39875000,/home/shebahati/KaZar/Product and Data Complete/اندازه گیری/ترما/لیست قیمت ترما +25درصد.pdf,TDE111B-55,shopmill:29592,2026-09-09T11:48:38Z,EXACT_SKU,SALE_CONTENT_SAFE,PRESENT_AND_ACCEPTABLE,fb88746f3f0ff4d2c90980ab7b5fa2866f53bc83f9d6a281e8ac83abd64c4616,FALSE_TO_TRUE,is_available,false,false
4652,TDE111B-75,false,true,39875000.00,39875000,/home/shebahati/KaZar/Product and Data Complete/اندازه گیری/ترما/لیست قیمت ترما +25درصد.pdf,TDE111B-75,shopmill:29594,2026-09-09T11:48:38Z,EXACT_SKU,SALE_CONTENT_SAFE,PRESENT_AND_ACCEPTABLE,d9acba0a68300ea306ddbcc0a6d9603b1ffc61422b643cd4448472ac91a770df,FALSE_TO_TRUE,is_available,false,false
4653,TDE111B-95,false,true,39875000.00,39875000,/home/shebahati/KaZar/Product and Data Complete/اندازه گیری/ترما/لیست قیمت ترما +25درصد.pdf,TDE111B-95,shopmill:29598,2026-09-09T11:48:38Z,EXACT_SKU,SALE_CONTENT_SAFE,PRESENT_AND_ACCEPTABLE,9ca0fbbfbed057840f23a3d7b94e3b70af825b80a870ab3e2fd1f69edbff489e,FALSE_TO_TRUE,is_available,false,false
4654,TDE111B-115,false,true,52250000.00,52250000,/home/shebahati/KaZar/Product and Data Complete/اندازه گیری/ترما/لیست قیمت ترما +25درصد.pdf,TDE111B-115,shopmill:29601,2026-09-09T11:48:38Z,EXACT_SKU,SALE_CONTENT_SAFE,PRESENT_AND_ACCEPTABLE,bde7f09bd2a34fc06aaa16c62131827383d037237d785a9cf81dc892a95eb582,FALSE_TO_TRUE,is_available,false,false
4655,TDE111B-135,false,true,57750000.00,57750000,/home/shebahati/KaZar/Product and Data Complete/اندازه گیری/ترما/لیست قیمت ترما +25درصد.pdf,TDE111B-135,shopmill:29603,2026-09-09T11:48:38Z,EXACT_SKU,SALE_CONTENT_SAFE,PRESENT_AND_ACCEPTABLE,f1a22b322e62e1167526fd7dc84ccb99962f7b3c535eb2779b752d3ab197ed1f,FALSE_TO_TRUE,is_available,false,false
4656,TD230A,false,true,9075000.00,9075000,/home/shebahati/KaZar/Product and Data Complete/اندازه گیری/ترما/لیست قیمت ترما +25درصد.pdf,TD230A,shopmill:29606,2026-09-09T11:48:38Z,EXACT_SKU,SALE_CONTENT_SAFE,PRESENT_AND_ACCEPTABLE,b946cea1154ad59e3a94e5332aa1842fa4687ed4edb86067f63d6b2bfb738f7f,FALSE_TO_TRUE,is_available,false,false
4657,TD230B,false,true,11413000.00,11413000,/home/shebahati/KaZar/Product and Data Complete/اندازه گیری/ترما/لیست قیمت ترما +25درصد.pdf,TD230B,shopmill:29610,2026-09-09T11:48:38Z,EXACT_SKU,SALE_CONTENT_SAFE,PRESENT_AND_ACCEPTABLE,0be5937d353f0ecdc999c08c3c90268f444fbbd5aba47e1893417fd0efd52251,FALSE_TO_TRUE,is_available,false,false
4658,TD230C,false,true,12513000.00,12513000,/home/shebahati/KaZar/Product and Data Complete/اندازه گیری/ترما/لیست قیمت ترما +25درصد.pdf,TD230C,shopmill:29614,2026-09-09T11:48:38Z,EXACT_SKU,SALE_CONTENT_SAFE,PRESENT_AND_ACCEPTABLE,d15f714333ee7f48558cb886a21bb20b053c06796f74c0f9b3a187bbd8cafe2f,FALSE_TO_TRUE,is_available,false,false
4659,TD230D,false,true,9075000.00,9075000,/home/shebahati/KaZar/Product and Data Complete/اندازه گیری/ترما/لیست قیمت ترما +25درصد.pdf,TD230D,shopmill:29618,2026-09-09T11:48:38Z,EXACT_SKU,SALE_CONTENT_SAFE,PRESENT_AND_ACCEPTABLE,4bc73f946a4602095ba7644fbc3fd346c6c2fa0c921268cc64a39185439ee5c1,FALSE_TO_TRUE,is_available,false,false
4664,SN730-25,false,true,19938000.00,19938000,/home/shebahati/KaZar/Product and Data Complete/اندازه گیری/ترما/لیست قیمت ترما +25درصد.pdf,SN730-25,shopmill:29622,2026-09-09T11:48:38Z,EXACT_SKU,SALE_CONTENT_SAFE,PRESENT_AND_ACCEPTABLE,39ca8f0e607f4dd38968799d59d4c080abae77d3fc4f02653c2a963baf35bd39,FALSE_TO_TRUE,is_available,false,false
4665,TD270-25,false,true,7288000.00,7288000,/home/shebahati/KaZar/Product and Data Complete/اندازه گیری/ترما/لیست قیمت ترما +25درصد.pdf,TD270-25,shopmill:29626,2026-09-09T11:48:38Z,EXACT_SKU,SALE_CONTENT_SAFE,PRESENT_AND_ACCEPTABLE,325cafb004234805166eb947636d6e0654781802804b0f6349cacfa02e39260f,FALSE_TO_TRUE,is_available,false,false
4666,LD250,false,true,6463000.00,6463000,/home/shebahati/KaZar/Product and Data Complete/اندازه گیری/ترما/لیست قیمت ترما +25درصد.pdf,LD250,shopmill:29630,2026-09-09T11:48:38Z,EXACT_SKU,SALE_CONTENT_SAFE,PRESENT_AND_ACCEPTABLE,9560dbb135f91253f99ba2800e575c1ed72abd86f9e07eb67a57e968fc562647,FALSE_TO_TRUE,is_available,false,false
4667,LD280,false,true,72880500.00,72880500,/home/shebahati/KaZar/Product and Data Complete/اندازه گیری/ترما/لیست قیمت ترما +25درصد.pdf,LD280,shopmill:29634,2026-09-09T11:48:38Z,EXACT_SKU,SALE_CONTENT_SAFE,PRESENT_AND_ACCEPTABLE,e309a267de61c9d3b39173879034a481778ec48c2aaa2db534839c30529ee417,FALSE_TO_TRUE,is_available,false,false
4668,LD290,false,true,12238000.00,12238000,/home/shebahati/KaZar/Product and Data Complete/اندازه گیری/ترما/لیست قیمت ترما +25درصد.pdf,LD290,shopmill:29638,2026-09-09T11:48:38Z,EXACT_SKU,SALE_CONTENT_SAFE,PRESENT_AND_ACCEPTABLE,7567842e4f148f0aa0e2719ee2f8849e2c5e25dd03b8c736f174ffd41fbe04dd,FALSE_TO_TRUE,is_available,false,false
4669,LD260-6,false,true,7838000.00,7838000,/home/shebahati/KaZar/Product and Data Complete/اندازه گیری/ترما/لیست قیمت ترما +25درصد.pdf,LD260-6,shopmill:29642,2026-09-09T11:48:38Z,EXACT_SKU,SALE_CONTENT_SAFE,PRESENT_AND_ACCEPTABLE,13e6d1c655b2623e05504661919f220228fe270815c10ae1911df9a6feebae26,FALSE_TO_TRUE,is_available,false,false
4670,LD260-9,false,true,8525000.00,8525000,/home/shebahati/KaZar/Product and Data Complete/اندازه گیری/ترما/لیست قیمت ترما +25درصد.pdf,LD260-9,shopmill:29645,2026-09-09T11:48:38Z,EXACT_SKU,SALE_CONTENT_SAFE,PRESENT_AND_ACCEPTABLE,c6a6e6c5f50db31d56c766fbeaed449b3f6875184f17a1f5eddfb3d31da0d462,FALSE_TO_TRUE,is_available,false,false
4671,LD260-24,false,true,11413000.00,11413000,/home/shebahati/KaZar/Product and Data Complete/اندازه گیری/ترما/لیست قیمت ترما +25درصد.pdf,LD260-24,shopmill:29649,2026-09-09T11:48:38Z,EXACT_SKU,SALE_CONTENT_SAFE,PRESENT_AND_ACCEPTABLE,2e2ea09b99ee791379532d1ba2aef748490eb190d208d59416579cf21db67ea4,FALSE_TO_TRUE,is_available,false,false
4672,PD290-100,false,true,3988000.00,3988000,/home/shebahati/KaZar/Product and Data Complete/اندازه گیری/ترما/لیست قیمت ترما +25درصد.pdf,PD290-100,shopmill:29652,2026-09-09T11:48:38Z,EXACT_SKU,SALE_CONTENT_SAFE,PRESENT_AND_ACCEPTABLE,0b11ef4cbad46d5c4db030da0f9c24bb4fd22c3923a05edc4db46b5943ae07b9,FALSE_TO_TRUE,is_available,false,false
4673,PD290-200,false,true,4813000.00,4813000,/home/shebahati/KaZar/Product and Data Complete/اندازه گیری/ترما/لیست قیمت ترما +25درصد.pdf,PD290-200,shopmill:29656,2026-09-09T11:48:38Z,EXACT_SKU,SALE_CONTENT_SAFE,PRESENT_AND_ACCEPTABLE,162e02da72b8bab3d4815c5649f489af7e8408fb59ac95955abfe4d16dc7e441,FALSE_TO_TRUE,is_available,false,false
4674,PD290-300,false,true,5225000.00,5225000,/home/shebahati/KaZar/Product and Data Complete/اندازه گیری/ترما/لیست قیمت ترما +25درصد.pdf,PD290-300,shopmill:29659,2026-09-09T11:48:38Z,EXACT_SKU,SALE_CONTENT_SAFE,PRESENT_AND_ACCEPTABLE,14ee8436edab6f7a8de99120f1c330a240dde678bd5c15c2a38a5979865de234,FALSE_TO_TRUE,is_available,false,false
4675,PD270D-150,false,true,9350000.00,9350000,/home/shebahati/KaZar/Product and Data Complete/اندازه گیری/ترما/لیست قیمت ترما +25درصد.pdf,PD270D-150,shopmill:29663,2026-09-09T11:48:38Z,EXACT_SKU,SALE_CONTENT_SAFE,PRESENT_AND_ACCEPTABLE,ac6bc4da02eabe8ee09c801846cde231f8757b57924677c7aed519650ead0f92,FALSE_TO_TRUE,is_available,false,false
4676,PD270D-200,false,true,9763000.00,9763000,/home/shebahati/KaZar/Product and Data Complete/اندازه گیری/ترما/لیست قیمت ترما +25درصد.pdf,PD270D-200,shopmill:29667,2026-09-09T11:48:38Z,EXACT_SKU,SALE_CONTENT_SAFE,PRESENT_AND_ACCEPTABLE,8615feb399686a9fb335c6777bef7bc37dbef8e46cf3527f54464783f5447436,FALSE_TO_TRUE,is_available,false,false
4677,PD270D-300,false,true,13063000.00,13063000,/home/shebahati/KaZar/Product and Data Complete/اندازه گیری/ترما/لیست قیمت ترما +25درصد.pdf,PD270D-300,shopmill:29670,2026-09-09T11:48:38Z,EXACT_SKU,SALE_CONTENT_SAFE,PRESENT_AND_ACCEPTABLE,b1ed86c11c398653a0fac4395d64da1aa1b0027fb8688552bb06bb7884fa5114,FALSE_TO_TRUE,is_available,false,false
4678,PD270D-600,false,true,17738000.00,17738000,/home/shebahati/KaZar/Product and Data Complete/اندازه گیری/ترما/لیست قیمت ترما +25درصد.pdf,PD270D-600,shopmill:29674,2026-09-09T11:48:38Z,EXACT_SKU,SALE_CONTENT_SAFE,PRESENT_AND_ACCEPTABLE,a80264172d394bba198f1ad9d3d56ed6ae28819d4f413e728414d2f7ad7608f8,FALSE_TO_TRUE,is_available,false,false
4679,PD211,false,true,22275000.00,22275000,/home/shebahati/KaZar/Product and Data Complete/اندازه گیری/ترما/لیست قیمت ترما +25درصد.pdf,PD211,shopmill:29677,2026-09-09T11:48:38Z,EXACT_SKU,SALE_CONTENT_SAFE,PRESENT_AND_ACCEPTABLE,c886be0f8f825180da42952c837f754d29155ae97ab8a44237f2936bd311e7d3,FALSE_TO_TRUE,is_available,false,false
4680,TG710M-25,false,true,4950000.00,4950000,/home/shebahati/KaZar/Product and Data Complete/اندازه گیری/ترما/لیست قیمت ترما +25درصد.pdf,TG710M-25,shopmill:29693,2026-09-09T11:48:38Z,EXACT_SKU,SALE_CONTENT_SAFE,PRESENT_AND_ACCEPTABLE,56701c52ef155df4bde37eeb2e37429b2b3ae759a61ce71d3708663f2a32b5cd,FALSE_TO_TRUE,is_available,false,false
4681,TGE280,false,true,15950000.00,15950000,/home/shebahati/KaZar/Product and Data Complete/اندازه گیری/ترما/لیست قیمت ترما +25درصد.pdf,TGE280,shopmill:29699,2026-09-09T11:48:38Z,EXACT_SKU,SALE_CONTENT_SAFE,PRESENT_AND_ACCEPTABLE,7939cef2febcd9e32fc7755b1709e720d6abfcfd16cf19011fcc3b389c108208,FALSE_TO_TRUE,is_available,false,false
4682,DS220A,false,true,9625000.00,9625000,/home/shebahati/KaZar/Product and Data Complete/اندازه گیری/ترما/لیست قیمت ترما +25درصد.pdf,DS220A,shopmill:29704,2026-09-09T11:48:38Z,EXACT_SKU,SALE_CONTENT_SAFE,PRESENT_AND_ACCEPTABLE,b03087f12129233ea06b0a73f672727e392c7ca96e37708fa0de4c687e8d5bc1,FALSE_TO_TRUE,is_available,false,false
4683,DS220D,false,true,9625000.00,9625000,/home/shebahati/KaZar/Product and Data Complete/اندازه گیری/ترما/لیست قیمت ترما +25درصد.pdf,DS220D,shopmill:29710,2026-09-09T11:48:38Z,EXACT_SKU,SALE_CONTENT_SAFE,PRESENT_AND_ACCEPTABLE,adcd2b35c775325c8abf8ed16f25cfe3ff09162f6ad10cac86154e563acd6f2a,FALSE_TO_TRUE,is_available,false,false
4684,RDE111-3000,false,true,86625000.00,86625000,/home/shebahati/KaZar/Product and Data Complete/اندازه گیری/ترما/لیست قیمت ترما +25درصد.pdf,RDE111-3000,shopmill:29713,2026-09-09T11:48:38Z,EXACT_SKU,SALE_CONTENT_SAFE,PRESENT_AND_ACCEPTABLE,5589fe7e9919c1f3c14313d7583552e953f2407c3ba9dc0c3ccd15a46458ae76,FALSE_TO_TRUE,is_available,false,false
4685,SD710,false,true,6463000.00,6463000,/home/shebahati/KaZar/Product and Data Complete/اندازه گیری/ترما/لیست قیمت ترما +25درصد.pdf,SD710,shopmill:29717,2026-09-09T11:48:38Z,EXACT_SKU,SALE_CONTENT_SAFE,PRESENT_AND_ACCEPTABLE,2ff5e4a01dbeb08574a4649bdb94ed55f0a5f553be10a2476487e51050e4e69e,FALSE_TO_TRUE,is_available,false,false
4686,MD710H,false,true,11138000.00,11138000,/home/shebahati/KaZar/Product and Data Complete/اندازه گیری/ترما/لیست قیمت ترما +25درصد.pdf,MD710H,shopmill:29721,2026-09-09T11:48:38Z,EXACT_SKU,SALE_CONTENT_SAFE,PRESENT_AND_ACCEPTABLE,13b326b49538276aa18998c973dc5c0792c0b73fc4d1c061b8dbabd6dd028c9e,FALSE_TO_TRUE,is_available,false,false
4687,IDE120,false,true,24063000.00,24063000,/home/shebahati/KaZar/Product and Data Complete/اندازه گیری/ترما/لیست قیمت ترما +25درصد.pdf,IDE120,shopmill:29727,2026-09-09T11:48:38Z,EXACT_SKU,SALE_CONTENT_SAFE,PRESENT_AND_ACCEPTABLE,44924db84ebab6947c1b41f5847b93a1e25d9da830f70972d9eeb7b5e8cc8bc9,FALSE_TO_TRUE,is_available,false,false
4688,IB210N-20,false,true,9488000.00,9488000,/home/shebahati/KaZar/Product and Data Complete/اندازه گیری/ترما/لیست قیمت ترما +25درصد.pdf,IB210N-20,shopmill:29556,2026-09-09T11:48:38Z,EXACT_SKU,SALE_CONTENT_SAFE,PRESENT_AND_ACCEPTABLE,6d28333a8a819c1c788c42f523e685b49730b13cbd8d517e97ae96cbd6fb76f5,FALSE_TO_TRUE,is_available,false,false
4689,IB210N-25,false,true,10175000.00,10175000,/home/shebahati/KaZar/Product and Data Complete/اندازه گیری/ترما/لیست قیمت ترما +25درصد.pdf,IB210N-25,shopmill:29560,2026-09-09T11:48:38Z,EXACT_SKU,SALE_CONTENT_SAFE,PRESENT_AND_ACCEPTABLE,94bb544bf5e91e8b0101fe844d5204cff870744f49ff254620a48dd3bbc624d3,FALSE_TO_TRUE,is_available,false,false
4690,IB210N-30,false,true,11275000.00,11275000,/home/shebahati/KaZar/Product and Data Complete/اندازه گیری/ترما/لیست قیمت ترما +25درصد.pdf,IB210N-30,shopmill:29565,2026-09-09T11:48:38Z,EXACT_SKU,SALE_CONTENT_SAFE,PRESENT_AND_ACCEPTABLE,f7c7d697122894177acb76cff4de570ae07fe40763d11faac8f6b8f4cc68c421,FALSE_TO_TRUE,is_available,false,false
4691,IB210N-50,false,true,19663000.00,19663000,/home/shebahati/KaZar/Product and Data Complete/اندازه گیری/ترما/لیست قیمت ترما +25درصد.pdf,IB210N-50,shopmill:29568,2026-09-09T11:48:38Z,EXACT_SKU,SALE_CONTENT_SAFE,PRESENT_AND_ACCEPTABLE,9f8d9b63ebbbbf3e75222141994f58fc2e550a36ec36b5ff5e17a5ab7efc7473,FALSE_TO_TRUE,is_available,false,false
4692,IB210N-100,false,true,49775000.00,49775000,/home/shebahati/KaZar/Product and Data Complete/اندازه گیری/ترما/لیست قیمت ترما +25درصد.pdf,IB210N-100,shopmill:29571,2026-09-09T11:48:38Z,EXACT_SKU,SALE_CONTENT_SAFE,PRESENT_AND_ACCEPTABLE,4d4bf78f08f2a0e977b680d2e993d358f42adacdd3487b4485c6f926153b10f3,FALSE_TO_TRUE,is_available,false,false
