path,type,size,owner,group,mode,mtime_iso,sha256
/opt/karzar/preserve/insize-n4120-20261006/PRESERVATION_MANIFEST.csv,file,5241,root,root,0o600,2026-10-07T07:11:29Z,b599f88b32467dc6f21e67375ca5c85a937dcd6af6a75431abf0d77ee95247c0
/opt/karzar/preserve/insize-n4120-20261006/PRESERVATION_MANIFEST.sha256,file,92,root,root,0o600,2026-10-07T07:11:29Z,ae61bf67636c56dc1e1d4c5f39b3a7f5c189cb90034311d9a494bae646e291b9
/opt/karzar/preserve/insize-n4120-20261006/run_insize_n4120_identity_alias_apply.sh,file,2724,root,root,0o600,2026-10-06T14:12:49Z,a3a65b09e4c32d7be334b6967d08e360cd7bfd357256b3a52374e52c13e3ef8b
/opt/karzar/preserve/insize-n4120-20261006/INSIZE_SITE_TO_SOURCE_CODE_ALIASES.csv,file,11068,root,root,0o600,2026-10-06T14:31:52Z,0449ba50a46233e462b230478c8ca18d2cd4c86e21e521e7137e34afee81f696
/opt/karzar/preserve/insize-n4120-20261006/insize_n4120_identity_alias_apply.py,file,26478,root,root,0o600,2026-10-06T14:12:49Z,ae9417602b1fcee7588d790eace78a88523928dc218dd07c03c1582a77f1f699
/opt/karzar/preserve/insize-n4120-20261006/audit/FREEZE.json,file,11883,root,root,0o600,2026-10-06T14:12:50Z,6d1ee2ca5bacf4fc72dab2fbe4da0d20eaaafd928c81a3fedf6ed5f4f53757dd
/opt/karzar/preserve/insize-n4120-20261006/audit/N4120_PROOF_MATRIX.csv,file,9860,root,root,0o600,2026-10-06T14:13:38Z,4a33a227e7b6f8abf010254e03a896eb5c999e51cf88853d1472ac454c7cc0d6
/opt/karzar/preserve/insize-n4120-20261006/audit/APPLY_REPORT.json,file,2255,root,root,0o600,2026-10-06T14:13:28Z,944964bb02f1c5b83b5d6ff1ab47448fc4b1c01b434e0fe62e21bae022c7e083
/opt/karzar/preserve/insize-n4120-20261006/audit/RECOVERY_N4120_20261006T141319Z.json,file,3173,root,root,0o600,2026-10-06T14:13:28Z,0048f19c9ea5da3319acf54bf7f77cb9dae4afa900f8994492f7aa161f4b07a9
/opt/karzar/preserve/insize-n4120-20261006/audit/SYNC_REPORT.json,file,655,root,root,0o600,2026-10-06T14:13:38Z,0651b6ac1fe71a871dfc86638f90a6f82d1e54743f36eb614e159c59c45716c2
/opt/karzar/preserve/insize-n4120-20261006/audit/N4120_ROLLBACK.csv,file,1062,root,root,0o600,2026-10-06T14:13:28Z,be8b4c55de397bed57904aa27e48b714417f58b5bd63c39d2c7df28dfef375c9
/opt/karzar/preserve/insize-n4120-20261006/audit/N4120_WORKBOOK_FAMILY.csv,file,30825,root,root,0o600,2026-10-06T14:12:50Z,e319528d72dcd62d53092364b7df398f8023a296c27789ea7b9170e01e4dd98b
/opt/karzar/preserve/insize-n4120-20261006/audit/N4120_BASELINE.csv,file,5367,root,root,0o600,2026-10-06T14:12:50Z,070f3823e88a1fd41881a7488cccd79a2781c6e4a859b33a22898925a5bea2ad
/opt/karzar/preserve/insize-n4120-20261006/audit/N4120_PRICE_DRY_RUN.csv,file,9476,root,root,0o600,2026-10-06T14:13:28Z,75018aed4e464d9c77172756433d96be772fc4037dd4bb02f33ff787def5a343
/opt/karzar/preserve/insize-n4120-20261006/audit/LOCKED_TRAILING_A_SKUS.txt,file,1165,root,root,0o600,2026-10-06T14:12:50Z,e5c8448c8fe119b2968041a5f434d67b98ffd3f948fc59c58ff31c8c8868a4fb
/opt/karzar/preserve/insize-workbook-20261006/موجودی توزیع کننده 11 شهریور - افزایش 20 درصدی.xlsx,file,2527583,root,root,0o600,2026-10-06T14:04:50Z,65a9233762d5ff23148c06843c11c54db45a30ba9ee21f51d9a33f554679938a
