product_id,sku,manufacturer_code,brand_name,brand_key,baseline_is_available,current_is_active,current_is_available,current_base_price,current_qualifying_image_count,current_deleted_at,current_sku,current_manufacturer_code,drift_class,historical_330_member
1044,1012-0010,1012-0010,Dasqua | داسکوا,DASQUA,False,True,False,30354000.0,1,,1012-0010,1012-0010,STILL_ONLY_AVAILABILITY,YES
1221,2020-1005,,Dasqua | داسکوا,DASQUA,False,True,False,18774000.0,1,,2020-1005,,STILL_ONLY_AVAILABILITY,YES
1234,2115-2305,2115-2305,Dasqua | داسکوا,DASQUA,False,True,False,7548000.0,1,,2115-2305,2115-2305,STILL_ONLY_AVAILABILITY,YES
1244,2220-8105,2220-8105,Dasqua | داسکوا,DASQUA,False,True,False,23454000.0,1,,2220-8105,2220-8105,STILL_ONLY_AVAILABILITY,YES
1482,4910-4105,,Dasqua | داسکوا,DASQUA,False,True,False,32586000.0,1,,4910-4105,,STILL_ONLY_AVAILABILITY,YES
1513,5221-1129,,Dasqua | داسکوا,DASQUA,False,True,False,17280000.0,1,,5221-1129,,STILL_ONLY_AVAILABILITY,YES
1518,5223-3105,,Dasqua | داسکوا,DASQUA,False,True,False,14058000.0,1,,5223-3105,,STILL_ONLY_AVAILABILITY,YES
1560,5510-0005,,Dasqua | داسکوا,DASQUA,False,True,False,27144000.0,1,,5510-0005,,STILL_ONLY_AVAILABILITY,YES
1561,5511-1100,,Dasqua | داسکوا,DASQUA,False,True,False,66630000.0,1,,5511-1100,,STILL_ONLY_AVAILABILITY,YES
1562,5511-1105,,Dasqua | داسکوا,DASQUA,False,True,False,19458000.0,1,,5511-1105,,STILL_ONLY_AVAILABILITY,YES
1563,5511-1110,,Dasqua | داسکوا,DASQUA,False,True,False,18048000.0,1,,5511-1110,,STILL_ONLY_AVAILABILITY,YES
1564,5511-1115,,Dasqua | داسکوا,DASQUA,False,True,False,14082000.0,1,,5511-1115,,STILL_ONLY_AVAILABILITY,YES
1566,5511-1121,,Dasqua | داسکوا,DASQUA,False,True,False,14082000.0,1,,5511-1121,,STILL_ONLY_AVAILABILITY,YES
1567,5511-1130,,Dasqua | داسکوا,DASQUA,False,True,False,13842000.0,1,,5511-1130,,STILL_ONLY_AVAILABILITY,YES
1568,5511-1135,,Dasqua | داسکوا,DASQUA,False,True,False,20250000.0,1,,5511-1135,,STILL_ONLY_AVAILABILITY,YES
1569,5511-1140,,Dasqua | داسکوا,DASQUA,False,True,False,22110000.0,1,,5511-1140,,STILL_ONLY_AVAILABILITY,YES
1570,5511-2105,,Dasqua | داسکوا,DASQUA,False,True,False,41958000.0,1,,5511-2105,,STILL_ONLY_AVAILABILITY,YES
1571,5511-2110,,Dasqua | داسکوا,DASQUA,False,True,False,39486000.0,1,,5511-2110,,STILL_ONLY_AVAILABILITY,YES
1572,5511-2115,,Dasqua | داسکوا,DASQUA,False,True,False,32082000.0,1,,5511-2115,,STILL_ONLY_AVAILABILITY,YES
1573,5511-2120,,Dasqua | داسکوا,DASQUA,False,True,False,30102000.0,1,,5511-2120,,STILL_ONLY_AVAILABILITY,YES
1574,5511-2130,,Dasqua | داسکوا,DASQUA,False,True,False,32082000.0,1,,5511-2130,,STILL_ONLY_AVAILABILITY,YES
1614,5911-0002,,Dasqua | داسکوا,DASQUA,False,True,False,4596000.0,1,,5911-0002,,STILL_ONLY_AVAILABILITY,YES
1775,1106-301,1106-301,INSIZE | اینسایز,INSIZE,False,True,False,66600000.0,1,,1106-301,1106-301,STILL_ONLY_AVAILABILITY,YES
1776,1106-302,1106-302,INSIZE | اینسایز,INSIZE,False,True,False,74100000.0,1,,1106-302,1106-302,STILL_ONLY_AVAILABILITY,YES
1778,1106-502,1106-502,INSIZE | اینسایز,INSIZE,False,True,False,102300000.0,1,,1106-502,1106-502,STILL_ONLY_AVAILABILITY,YES
1779,1106-503,1106-503,INSIZE | اینسایز,INSIZE,False,True,False,135900000.0,1,,1106-503,1106-503,STILL_ONLY_AVAILABILITY,YES
1780,1106-505,1106-505,INSIZE | اینسایز,INSIZE,False,True,False,189000000.0,1,,1106-505,1106-505,STILL_ONLY_AVAILABILITY,YES
1781,1106-601,1106-601,INSIZE | اینسایز,INSIZE,False,True,False,53700000.0,1,,1106-601,1106-601,STILL_ONLY_AVAILABILITY,YES
1782,1106-602,1106-602,INSIZE | اینسایز,INSIZE,False,True,False,137100000.0,1,,1106-602,1106-602,STILL_ONLY_AVAILABILITY,YES
1783,1106-603,1106-603,INSIZE | اینسایز,INSIZE,False,True,False,164700000.0,1,,1106-603,1106-603,STILL_ONLY_AVAILABILITY,YES
1784,1106-802,1106-802,INSIZE | اینسایز,INSIZE,False,True,False,162300000.0,1,,1106-802,1106-802,STILL_ONLY_AVAILABILITY,YES
1788,1111-100,1111-100,INSIZE | اینسایز,INSIZE,False,True,False,8760000.0,1,,1111-100,1111-100,STILL_ONLY_AVAILABILITY,YES
1795,1120-150,1120-150,INSIZE | اینسایز,INSIZE,False,True,False,22410000.0,1,,1120-150,1120-150,STILL_ONLY_AVAILABILITY,YES
1798,1120-500,1120-500,INSIZE | اینسایز,INSIZE,False,True,False,133200000.0,1,,1120-500,1120-500,STILL_ONLY_AVAILABILITY,YES
1799,1121-150,1121-150,INSIZE | اینسایز,INSIZE,False,True,False,45900000.0,1,,1121-150,1121-150,STILL_ONLY_AVAILABILITY,YES
1800,1122-300,1122-300,INSIZE | اینسایز,INSIZE,False,True,False,77400000.0,1,,1122-300,1122-300,STILL_ONLY_AVAILABILITY,YES
1801,1123-150,1123-150,INSIZE | اینسایز,INSIZE,False,True,False,42000000.0,1,,1123-150,1123-150,STILL_ONLY_AVAILABILITY,YES
1803,1135-601,1135-601,INSIZE | اینسایز,INSIZE,False,True,False,108300000.0,1,,1135-601,1135-601,STILL_ONLY_AVAILABILITY,YES
1804,1136-501,1136-501,INSIZE | اینسایز,INSIZE,False,True,False,85500000.0,1,,1136-501,1136-501,STILL_ONLY_AVAILABILITY,YES
1805,1136-502,1136-502,INSIZE | اینسایز,INSIZE,False,True,False,117000000.0,1,,1136-502,1136-502,STILL_ONLY_AVAILABILITY,YES
1806,1136-503,1136-503,INSIZE | اینسایز,INSIZE,False,True,False,143700000.0,1,,1136-503,1136-503,STILL_ONLY_AVAILABILITY,YES
1807,1136-601,1136-601,INSIZE | اینسایز,INSIZE,False,True,False,99300000.0,1,,1136-601,1136-601,STILL_ONLY_AVAILABILITY,YES
1808,1140-100,1140-100,INSIZE | اینسایز,INSIZE,False,True,False,42900000.0,1,,1140-100,1140-100,STILL_ONLY_AVAILABILITY,YES
1809,1140-150,1140-150,INSIZE | اینسایز,INSIZE,False,True,False,50100000.0,1,,1140-150,1140-150,STILL_ONLY_AVAILABILITY,YES
1814,1142-150,1142-150,INSIZE | اینسایز,INSIZE,False,True,False,23940000.0,1,,1142-150,1142-150,STILL_ONLY_AVAILABILITY,YES
1817,1144-150,1144-150,INSIZE | اینسایز,INSIZE,False,True,False,25470000.0,1,,1144-150,1144-150,STILL_ONLY_AVAILABILITY,YES
1822,1150-600,1150-600,INSIZE | اینسایز,INSIZE,False,True,False,123300000.0,1,,1150-600,1150-600,STILL_ONLY_AVAILABILITY,YES
1823,1151-300,1151-300,INSIZE | اینسایز,INSIZE,False,True,False,130800000.0,1,,1151-300,1151-300,STILL_ONLY_AVAILABILITY,YES
1825,1156-300,1156-300,INSIZE | اینسایز,INSIZE,False,True,False,92400000.0,1,,1156-300,1156-300,STILL_ONLY_AVAILABILITY,YES
1826,1156-600,1156-600,INSIZE | اینسایز,INSIZE,False,True,False,140700000.0,1,,1156-600,1156-600,STILL_ONLY_AVAILABILITY,YES
1827,1161-150,1161-150,INSIZE | اینسایز,INSIZE,False,True,False,42000000.0,1,,1161-150,1161-150,STILL_ONLY_AVAILABILITY,YES
1828,1169-150,1169-150,INSIZE | اینسایز,INSIZE,False,True,False,24750000.0,1,,1169-150,1169-150,STILL_ONLY_AVAILABILITY,YES
1829,1170-300,1170-300,INSIZE | اینسایز,INSIZE,False,True,False,39600000.0,1,,1170-300,1170-300,STILL_ONLY_AVAILABILITY,YES
1830,1172-200,1172-200,INSIZE | اینسایز,INSIZE,False,True,False,88500000.0,1,,1172-200,1172-200,STILL_ONLY_AVAILABILITY,YES
1832,1176-200,1176-200,INSIZE | اینسایز,INSIZE,False,True,False,73800000.0,1,,1176-200,1176-200,STILL_ONLY_AVAILABILITY,YES
1833,1178-300,1178-300,INSIZE | اینسایز,INSIZE,False,True,False,79200000.0,1,,1178-300,1178-300,STILL_ONLY_AVAILABILITY,YES
1834,1183-150,1183-150,INSIZE | اینسایز,INSIZE,False,True,False,24660000.0,1,,1183-150,1183-150,STILL_ONLY_AVAILABILITY,YES
1835,1185-150,1185-150,INSIZE | اینسایز,INSIZE,False,True,False,33000000.0,1,,1185-150,1185-150,STILL_ONLY_AVAILABILITY,YES
1836,1186-150,1186-150,INSIZE | اینسایز,INSIZE,False,True,False,52500000.0,1,,1186-150,1186-150,STILL_ONLY_AVAILABILITY,YES
1839,1187-150,1187-150,INSIZE | اینسایز,INSIZE,False,True,False,30000000.0,1,,1187-150,1187-150,STILL_ONLY_AVAILABILITY,YES
1840,1188-150,1188-150,INSIZE | اینسایز,INSIZE,False,True,False,25950000.0,1,,1188-150,1188-150,STILL_ONLY_AVAILABILITY,YES
1842,1208-511,1208-511,INSIZE | اینسایز,INSIZE,False,True,False,57000000.0,1,,1208-511,1208-511,STILL_ONLY_AVAILABILITY,YES
1843,1208-524,1208-524,INSIZE | اینسایز,INSIZE,False,True,False,69300000.0,1,,1208-524,1208-524,STILL_ONLY_AVAILABILITY,YES
1844,1208-824,1208-824,INSIZE | اینسایز,INSIZE,False,True,False,139500000.0,1,,1208-824,1208-824,STILL_ONLY_AVAILABILITY,YES
1847,1215-1032,1215-1032,INSIZE | اینسایز,INSIZE,False,True,False,156600000.0,1,,1215-1032,1215-1032,STILL_ONLY_AVAILABILITY,YES
1848,1215-1052,1215-1052,INSIZE | اینسایز,INSIZE,False,True,False,284400000.0,1,,1215-1052,1215-1052,STILL_ONLY_AVAILABILITY,YES
1849,1215-322,1215-322,INSIZE | اینسایز,INSIZE,False,True,False,40800000.0,1,,1215-322,1215-322,STILL_ONLY_AVAILABILITY,YES
1850,1215-392,1215-392,INSIZE | اینسایز,INSIZE,False,True,False,24480000.0,1,,1215-392,1215-392,STILL_ONLY_AVAILABILITY,YES
1851,1215-522,1215-522,INSIZE | اینسایز,INSIZE,False,True,False,53700000.0,1,,1215-522,1215-522,STILL_ONLY_AVAILABILITY,YES
1852,1215-532,1215-532,INSIZE | اینسایز,INSIZE,False,True,False,64800000.0,1,,1215-532,1215-532,STILL_ONLY_AVAILABILITY,YES
1853,1215-622,1215-622,INSIZE | اینسایز,INSIZE,False,True,False,62700000.0,1,,1215-622,1215-622,STILL_ONLY_AVAILABILITY,YES
1854,1215-822,1215-822,INSIZE | اینسایز,INSIZE,False,True,False,132600000.0,1,,1215-822,1215-822,STILL_ONLY_AVAILABILITY,YES
1855,1217-3001,1217-3001,INSIZE | اینسایز,INSIZE,False,True,False,53400000.0,1,,1217-3001,1217-3001,STILL_ONLY_AVAILABILITY,YES
1856,1236-394,1236-394,INSIZE | اینسایز,INSIZE,False,True,False,52800000.0,1,,1236-394,1236-394,STILL_ONLY_AVAILABILITY,YES
1857,1236-524,1236-524,INSIZE | اینسایز,INSIZE,False,True,False,104700000.0,1,,1236-524,1236-524,STILL_ONLY_AVAILABILITY,YES
1858,1250-300,1250-300,INSIZE | اینسایز,INSIZE,False,True,False,49500000.0,1,,1250-300,1250-300,STILL_ONLY_AVAILABILITY,YES
1859,1250-600,1250-600,INSIZE | اینسایز,INSIZE,False,True,False,81900000.0,1,,1250-600,1250-600,STILL_ONLY_AVAILABILITY,YES
1860,1311-150,,INSIZE | اینسایز,INSIZE,False,True,False,13140000.0,1,,1311-150,,STILL_ONLY_AVAILABILITY,YES
1863,1312-150,,INSIZE | اینسایز,INSIZE,False,True,False,10110000.0,1,,1312-150,,STILL_ONLY_AVAILABILITY,YES
1866,1316-500,,INSIZE | اینسایز,INSIZE,False,True,False,60600000.0,1,,1316-500,,STILL_ONLY_AVAILABILITY,YES
1867,1340-150,,INSIZE | اینسایز,INSIZE,False,True,False,13170000.0,1,,1340-150,,STILL_ONLY_AVAILABILITY,YES
1868,1340-200,,INSIZE | اینسایز,INSIZE,False,True,False,14340000.0,1,,1340-200,,STILL_ONLY_AVAILABILITY,YES
1869,1340-300,,INSIZE | اینسایز,INSIZE,False,True,False,18240000.0,1,,1340-300,,STILL_ONLY_AVAILABILITY,YES
1870,1520-150,1520-150,INSIZE | اینسایز,INSIZE,False,True,False,37500000.0,1,,1520-150,1520-150,STILL_ONLY_AVAILABILITY,YES
1871,1530-300,1530-300,INSIZE | اینسایز,INSIZE,False,True,False,102300000.0,1,,1530-300,1530-300,STILL_ONLY_AVAILABILITY,YES
1873,2112-101,2112-101,INSIZE | اینسایز,INSIZE,False,True,False,31500000.0,1,,2112-101,2112-101,STILL_ONLY_AVAILABILITY,YES
1874,2112-251,2112-251,INSIZE | اینسایز,INSIZE,False,True,False,44100000.0,1,,2112-251,2112-251,STILL_ONLY_AVAILABILITY,YES
1875,2112-501,2112-501,INSIZE | اینسایز,INSIZE,False,True,False,96000000.0,1,,2112-501,2112-501,STILL_ONLY_AVAILABILITY,YES
1876,2122-160,2122-160,INSIZE | اینسایز,INSIZE,False,True,False,72900000.0,1,,2122-160,2122-160,STILL_ONLY_AVAILABILITY,YES
1877,2141-202,,INSIZE | اینسایز,INSIZE,False,True,False,59700000.0,1,,2141-202,,STILL_ONLY_AVAILABILITY,YES
1878,2142-101,2142-101,INSIZE | اینسایز,INSIZE,False,True,False,33000000.0,1,,2142-101,2142-101,STILL_ONLY_AVAILABILITY,YES
1879,2142-102,2142-102,INSIZE | اینسایز,INSIZE,False,True,False,33900000.0,1,,2142-102,2142-102,STILL_ONLY_AVAILABILITY,YES
1881,2172-360,2172-360,INSIZE | اینسایز,INSIZE,False,True,False,48600000.0,1,,2172-360,2172-360,STILL_ONLY_AVAILABILITY,YES
1883,2174-225,2174-225,INSIZE | اینسایز,INSIZE,False,True,False,30600000.0,1,,2174-225,2174-225,STILL_ONLY_AVAILABILITY,YES
1884,2175-360,2175-360,INSIZE | اینسایز,INSIZE,False,True,False,19980000.0,1,,2175-360,2175-360,STILL_ONLY_AVAILABILITY,YES
1885,2176-200,2176-200,INSIZE | اینسایز,INSIZE,False,True,False,6030000.0,1,,2176-200,2176-200,STILL_ONLY_AVAILABILITY,YES
1888,2222-301,2222-301,INSIZE | اینسایز,INSIZE,False,True,False,47400000.0,1,,2222-301,2222-301,STILL_ONLY_AVAILABILITY,YES
1889,2223-153,2223-153,INSIZE | اینسایز,INSIZE,False,True,False,54000000.0,1,,2223-153,2223-153,STILL_ONLY_AVAILABILITY,YES
1892,2281-360,2281-360,INSIZE | اینسایز,INSIZE,False,True,False,2922000.0,1,,2281-360,2281-360,STILL_ONLY_AVAILABILITY,YES
1893,2307-105,2307-105,INSIZE | اینسایز,INSIZE,False,True,False,7680000.0,1,,2307-105,2307-105,STILL_ONLY_AVAILABILITY,YES
1897,2333-201,2333-201,INSIZE | اینسایز,INSIZE,False,True,False,57900000.0,1,,2333-201,2333-201,STILL_ONLY_AVAILABILITY,YES
1898,2341-101,2341-101,INSIZE | اینسایز,INSIZE,False,True,False,20100000.0,1,,2341-101,2341-101,STILL_ONLY_AVAILABILITY,YES
1899,2342-202,2342-202,INSIZE | اینسایز,INSIZE,False,True,False,35700000.0,1,,2342-202,2342-202,STILL_ONLY_AVAILABILITY,YES
1900,2343-102,2343-102,INSIZE | اینسایز,INSIZE,False,True,False,16770000.0,1,,2343-102,2343-102,STILL_ONLY_AVAILABILITY,YES
1902,2373-360,2373-360,INSIZE | اینسایز,INSIZE,False,True,False,34500000.0,1,,2373-360,2373-360,STILL_ONLY_AVAILABILITY,YES
1903,2374-320,2374-320,INSIZE | اینسایز,INSIZE,False,True,False,24810000.0,1,,2374-320,2374-320,STILL_ONLY_AVAILABILITY,YES
1905,2711-165,2711-165,INSIZE | اینسایز,INSIZE,False,True,False,22500000.0,1,,2711-165,2711-165,STILL_ONLY_AVAILABILITY,YES
1906,2711-216,2711-216,INSIZE | اینسایز,INSIZE,False,True,False,24930000.0,1,,2711-216,2711-216,STILL_ONLY_AVAILABILITY,YES
1907,2771-360,2771-360,INSIZE | اینسایز,INSIZE,False,True,False,48600000.0,1,,2771-360,2771-360,STILL_ONLY_AVAILABILITY,YES
1908,2825-160,2825-160,INSIZE | اینسایز,INSIZE,False,True,False,51000000.0,1,,2825-160,2825-160,STILL_ONLY_AVAILABILITY,YES
1911,2841-300,2841-300,INSIZE | اینسایز,INSIZE,False,True,False,85800000.0,1,,2841-300,2841-300,STILL_ONLY_AVAILABILITY,YES
1912,2841-500,2841-500,INSIZE | اینسایز,INSIZE,False,True,False,95100000.0,1,,2841-500,2841-500,STILL_ONLY_AVAILABILITY,YES
1913,2862-102,2862-102,INSIZE | اینسایز,INSIZE,False,True,False,17400000.0,1,,2862-102,2862-102,STILL_ONLY_AVAILABILITY,YES
1915,3101-225,3101-225,INSIZE | اینسایز,INSIZE,False,True,False,66600000.0,1,,3101-225,3101-225,STILL_ONLY_AVAILABILITY,YES
1917,3101-275,3101-275,INSIZE | اینسایز,INSIZE,False,True,False,78900000.0,1,,3101-275,3101-275,STILL_ONLY_AVAILABILITY,YES
1918,3101-300,3101-300,INSIZE | اینسایز,INSIZE,False,True,False,84900000.0,1,,3101-300,3101-300,STILL_ONLY_AVAILABILITY,YES
1919,3108-100,3108-100,INSIZE | اینسایز,INSIZE,False,True,False,32100000.0,1,,3108-100,3108-100,STILL_ONLY_AVAILABILITY,YES
1920,3109-100,3109-100,INSIZE | اینسایز,INSIZE,False,True,False,23100000.0,1,,3109-100,3109-100,STILL_ONLY_AVAILABILITY,YES
1927,3109-275,3109-275,INSIZE | اینسایز,INSIZE,False,True,False,54900000.0,1,,3109-275,3109-275,STILL_ONLY_AVAILABILITY,YES
1929,3127-100,3127-100,INSIZE | اینسایز,INSIZE,False,True,False,144600000.0,1,,3127-100,3127-100,STILL_ONLY_AVAILABILITY,YES
1930,3127-123,3127-123,INSIZE | اینسایز,INSIZE,False,True,False,283200000.0,1,,3127-123,3127-123,STILL_ONLY_AVAILABILITY,YES
1931,3127-125,3127-125,INSIZE | اینسایز,INSIZE,False,True,False,157500000.0,1,,3127-125,3127-125,STILL_ONLY_AVAILABILITY,YES
1932,3127-150,3127-150,INSIZE | اینسایز,INSIZE,False,True,False,179400000.0,1,,3127-150,3127-150,STILL_ONLY_AVAILABILITY,YES
1933,3127-175,3127-175,INSIZE | اینسایز,INSIZE,False,True,False,207000000.0,1,,3127-175,3127-175,STILL_ONLY_AVAILABILITY,YES
1934,3127-200,3127-200,INSIZE | اینسایز,INSIZE,False,True,False,237600000.0,1,,3127-200,3127-200,STILL_ONLY_AVAILABILITY,YES
1935,3127-202,3127-202,INSIZE | اینسایز,INSIZE,False,True,False,195000000.0,1,,3127-202,3127-202,STILL_ONLY_AVAILABILITY,YES
1936,3127-225,3127-225,INSIZE | اینسایز,INSIZE,False,True,False,275400000.0,1,,3127-225,3127-225,STILL_ONLY_AVAILABILITY,YES
1937,3127-250,3127-250,INSIZE | اینسایز,INSIZE,False,True,False,335100000.0,1,,3127-250,3127-250,STILL_ONLY_AVAILABILITY,YES
1938,3127-275,3127-275,INSIZE | اینسایز,INSIZE,False,True,False,381600000.0,1,,3127-275,3127-275,STILL_ONLY_AVAILABILITY,YES
1939,3127-300,3127-300,INSIZE | اینسایز,INSIZE,False,True,False,447900000.0,1,,3127-300,3127-300,STILL_ONLY_AVAILABILITY,YES
1940,3127-504,3127-504,INSIZE | اینسایز,INSIZE,False,True,False,409500000.0,1,,3127-504,3127-504,STILL_ONLY_AVAILABILITY,YES
1953,3205-1000,3205-1000,INSIZE | اینسایز,INSIZE,False,True,False,241500000.0,1,,3205-1000,3205-1000,STILL_ONLY_AVAILABILITY,YES
1954,3205-1200,3205-1200,INSIZE | اینسایز,INSIZE,False,True,False,532200000.0,1,,3205-1200,3205-1200,STILL_ONLY_AVAILABILITY,YES
1955,3205-1400,3205-1400,INSIZE | اینسایز,INSIZE,False,True,False,576600000.0,1,,3205-1400,3205-1400,STILL_ONLY_AVAILABILITY,YES
1956,3205-1600,3205-1600,INSIZE | اینسایز,INSIZE,False,True,False,681300000.0,1,,3205-1600,3205-1600,STILL_ONLY_AVAILABILITY,YES
1957,3205-1800,3205-1800,INSIZE | اینسایز,INSIZE,False,True,False,705900000.0,1,,3205-1800,3205-1800,STILL_ONLY_AVAILABILITY,YES
1959,3205-500,3205-500,INSIZE | اینسایز,INSIZE,False,True,False,94500000.0,1,,3205-500,3205-500,STILL_ONLY_AVAILABILITY,YES
1960,3205-600,3205-600,INSIZE | اینسایز,INSIZE,False,True,False,112200000.0,1,,3205-600,3205-600,STILL_ONLY_AVAILABILITY,YES
1961,3205-700,3205-700,INSIZE | اینسایز,INSIZE,False,True,False,154200000.0,1,,3205-700,3205-700,STILL_ONLY_AVAILABILITY,YES
1962,3205-800,3205-800,INSIZE | اینسایز,INSIZE,False,True,False,183300000.0,1,,3205-800,3205-800,STILL_ONLY_AVAILABILITY,YES
1963,3205-900,3205-900,INSIZE | اینسایز,INSIZE,False,True,False,216000000.0,1,,3205-900,3205-900,STILL_ONLY_AVAILABILITY,YES
1964,3206-150,,INSIZE | اینسایز,INSIZE,False,True,False,43800000.0,1,,3206-150,,STILL_ONLY_AVAILABILITY,YES
1968,3210-100,3210-100,INSIZE | اینسایز,INSIZE,False,True,False,10140000.0,1,,3210-100,3210-100,STILL_ONLY_AVAILABILITY,YES
1969,3220-100,3220-100,INSIZE | اینسایز,INSIZE,False,True,False,27240000.0,1,,3220-100,3220-100,STILL_ONLY_AVAILABILITY,YES
1970,3222-300,3222-300,INSIZE | اینسایز,INSIZE,False,True,False,34200000.0,1,,3222-300,3222-300,STILL_ONLY_AVAILABILITY,YES
1972,3222-600,3222-600,INSIZE | اینسایز,INSIZE,False,True,False,46200000.0,1,,3222-600,3222-600,STILL_ONLY_AVAILABILITY,YES
1973,3225-2100,3225-2100,INSIZE | اینسایز,INSIZE,False,True,False,223500000.0,1,,3225-2100,3225-2100,STILL_ONLY_AVAILABILITY,YES
1974,3227-100,3227-100,INSIZE | اینسایز,INSIZE,False,True,False,95700000.0,1,,3227-100,3227-100,STILL_ONLY_AVAILABILITY,YES
1975,3227-123,3227-123,INSIZE | اینسایز,INSIZE,False,True,False,177600000.0,1,,3227-123,3227-123,STILL_ONLY_AVAILABILITY,YES
1976,3227-125,,INSIZE | اینسایز,INSIZE,False,True,False,111000000.0,1,,3227-125,,STILL_ONLY_AVAILABILITY,YES
1977,3227-150,3227-150,INSIZE | اینسایز,INSIZE,False,True,False,132000000.0,1,,3227-150,3227-150,STILL_ONLY_AVAILABILITY,YES
1978,3227-175,3227-175,INSIZE | اینسایز,INSIZE,False,True,False,168600000.0,1,,3227-175,3227-175,STILL_ONLY_AVAILABILITY,YES
1979,3227-200,3227-200,INSIZE | اینسایز,INSIZE,False,True,False,201900000.0,1,,3227-200,3227-200,STILL_ONLY_AVAILABILITY,YES
1980,3227-202,3227-202,INSIZE | اینسایز,INSIZE,False,True,False,84600000.0,1,,3227-202,3227-202,STILL_ONLY_AVAILABILITY,YES
1981,3227-504,3227-504,INSIZE | اینسایز,INSIZE,False,True,False,237900000.0,1,,3227-504,3227-504,STILL_ONLY_AVAILABILITY,YES
1982,3232-100,3232-100,INSIZE | اینسایز,INSIZE,False,True,False,51600000.0,1,,3232-100,3232-100,STILL_ONLY_AVAILABILITY,YES
1983,3240-100,3240-100,INSIZE | اینسایز,INSIZE,False,True,False,22380000.0,1,,3240-100,3240-100,STILL_ONLY_AVAILABILITY,YES
1984,3240-150,3240-150,INSIZE | اینسایز,INSIZE,False,True,False,26940000.0,1,,3240-150,3240-150,STILL_ONLY_AVAILABILITY,YES
1985,3240-300,3240-300,INSIZE | اینسایز,INSIZE,False,True,False,39900000.0,1,,3240-300,3240-300,STILL_ONLY_AVAILABILITY,YES
1986,3282-100,3282-100,INSIZE | اینسایز,INSIZE,False,True,False,30000000.0,1,,3282-100,3282-100,STILL_ONLY_AVAILABILITY,YES
1987,3290-153,3290-153,INSIZE | اینسایز,INSIZE,False,True,False,47700000.0,1,,3290-153,3290-153,STILL_ONLY_AVAILABILITY,YES
1990,3293-131,3293-131,INSIZE | اینسایز,INSIZE,False,True,False,26760000.0,1,,3293-131,3293-131,STILL_ONLY_AVAILABILITY,YES
1991,3506-150,3506-150,INSIZE | اینسایز,INSIZE,False,True,False,64800000.0,1,,3506-150,3506-150,STILL_ONLY_AVAILABILITY,YES
1996,3520-100,3520-100,INSIZE | اینسایز,INSIZE,False,True,False,81600000.0,1,,3520-100,3520-100,STILL_ONLY_AVAILABILITY,YES
1997,3521-2000,3521-2000,INSIZE | اینسایز,INSIZE,False,True,False,314400000.0,1,,3521-2000,3521-2000,STILL_ONLY_AVAILABILITY,YES
1998,3540-150,3540-150,INSIZE | اینسایز,INSIZE,False,True,False,61500000.0,1,,3540-150,3540-150,STILL_ONLY_AVAILABILITY,YES
1999,3540-300,3540-300,INSIZE | اینسایز,INSIZE,False,True,False,110400000.0,1,,3540-300,3540-300,STILL_ONLY_AVAILABILITY,YES
2001,4100-187,4100-187,INSIZE | اینسایز,INSIZE,False,True,False,117300000.0,1,,4100-187,4100-187,STILL_ONLY_AVAILABILITY,YES
2002,4100-232,4100-232,INSIZE | اینسایز,INSIZE,False,True,False,26730000.0,1,,4100-232,4100-232,STILL_ONLY_AVAILABILITY,YES
2003,4100-247,4100-247,INSIZE | اینسایز,INSIZE,False,True,False,38400000.0,1,,4100-247,4100-247,STILL_ONLY_AVAILABILITY,YES
2004,4100-287,,INSIZE | اینسایز,INSIZE,False,True,False,60900000.0,1,,4100-287,,STILL_ONLY_AVAILABILITY,YES
2005,4141-400,4141-400,INSIZE | اینسایز,INSIZE,False,True,False,123000000.0,1,,4141-400,4141-400,STILL_ONLY_AVAILABILITY,YES
2010,4166-411,4166-411,INSIZE | اینسایز,INSIZE,False,True,False,40800000.0,1,,4166-411,4166-411,STILL_ONLY_AVAILABILITY,YES
2011,4166-511,4166-511,INSIZE | اینسایز,INSIZE,False,True,False,55200000.0,1,,4166-511,4166-511,STILL_ONLY_AVAILABILITY,YES
2012,4166-512,4166-512,INSIZE | اینسایز,INSIZE,False,True,False,90900000.0,1,,4166-512,4166-512,STILL_ONLY_AVAILABILITY,YES
2013,4166-513,4166-513,INSIZE | اینسایز,INSIZE,False,True,False,144300000.0,1,,4166-513,4166-513,STILL_ONLY_AVAILABILITY,YES
2015,4605-202,4605-202,INSIZE | اینسایز,INSIZE,False,True,False,4620000.0,1,,4605-202,4605-202,STILL_ONLY_AVAILABILITY,YES
2017,4700-200,4700-200,INSIZE | اینسایز,INSIZE,False,True,False,10560000.0,1,,4700-200,4700-200,STILL_ONLY_AVAILABILITY,YES
2018,4707-300,4707-300,INSIZE | اینسایز,INSIZE,False,True,False,13470000.0,1,,4707-300,4707-300,STILL_ONLY_AVAILABILITY,YES
2019,4707-500,4707-500,INSIZE | اینسایز,INSIZE,False,True,False,32100000.0,1,,4707-500,4707-500,STILL_ONLY_AVAILABILITY,YES
2020,4745-1150,4745-1150,INSIZE | اینسایز,INSIZE,False,True,False,9570000.0,1,,4745-1150,4745-1150,STILL_ONLY_AVAILABILITY,YES
2021,4745-1200,4745-1200,INSIZE | اینسایز,INSIZE,False,True,False,13110000.0,1,,4745-1200,4745-1200,STILL_ONLY_AVAILABILITY,YES
2022,4796-100,4796-100,INSIZE | اینسایز,INSIZE,False,True,False,2049000.0,1,,4796-100,4796-100,STILL_ONLY_AVAILABILITY,YES
2023,4796-150,4796-150,INSIZE | اینسایز,INSIZE,False,True,False,2688000.0,1,,4796-150,4796-150,STILL_ONLY_AVAILABILITY,YES
2024,4796-300,4796-300,INSIZE | اینسایز,INSIZE,False,True,False,9150000.0,1,,4796-300,4796-300,STILL_ONLY_AVAILABILITY,YES
2025,4799-1120,4799-1120,INSIZE | اینسایز,INSIZE,False,True,False,6690000.0,1,,4799-1120,4799-1120,STILL_ONLY_AVAILABILITY,YES
2030,4810-601,4810-601,INSIZE | اینسایز,INSIZE,False,True,False,1203000.0,1,,4810-601,4810-601,STILL_ONLY_AVAILABILITY,YES
2031,4810-602,4810-602,INSIZE | اینسایز,INSIZE,False,True,False,1380000.0,1,,4810-602,4810-602,STILL_ONLY_AVAILABILITY,YES
2032,4820-230,4820-230,INSIZE | اینسایز,INSIZE,False,True,False,2688000.0,1,,4820-230,4820-230,STILL_ONLY_AVAILABILITY,YES
2033,4820-452,4820-452,INSIZE | اینسایز,INSIZE,False,True,False,2718000.0,1,,4820-452,4820-452,STILL_ONLY_AVAILABILITY,YES
2035,4860-212,4860-212,INSIZE | اینسایز,INSIZE,False,True,False,20130000.0,1,,4860-212,4860-212,STILL_ONLY_AVAILABILITY,YES
2036,4860-245,4860-245,INSIZE | اینسایز,INSIZE,False,True,False,27810000.0,1,,4860-245,4860-245,STILL_ONLY_AVAILABILITY,YES
2037,4902-150,4902-150,INSIZE | اینسایز,INSIZE,False,True,False,39300000.0,1,,4902-150,4902-150,STILL_ONLY_AVAILABILITY,YES
2038,4902-200,4902-200,INSIZE | اینسایز,INSIZE,False,True,False,41100000.0,1,,4902-200,4902-200,STILL_ONLY_AVAILABILITY,YES
2039,4902-300,4902-300,INSIZE | اینسایز,INSIZE,False,True,False,63900000.0,1,,4902-300,4902-300,STILL_ONLY_AVAILABILITY,YES
2043,4910-400,4910-400,INSIZE | اینسایز,INSIZE,False,True,False,9690000.0,1,,4910-400,4910-400,STILL_ONLY_AVAILABILITY,YES
2044,4910-600,4910-600,INSIZE | اینسایز,INSIZE,False,True,False,14640000.0,1,,4910-600,4910-600,STILL_ONLY_AVAILABILITY,YES
2045,4911-600,4911-600,INSIZE | اینسایز,INSIZE,False,True,False,6720000.0,1,,4911-600,4911-600,STILL_ONLY_AVAILABILITY,YES
2048,4918-300,4918-300,INSIZE | اینسایز,INSIZE,False,True,False,3330000.0,1,,4918-300,4918-300,STILL_ONLY_AVAILABILITY,YES
2049,4918-600,4918-600,INSIZE | اینسایز,INSIZE,False,True,False,3630000.0,1,,4918-600,4918-600,STILL_ONLY_AVAILABILITY,YES
2064,6511-241,6511-241,INSIZE | اینسایز,INSIZE,False,True,False,81600000.0,1,,6511-241,6511-241,STILL_ONLY_AVAILABILITY,YES
2066,6801-1201,6801-1201,INSIZE | اینسایز,INSIZE,False,True,False,29610000.0,1,,6801-1201,6801-1201,STILL_ONLY_AVAILABILITY,YES
2067,6801-1202,6801-1202,INSIZE | اینسایز,INSIZE,False,True,False,32400000.0,1,,6801-1202,6801-1202,STILL_ONLY_AVAILABILITY,YES
2068,6862-1002,6862-1002,INSIZE | اینسایز,INSIZE,False,True,False,80100000.0,1,,6862-1002,6862-1002,STILL_ONLY_AVAILABILITY,YES
2069,6866-150,6866-150,INSIZE | اینسایز,INSIZE,False,True,False,113700000.0,1,,6866-150,6866-150,STILL_ONLY_AVAILABILITY,YES
2071,6900-132,6900-132,INSIZE | اینسایز,INSIZE,False,True,False,30300000.0,1,,6900-132,6900-132,STILL_ONLY_AVAILABILITY,YES
2072,6900-142,6900-142,INSIZE | اینسایز,INSIZE,False,True,False,41400000.0,1,,6900-142,6900-142,STILL_ONLY_AVAILABILITY,YES
2073,6900-153,6900-153,INSIZE | اینسایز,INSIZE,False,True,False,81000000.0,1,,6900-153,6900-153,STILL_ONLY_AVAILABILITY,YES
2074,6900-164,6900-164,INSIZE | اینسایز,INSIZE,False,True,False,100500000.0,1,,6900-164,6900-164,STILL_ONLY_AVAILABILITY,YES
2075,6900-185,6900-185,INSIZE | اینسایز,INSIZE,False,True,False,187200000.0,1,,6900-185,6900-185,STILL_ONLY_AVAILABILITY,YES
2077,7110-150,,INSIZE | اینسایز,INSIZE,False,True,False,423000.0,1,,7110-150,,STILL_ONLY_AVAILABILITY,YES
2078,7110-200,,INSIZE | اینسایز,INSIZE,False,True,False,621000.0,1,,7110-200,,STILL_ONLY_AVAILABILITY,YES
2079,7110-300,,INSIZE | اینسایز,INSIZE,False,True,False,759000.0,1,,7110-300,,STILL_ONLY_AVAILABILITY,YES
2084,7114-950,7114-950,INSIZE | اینسایز,INSIZE,False,True,False,4230000.0,1,,7114-950,7114-950,STILL_ONLY_AVAILABILITY,YES
2088,7205-200,7205-200,INSIZE | اینسایز,INSIZE,False,True,False,21450000.0,1,,7205-200,7205-200,STILL_ONLY_AVAILABILITY,YES
2098,7350-160,7350-160,INSIZE | اینسایز,INSIZE,False,True,False,8190000.0,1,,7350-160,7350-160,STILL_ONLY_AVAILABILITY,YES
2100,8601-100,8601-100,INSIZE | اینسایز,INSIZE,False,True,False,1064000.0,1,,8601-100,8601-100,STILL_ONLY_AVAILABILITY,YES
2104,9351-130,9351-130,INSIZE | اینسایز,INSIZE,False,True,False,22780800.0,1,,9351-130,9351-130,STILL_ONLY_AVAILABILITY,YES
2105,9721-250,9721-250,INSIZE | اینسایز,INSIZE,False,True,False,1119000.0,1,,9721-250,9721-250,STILL_ONLY_AVAILABILITY,YES
2353,103-147,,Mitutoyo | میتوتویو,MITUTOYO,False,True,False,42804000.0,1,,103-147,,STILL_ONLY_AVAILABILITY,YES
3292,AST-PRO/T65,,ASTPOWER | ای اس تی پاور,ASTPOWER,False,True,False,244200000.0,1,,AST-PRO/T65,,STILL_ONLY_AVAILABILITY,YES
3293,AST-PRO/T150,,ASTPOWER | ای اس تی پاور,ASTPOWER,False,True,False,413820000.0,1,,AST-PRO/T150,,STILL_ONLY_AVAILABILITY,YES
3303,AST-BS2-8,,ASTPOWER | ای اس تی پاور,ASTPOWER,False,True,False,241032000.0,1,,AST-BS2-8,,STILL_ONLY_AVAILABILITY,YES
3331,AST-SPARK3000,,ASTPOWER | ای اس تی پاور,ASTPOWER,False,True,False,547011960.0,1,,AST-SPARK3000,,STILL_ONLY_AVAILABILITY,YES
3332,AST-SPARK600,,ASTPOWER | ای اس تی پاور,ASTPOWER,False,True,False,190901700.0,1,,AST-SPARK600,,STILL_ONLY_AVAILABILITY,YES
3349,AST-PRO/T100,,ASTPOWER | ای اس تی پاور,ASTPOWER,False,True,False,360676800.0,1,,AST-PRO/T100,,STILL_ONLY_AVAILABILITY,YES
3350,AST-COR80,,ASTPOWER | ای اس تی پاور,ASTPOWER,False,True,False,109718400.0,1,,AST-COR80,,STILL_ONLY_AVAILABILITY,YES
3351,AST-COR355P,,ASTPOWER | ای اس تی پاور,ASTPOWER,False,True,False,206665800.0,1,,AST-COR355P,,STILL_ONLY_AVAILABILITY,YES
3352,AST-COR255P,,ASTPOWER | ای اس تی پاور,ASTPOWER,False,True,False,147668400.0,1,,AST-COR255P,,STILL_ONLY_AVAILABILITY,YES
3353,TU-TCOR205,,ASTPOWER | ای اس تی پاور,ASTPOWER,False,True,False,80163600.0,1,,TU-TCOR205,,STILL_ONLY_AVAILABILITY,YES
3354,TU-TCOR305,,ASTPOWER | ای اس تی پاور,ASTPOWER,False,True,False,143418000.0,1,,TU-TCOR305,,STILL_ONLY_AVAILABILITY,YES
3355,TU-TCOR255,,ASTPOWER | ای اس تی پاور,ASTPOWER,False,True,False,97072800.0,1,,TU-TCOR255,,STILL_ONLY_AVAILABILITY,YES
3356,TU-TCOR355,,ASTPOWER | ای اس تی پاور,ASTPOWER,False,True,False,166610400.0,1,,TU-TCOR355,,STILL_ONLY_AVAILABILITY,YES
3361,TU-D13E12,,ASTPOWER | ای اس تی پاور,ASTPOWER,False,True,False,193820220.0,1,,TU-D13E12,,STILL_ONLY_AVAILABILITY,YES
3374,AST-COR100,,ASTPOWER | ای اس تی پاور,ASTPOWER,False,True,False,122364000.0,1,,AST-COR100,,STILL_ONLY_AVAILABILITY,YES
3429,FB620,,ASTPOWER | ای اس تی پاور,ASTPOWER,False,True,False,20832000.0,1,,FB620,,STILL_ONLY_AVAILABILITY,YES
3431,FTV313,,ASTPOWER | ای اس تی پاور,ASTPOWER,False,True,False,19800000.0,1,,FTV313,,STILL_ONLY_AVAILABILITY,YES
3438,TS20,,ASTPOWER | ای اس تی پاور,ASTPOWER,False,True,False,173184000.0,1,,TS20,,STILL_ONLY_AVAILABILITY,YES
3439,TS42,,ASTPOWER | ای اس تی پاور,ASTPOWER,False,True,False,33432000.0,1,,TS42,,STILL_ONLY_AVAILABILITY,YES
3468,1201-1003,1201-1003,INSIZE | اینسایز,INSIZE,False,True,False,5010000.0,1,,1201-1003,1201-1003,STILL_ONLY_AVAILABILITY,YES
3469,1204-70,1204-70,INSIZE | اینسایز,INSIZE,False,True,False,7860000.0,1,,1204-70,1204-70,STILL_ONLY_AVAILABILITY,NO
3470,1205-1502,1205-1502,INSIZE | اینسایز,INSIZE,False,True,False,6480000.0,1,,1205-1502,1205-1502,STILL_ONLY_AVAILABILITY,YES
3474,1106-1002,1106-1002,INSIZE | اینسایز,INSIZE,False,True,False,131700000.0,1,,1106-1002,1106-1002,STILL_ONLY_AVAILABILITY,NO
3475,1214-1000,1214-1000,INSIZE | اینسایز,INSIZE,False,True,False,111300000.0,1,,1214-1000,1214-1000,STILL_ONLY_AVAILABILITY,NO
3476,1214-1500,1214-1500,INSIZE | اینسایز,INSIZE,False,True,False,359100000.0,1,,1214-1500,1214-1500,STILL_ONLY_AVAILABILITY,NO
3477,1181-M25,,INSIZE | اینسایز,INSIZE,False,True,False,98700000.0,1,,1181-M25,,STILL_ONLY_AVAILABILITY,NO
3478,1106-2003,1106-2003,INSIZE | اینسایز,INSIZE,False,True,False,708000000.0,1,,1106-2003,1106-2003,STILL_ONLY_AVAILABILITY,NO
3479,1106-1502,1106-1502,INSIZE | اینسایز,INSIZE,False,True,False,410700000.0,1,,1106-1502,1106-1502,STILL_ONLY_AVAILABILITY,NO
3481,2307-1,2307-1,INSIZE | اینسایز,INSIZE,False,True,False,5790000.0,1,,2307-1,2307-1,STILL_ONLY_AVAILABILITY,NO
3482,2307-025,2307-025,INSIZE | اینسایز,INSIZE,False,True,False,7170000.0,1,,2307-025,2307-025,STILL_ONLY_AVAILABILITY,NO
3483,2308-10,2308-10,INSIZE | اینسایز,INSIZE,False,True,False,6360000.0,1,,2308-10,2308-10,STILL_ONLY_AVAILABILITY,YES
3486,4100-2122,4100-2122,INSIZE | اینسایز,INSIZE,False,True,False,98100000.0,1,,4100-2122,4100-2122,STILL_ONLY_AVAILABILITY,NO
3487,2121-25,2121-25,INSIZE | اینسایز,INSIZE,False,True,False,51000000.0,1,,2121-25,2121-25,STILL_ONLY_AVAILABILITY,NO
3488,2332-20,2332-20,INSIZE | اینسایز,INSIZE,False,True,False,41700000.0,1,,2332-20,2332-20,STILL_ONLY_AVAILABILITY,NO
3489,ISE-2DT,,INSIZE | اینسایز,INSIZE,False,True,False,169800000.0,1,,ISE-2DT,,STILL_ONLY_AVAILABILITY,NO
3490,2151-35,2151-35,INSIZE | اینسایز,INSIZE,False,True,False,58500000.0,1,,2151-35,2151-35,STILL_ONLY_AVAILABILITY,NO
3491,3203-1,,INSIZE | اینسایز,INSIZE,False,True,False,6600000.0,1,,3203-1,,STILL_ONLY_AVAILABILITY,NO
3492,2151-55,2151-55,INSIZE | اینسایز,INSIZE,False,True,False,58500000.0,1,,2151-55,2151-55,STILL_ONLY_AVAILABILITY,NO
3493,2361-10,2361-10,INSIZE | اینسایز,INSIZE,False,True,False,10380000.0,1,,2361-10,2361-10,STILL_ONLY_AVAILABILITY,NO
3495,3203-2,,INSIZE | اینسایز,INSIZE,False,True,False,7440000.0,1,,3203-2,,STILL_ONLY_AVAILABILITY,NO
3499,3127-8,3127-8,INSIZE | اینسایز,INSIZE,False,True,False,102600000.0,1,,3127-8,3127-8,STILL_ONLY_AVAILABILITY,NO
3500,3127-10,3127-10,INSIZE | اینسایز,INSIZE,False,True,False,102600000.0,1,,3127-10,3127-10,STILL_ONLY_AVAILABILITY,NO
3501,3127-12,3127-12,INSIZE | اینسایز,INSIZE,False,True,False,102600000.0,1,,3127-12,3127-12,STILL_ONLY_AVAILABILITY,NO
3503,3127-20,3127-20,INSIZE | اینسایز,INSIZE,False,True,False,105900000.0,1,,3127-20,3127-20,STILL_ONLY_AVAILABILITY,NO
3504,3282-25,3282-25,INSIZE | اینسایز,INSIZE,False,True,False,21420000.0,1,,3282-25,3282-25,STILL_ONLY_AVAILABILITY,NO
3505,3127-25,3127-25,INSIZE | اینسایز,INSIZE,False,True,False,111000000.0,1,,3127-25,3127-25,STILL_ONLY_AVAILABILITY,NO
3506,3127-30,3127-30,INSIZE | اینسایز,INSIZE,False,True,False,111000000.0,1,,3127-30,3127-30,STILL_ONLY_AVAILABILITY,NO
3507,3282-50,3282-50,INSIZE | اینسایز,INSIZE,False,True,False,22260000.0,1,,3282-50,3282-50,STILL_ONLY_AVAILABILITY,NO
3508,3127-40,3127-40,INSIZE | اینسایز,INSIZE,False,True,False,126600000.0,1,,3127-40,3127-40,STILL_ONLY_AVAILABILITY,NO
3509,3282-75,3282-75,INSIZE | اینسایز,INSIZE,False,True,False,25170000.0,1,,3282-75,3282-75,STILL_ONLY_AVAILABILITY,NO
3510,3127-50,3127-50,INSIZE | اینسایز,INSIZE,False,True,False,118500000.0,1,,3127-50,3127-50,STILL_ONLY_AVAILABILITY,NO
3512,2364-1,2364-1,INSIZE | اینسایز,INSIZE,False,True,False,31500000.0,1,,2364-1,2364-1,STILL_ONLY_AVAILABILITY,YES
3513,3127-63,3127-63,INSIZE | اینسایز,INSIZE,False,True,False,128100000.0,1,,3127-63,3127-63,STILL_ONLY_AVAILABILITY,NO
3514,3127-75,3127-75,INSIZE | اینسایز,INSIZE,False,True,False,135300000.0,1,,3127-75,3127-75,STILL_ONLY_AVAILABILITY,NO
3516,3127-88,3127-88,INSIZE | اینسایز,INSIZE,False,True,False,140400000.0,1,,3127-88,3127-88,STILL_ONLY_AVAILABILITY,NO
3517,2863-10,2863-10,INSIZE | اینسایز,INSIZE,False,True,False,14550000.0,1,,2863-10,2863-10,STILL_ONLY_AVAILABILITY,NO
3518,2866-10,2866-10,INSIZE | اینسایز,INSIZE,False,True,False,18960000.0,1,,2866-10,2866-10,STILL_ONLY_AVAILABILITY,NO
3519,3227-8,3227-8,INSIZE | اینسایز,INSIZE,False,True,False,58500000.0,1,,3227-8,3227-8,STILL_ONLY_AVAILABILITY,NO
3520,2367-10,2367-10,INSIZE | اینسایز,INSIZE,False,True,False,32700000.0,1,,2367-10,2367-10,STILL_ONLY_AVAILABILITY,NO
3521,3227-10,3227-10,INSIZE | اینسایز,INSIZE,False,True,False,58500000.0,1,,3227-10,3227-10,STILL_ONLY_AVAILABILITY,NO
3523,3227-12,3227-12,INSIZE | اینسایز,INSIZE,False,True,False,58500000.0,1,,3227-12,3227-12,STILL_ONLY_AVAILABILITY,NO
3525,3227-16,3227-16,INSIZE | اینسایز,INSIZE,False,True,False,42000000.0,1,,3227-16,3227-16,STILL_ONLY_AVAILABILITY,NO
3526,3227-20,3227-20,INSIZE | اینسایز,INSIZE,False,True,False,42000000.0,1,,3227-20,3227-20,STILL_ONLY_AVAILABILITY,NO
3527,3520-50,3520-50,INSIZE | اینسایز,INSIZE,False,True,False,48900000.0,1,,3520-50,3520-50,STILL_ONLY_AVAILABILITY,NO
3528,3227-25,3227-25,INSIZE | اینسایز,INSIZE,False,True,False,62700000.0,1,,3227-25,3227-25,STILL_ONLY_AVAILABILITY,NO
3529,3227-30,3227-30,INSIZE | اینسایز,INSIZE,False,True,False,62700000.0,1,,3227-30,3227-30,STILL_ONLY_AVAILABILITY,NO
3530,3227-40,3227-40,INSIZE | اینسایز,INSIZE,False,True,False,65400000.0,1,,3227-40,3227-40,STILL_ONLY_AVAILABILITY,NO
3531,3227-50,3227-50,INSIZE | اینسایز,INSIZE,False,True,False,75300000.0,1,,3227-50,3227-50,STILL_ONLY_AVAILABILITY,NO
3532,3227-63,3227-63,INSIZE | اینسایز,INSIZE,False,True,False,82500000.0,1,,3227-63,3227-63,STILL_ONLY_AVAILABILITY,NO
3533,3227-75,3227-75,INSIZE | اینسایز,INSIZE,False,True,False,88200000.0,1,,3227-75,3227-75,STILL_ONLY_AVAILABILITY,NO
3534,3520-75,3520-75,INSIZE | اینسایز,INSIZE,False,True,False,77700000.0,1,,3520-75,3520-75,STILL_ONLY_AVAILABILITY,NO
3535,3227-88,3227-88,INSIZE | اینسایز,INSIZE,False,True,False,92100000.0,1,,3227-88,3227-88,STILL_ONLY_AVAILABILITY,NO
3536,3227-1004,3227-1004,INSIZE | اینسایز,INSIZE,False,True,False,297000000.0,1,,3227-1004,3227-1004,STILL_ONLY_AVAILABILITY,NO
3542,6210-81,,INSIZE | اینسایز,INSIZE,False,True,False,17760000.0,1,,6210-81,,STILL_ONLY_AVAILABILITY,NO
3550,3109-25,3109-25,INSIZE | اینسایز,INSIZE,False,True,False,14130000.0,1,,3109-25,3109-25,STILL_ONLY_AVAILABILITY,YES
3556,3203-25,3203-25,INSIZE | اینسایز,INSIZE,False,True,False,5940000.0,1,,3203-25,3203-25,STILL_ONLY_AVAILABILITY,YES
3570,4621-80,4621-80,INSIZE | اینسایز,INSIZE,False,True,False,5310000.0,1,,4621-80,4621-80,STILL_ONLY_AVAILABILITY,YES
3572,4166-0D,4166-0D,INSIZE | اینسایز,INSIZE,False,True,False,51000000.0,1,,4166-0D,4166-0D,STILL_ONLY_AVAILABILITY,NO
3576,7110-1500,,INSIZE | اینسایز,INSIZE,False,True,False,8550000.0,1,,7110-1500,,STILL_ONLY_AVAILABILITY,NO
3579,4166-1,4166-1,INSIZE | اینسایز,INSIZE,False,True,False,77700000.0,1,,4166-1,4166-1,STILL_ONLY_AVAILABILITY,NO
3582,4166-1D,4166-1D,INSIZE | اینسایز,INSIZE,False,True,False,77700000.0,1,,4166-1D,4166-1D,STILL_ONLY_AVAILABILITY,NO
3583,1240-5001,1240-5001,INSIZE | اینسایز,INSIZE,False,True,False,30600000.0,1,,1240-5001,1240-5001,STILL_ONLY_AVAILABILITY,NO
3584,4166-2,4166-2,INSIZE | اینسایز,INSIZE,False,True,False,77700000.0,1,,4166-2,4166-2,STILL_ONLY_AVAILABILITY,NO
3585,4166-2D,4166-2D,INSIZE | اینسایز,INSIZE,False,True,False,77700000.0,1,,4166-2D,4166-2D,STILL_ONLY_AVAILABILITY,NO
3586,4166-3,4166-3,INSIZE | اینسایز,INSIZE,False,True,False,78000000.0,1,,4166-3,4166-3,STILL_ONLY_AVAILABILITY,NO
3587,4166-4,4166-4,INSIZE | اینسایز,INSIZE,False,True,False,78300000.0,1,,4166-4,4166-4,STILL_ONLY_AVAILABILITY,NO
3588,4166-4D,4166-4D,INSIZE | اینسایز,INSIZE,False,True,False,78600000.0,1,,4166-4D,4166-4D,STILL_ONLY_AVAILABILITY,NO
3589,4166-5,4166-5,INSIZE | اینسایز,INSIZE,False,True,False,78900000.0,1,,4166-5,4166-5,STILL_ONLY_AVAILABILITY,NO
3590,4166-5D,4166-5D,INSIZE | اینسایز,INSIZE,False,True,False,79200000.0,1,,4166-5D,4166-5D,STILL_ONLY_AVAILABILITY,NO
3591,4166-6,4166-6,INSIZE | اینسایز,INSIZE,False,True,False,79800000.0,1,,4166-6,4166-6,STILL_ONLY_AVAILABILITY,NO
3592,1145-25,1145-25,INSIZE | اینسایز,INSIZE,False,True,False,11550000.0,1,,1145-25,1145-25,STILL_ONLY_AVAILABILITY,NO
3593,4166-6D,4166-6D,INSIZE | اینسایز,INSIZE,False,True,False,79800000.0,1,,4166-6D,4166-6D,STILL_ONLY_AVAILABILITY,NO
3594,4166-7,4166-7,INSIZE | اینسایز,INSIZE,False,True,False,74400000.0,1,,4166-7,4166-7,STILL_ONLY_AVAILABILITY,NO
3595,1140-50,1140-50,INSIZE | اینسایز,INSIZE,False,True,False,35400000.0,1,,1140-50,1140-50,STILL_ONLY_AVAILABILITY,NO
3596,4166-7D,4166-7D,INSIZE | اینسایز,INSIZE,False,True,False,75000000.0,1,,4166-7D,4166-7D,STILL_ONLY_AVAILABILITY,NO
3597,4166-9,4166-9,INSIZE | اینسایز,INSIZE,False,True,False,74700000.0,1,,4166-9,4166-9,STILL_ONLY_AVAILABILITY,NO
3598,4166-8,4166-8,INSIZE | اینسایز,INSIZE,False,True,False,74700000.0,1,,4166-8,4166-8,STILL_ONLY_AVAILABILITY,NO
3599,3240-25,3240-25,INSIZE | اینسایز,INSIZE,False,True,False,15180000.0,1,,3240-25,3240-25,STILL_ONLY_AVAILABILITY,NO
3600,4166-8D,4166-8D,INSIZE | اینسایز,INSIZE,False,True,False,74400000.0,1,,4166-8D,4166-8D,STILL_ONLY_AVAILABILITY,NO
3601,4166-9D,4166-9D,INSIZE | اینسایز,INSIZE,False,True,False,78900000.0,1,,4166-9D,4166-9D,STILL_ONLY_AVAILABILITY,NO
3603,4790-0150,4790-0150,INSIZE | اینسایز,INSIZE,False,True,False,17640000.0,1,,4790-0150,4790-0150,STILL_ONLY_AVAILABILITY,NO
3605,4745-1120,4745-1120,INSIZE | اینسایز,INSIZE,False,True,False,7200000.0,1,,4745-1120,4745-1120,STILL_ONLY_AVAILABILITY,NO
3606,7114-2200,7114-2200,INSIZE | اینسایز,INSIZE,False,True,False,5190000.0,1,,7114-2200,7114-2200,STILL_ONLY_AVAILABILITY,YES
3608,7143-50,,INSIZE | اینسایز,INSIZE,False,True,False,11160000.0,1,,7143-50,,STILL_ONLY_AVAILABILITY,NO
3613,2112-50,2112-50,INSIZE | اینسایز,INSIZE,False,True,False,69300000.0,1,,2112-50,2112-50,STILL_ONLY_AVAILABILITY,NO
3618,2310-30,2310-30,INSIZE | اینسایز,INSIZE,False,True,False,15900000.0,1,,2310-30,2310-30,STILL_ONLY_AVAILABILITY,YES
3620,2313-1,,INSIZE | اینسایز,INSIZE,False,True,False,15810000.0,1,,2313-1,,STILL_ONLY_AVAILABILITY,YES
3623,2318-10,2318-10,INSIZE | اینسایز,INSIZE,False,True,False,10830000.0,1,,2318-10,2318-10,STILL_ONLY_AVAILABILITY,NO
3624,2318-30,2318-30,INSIZE | اینسایز,INSIZE,False,True,False,15810000.0,1,,2318-30,2318-30,STILL_ONLY_AVAILABILITY,NO
3625,2114-5F,2114-5F,INSIZE | اینسایز,INSIZE,False,True,False,15810000.0,1,,2114-5F,2114-5F,STILL_ONLY_AVAILABILITY,NO
3626,2103-10,2103-10,INSIZE | اینسایز,INSIZE,False,True,False,41100000.0,1,,2103-10,2103-10,STILL_ONLY_AVAILABILITY,NO
3627,2118-10,2118-10,INSIZE | اینسایز,INSIZE,False,True,False,38400000.0,1,,2118-10,2118-10,STILL_ONLY_AVAILABILITY,NO
3628,2852-10,2852-10,INSIZE | اینسایز,INSIZE,False,True,False,28440000.0,1,,2852-10,2852-10,STILL_ONLY_AVAILABILITY,NO
3634,1214-2000,1214-2000,INSIZE | اینسایز,INSIZE,False,True,False,484200000.0,1,,1214-2000,1214-2000,STILL_ONLY_AVAILABILITY,NO
3635,1150-1000,1150-1000,INSIZE | اینسایز,INSIZE,False,True,False,329100000.0,1,,1150-1000,1150-1000,STILL_ONLY_AVAILABILITY,NO
3636,1140-25,1140-25,INSIZE | اینسایز,INSIZE,False,True,False,31500000.0,1,,1140-25,1140-25,STILL_ONLY_AVAILABILITY,NO
3642,3291-25,3291-25,INSIZE | اینسایز,INSIZE,False,True,False,36900000.0,1,,3291-25,3291-25,STILL_ONLY_AVAILABILITY,NO
3645,3520-30,3520-30,INSIZE | اینسایز,INSIZE,False,True,False,48300000.0,1,,3520-30,3520-30,STILL_ONLY_AVAILABILITY,NO
3646,3222-1000,3222-1000,INSIZE | اینسایز,INSIZE,False,True,False,80700000.0,1,,3222-1000,3222-1000,STILL_ONLY_AVAILABILITY,NO
3647,3222-1500,,INSIZE | اینسایز,INSIZE,False,True,False,114600000.0,1,,3222-1500,,STILL_ONLY_AVAILABILITY,NO
3649,3127-16,3127-16,INSIZE | اینسایز,INSIZE,False,True,False,105900000.0,1,,3127-16,3127-16,STILL_ONLY_AVAILABILITY,NO
3650,7350-35,7350-35,INSIZE | اینسایز,INSIZE,False,True,False,4980000.0,1,,7350-35,7350-35,STILL_ONLY_AVAILABILITY,NO
3651,7350-60,7350-60,INSIZE | اینسایز,INSIZE,False,True,False,3810000.0,1,,7350-60,7350-60,STILL_ONLY_AVAILABILITY,NO
3652,3127-1004,3127-1004,INSIZE | اینسایز,INSIZE,False,True,False,491100000.0,1,,3127-1004,3127-1004,STILL_ONLY_AVAILABILITY,NO
3653,4100-18,4100-18,INSIZE | اینسایز,INSIZE,False,True,False,225600000.0,1,,4100-18,4100-18,STILL_ONLY_AVAILABILITY,NO
3654,4100-1112,4100-1112,INSIZE | اینسایز,INSIZE,False,True,False,195300000.0,1,,4100-1112,4100-1112,STILL_ONLY_AVAILABILITY,NO
3655,4790-0200,4790-0200,INSIZE | اینسایز,INSIZE,False,True,False,23040000.0,1,,4790-0200,4790-0200,STILL_ONLY_AVAILABILITY,NO
3656,4760-1200,4760-1200,INSIZE | اینسایز,INSIZE,False,True,False,13110000.0,1,,4760-1200,4760-1200,STILL_ONLY_AVAILABILITY,NO
3657,4605-20,4605-20,INSIZE | اینسایز,INSIZE,False,True,False,2439000.0,1,,4605-20,4605-20,STILL_ONLY_AVAILABILITY,YES
3664,2183,,INSIZE | اینسایز,INSIZE,False,True,False,73500000.0,1,,2183,,STILL_ONLY_AVAILABILITY,NO
3667,4801-16,,INSIZE | اینسایز,INSIZE,False,True,False,2760000.0,1,,4801-16,,STILL_ONLY_AVAILABILITY,YES
3670,4807,,INSIZE | اینسایز,INSIZE,False,True,False,10800000.0,1,,4807,,STILL_ONLY_AVAILABILITY,NO
3680,4836-1,4836-1,INSIZE | اینسایز,INSIZE,False,True,False,5670000.0,1,,4836-1,4836-1,STILL_ONLY_AVAILABILITY,NO
3684,4843-1,4843-1,INSIZE | اینسایز,INSIZE,False,True,False,1887000.0,1,,4843-1,4843-1,STILL_ONLY_AVAILABILITY,NO
3686,6211-10,6211-10,INSIZE | اینسایز,INSIZE,False,True,False,9630000.0,1,,6211-10,6211-10,STILL_ONLY_AVAILABILITY,NO
3687,6900-0106,,INSIZE | اینسایز,INSIZE,False,True,False,311400000.0,1,,6900-0106,,STILL_ONLY_AVAILABILITY,NO
3688,6900-1106,6900-1106,INSIZE | اینسایز,INSIZE,False,True,False,315600000.0,1,,6900-1106,6900-1106,STILL_ONLY_AVAILABILITY,NO
3694,7240-200,,INSIZE | اینسایز,INSIZE,False,True,False,2262000.0,1,,7240-200,,STILL_ONLY_AVAILABILITY,NO
3695,ISH-SAM,,INSIZE | اینسایز,INSIZE,False,True,False,25470000.0,1,,ISH-SAM,,STILL_ONLY_AVAILABILITY,YES
3697,ISH-SDM,,INSIZE | اینسایز,INSIZE,False,True,False,43500000.0,1,,ISH-SDM,,STILL_ONLY_AVAILABILITY,YES
3698,ISF-F300,,INSIZE | اینسایز,INSIZE,False,True,False,33900000.0,1,,ISF-F300,,STILL_ONLY_AVAILABILITY,NO
3702,HDT-LP200B,,INSIZE | اینسایز,INSIZE,False,True,False,163800000.0,1,,HDT-LP200B,,STILL_ONLY_AVAILABILITY,YES
3704,ISF-F200,,INSIZE | اینسایز,INSIZE,False,True,False,33900000.0,1,,ISF-F200,,STILL_ONLY_AVAILABILITY,NO
3705,ISM-PM200SA,,INSIZE | اینسایز,INSIZE,False,True,False,64500000.0,1,,ISM-PM200SA,,STILL_ONLY_AVAILABILITY,YES
3706,ISM-PM200SB,,INSIZE | اینسایز,INSIZE,False,True,False,66900000.0,1,,ISM-PM200SB,,STILL_ONLY_AVAILABILITY,YES
3708,ISL-A1-1000,,INSIZE | اینسایز,INSIZE,False,True,False,110400000.0,1,,ISL-A1-1000,,STILL_ONLY_AVAILABILITY,NO
3709,ISL-A1-800,,INSIZE | اینسایز,INSIZE,False,True,False,100800000.0,1,,ISL-A1-800,,STILL_ONLY_AVAILABILITY,NO
3711,ISL-A1-600,,INSIZE | اینسایز,INSIZE,False,True,False,91800000.0,1,,ISL-A1-600,,STILL_ONLY_AVAILABILITY,NO
3712,ISL-B5-1000,,INSIZE | اینسایز,INSIZE,False,True,False,70500000.0,1,,ISL-B5-1000,,STILL_ONLY_AVAILABILITY,NO
3713,ISL-DR3,,INSIZE | اینسایز,INSIZE,False,True,False,87300000.0,1,,ISL-DR3,,STILL_ONLY_AVAILABILITY,NO
3715,ISL-DR2,,INSIZE | اینسایز,INSIZE,False,True,False,72300000.0,1,,ISL-DR2,,STILL_ONLY_AVAILABILITY,NO
3717,6354-25W,6354-25W,INSIZE | اینسایز,INSIZE,False,True,False,51600000.0,1,,6354-25W,6354-25W,STILL_ONLY_AVAILABILITY,NO
3718,6566-3,6566-3,INSIZE | اینسایز,INSIZE,False,True,False,24060000.0,1,,6566-3,6566-3,STILL_ONLY_AVAILABILITY,YES
3720,9341-50,9341-50,INSIZE | اینسایز,INSIZE,False,True,False,27570000.0,1,,9341-50,9341-50,STILL_ONLY_AVAILABILITY,NO
3724,ISR-C300,,INSIZE | اینسایز,INSIZE,False,True,False,318600000.0,1,,ISR-C300,,STILL_ONLY_AVAILABILITY,NO
3728,6140,,INSIZE | اینسایز,INSIZE,False,True,False,2694000.0,1,,6140,,STILL_ONLY_AVAILABILITY,NO
3743,1181-M50A,1181-M50A,INSIZE | اینسایز,INSIZE,False,True,False,100800000.0,1,,1181-M50A,1181-M50A,STILL_ONLY_AVAILABILITY,NO
3744,1244-30,,INSIZE | اینسایز,INSIZE,False,True,False,5370000.0,1,,1244-30,,STILL_ONLY_AVAILABILITY,NO
3745,2132-20,2132-20,INSIZE | اینسایز,INSIZE,False,True,False,58800000.0,1,,2132-20,2132-20,STILL_ONLY_AVAILABILITY,NO
3747,2151-75,2151-75,INSIZE | اینسایز,INSIZE,False,True,False,59100000.0,1,,2151-75,2151-75,STILL_ONLY_AVAILABILITY,NO
3748,2151-95,2151-95,INSIZE | اینسایز,INSIZE,False,True,False,60000000.0,1,,2151-95,2151-95,STILL_ONLY_AVAILABILITY,NO
3750,2151-AL35,2151-AL35,INSIZE | اینسایز,INSIZE,False,True,False,110700000.0,1,,2151-AL35,2151-AL35,STILL_ONLY_AVAILABILITY,NO
3751,2151-AL55,2151-AL55,INSIZE | اینسایز,INSIZE,False,True,False,103500000.0,1,,2151-AL55,2151-AL55,STILL_ONLY_AVAILABILITY,NO
3753,2151-AL75,2151-AL75,INSIZE | اینسایز,INSIZE,False,True,False,103500000.0,1,,2151-AL75,2151-AL75,STILL_ONLY_AVAILABILITY,NO
3754,2222-25,2222-25,INSIZE | اینسایز,INSIZE,False,True,False,43200000.0,1,,2222-25,2222-25,STILL_ONLY_AVAILABILITY,NO
3756,2309-100D,2309-100D,INSIZE | اینسایز,INSIZE,False,True,False,58200000.0,1,,2309-100D,2309-100D,STILL_ONLY_AVAILABILITY,NO
3757,2321-35,2321-35,INSIZE | اینسایز,INSIZE,False,True,False,41700000.0,1,,2321-35,2321-35,STILL_ONLY_AVAILABILITY,NO
3758,2321-55,2321-55,INSIZE | اینسایز,INSIZE,False,True,False,41700000.0,1,,2321-55,2321-55,STILL_ONLY_AVAILABILITY,NO
3760,2321-75,2321-75,INSIZE | اینسایز,INSIZE,False,True,False,42300000.0,1,,2321-75,2321-75,STILL_ONLY_AVAILABILITY,NO
3762,2366-30,2366-30,INSIZE | اینسایز,INSIZE,False,True,False,41100000.0,1,,2366-30,2366-30,STILL_ONLY_AVAILABILITY,NO
3763,2383-08,2383-08,INSIZE | اینسایز,INSIZE,False,True,False,23850000.0,1,,2383-08,2383-08,STILL_ONLY_AVAILABILITY,NO
3764,2385-3,2385-3,INSIZE | اینسایز,INSIZE,False,True,False,26430000.0,1,,2385-3,2385-3,STILL_ONLY_AVAILABILITY,NO
3765,2710-25,2710-25,INSIZE | اینسایز,INSIZE,False,True,False,15450000.0,1,,2710-25,2710-25,STILL_ONLY_AVAILABILITY,NO
3769,2876-10,2876-10,INSIZE | اینسایز,INSIZE,False,True,False,57300000.0,1,,2876-10,2876-10,STILL_ONLY_AVAILABILITY,NO
3770,3230-25BA,3230-25BA,INSIZE | اینسایز,INSIZE,False,True,False,20190000.0,1,,3230-25BA,3230-25BA,STILL_ONLY_AVAILABILITY,NO
3772,3260-25,3260-25,INSIZE | اینسایز,INSIZE,False,True,False,11400000.0,1,,3260-25,3260-25,STILL_ONLY_AVAILABILITY,NO
3774,3203-12A,3203-12A,INSIZE | اینسایز,INSIZE,False,True,False,26280000.0,1,,3203-12A,3203-12A,STILL_ONLY_AVAILABILITY,NO
3776,3530-25BA,3530-25BA,INSIZE | اینسایز,INSIZE,False,True,False,61800000.0,1,,3530-25BA,3530-25BA,STILL_ONLY_AVAILABILITY,NO
3777,4100-2112,4100-2112,INSIZE | اینسایز,INSIZE,False,True,False,95700000.0,1,,4100-2112,4100-2112,STILL_ONLY_AVAILABILITY,NO
3782,4790-0300,4790-0300,INSIZE | اینسایز,INSIZE,False,True,False,37500000.0,1,,4790-0300,4790-0300,STILL_ONLY_AVAILABILITY,NO
3786,4803-1,4803-1,INSIZE | اینسایز,INSIZE,False,True,False,11100000.0,1,,4803-1,4803-1,STILL_ONLY_AVAILABILITY,NO
3787,4804-26,,INSIZE | اینسایز,INSIZE,False,True,False,12810000.0,1,,4804-26,,STILL_ONLY_AVAILABILITY,NO
3789,4166-10D,4166-10D,INSIZE | اینسایز,INSIZE,False,True,False,95400000.0,1,,4166-10D,4166-10D,STILL_ONLY_AVAILABILITY,NO
3796,6215-60,6215-60,INSIZE | اینسایز,INSIZE,False,True,False,8010000.0,1,,6215-60,6215-60,STILL_ONLY_AVAILABILITY,NO
3798,6229-60,6229-60,INSIZE | اینسایز,INSIZE,False,True,False,24780000.0,1,,6229-60,6229-60,STILL_ONLY_AVAILABILITY,NO
3800,6282-1102,6282-1102,INSIZE | اینسایز,INSIZE,False,True,False,5670000.0,1,,6282-1102,6282-1102,STILL_ONLY_AVAILABILITY,NO
3802,6282-1203,6282-1203,INSIZE | اینسایز,INSIZE,False,True,False,7320000.0,1,,6282-1203,6282-1203,STILL_ONLY_AVAILABILITY,YES
3805,6291-1,6291-1,INSIZE | اینسایز,INSIZE,False,True,False,2802000.0,1,,6291-1,6291-1,STILL_ONLY_AVAILABILITY,NO
3807,6293-1,6293-1,INSIZE | اینسایز,INSIZE,False,True,False,3270000.0,1,,6293-1,6293-1,STILL_ONLY_AVAILABILITY,NO
3808,6293-2,6293-2,INSIZE | اینسایز,INSIZE,False,True,False,3750000.0,1,,6293-2,6293-2,STILL_ONLY_AVAILABILITY,NO
3811,6295-1A,6295-1A,INSIZE | اینسایز,INSIZE,False,True,False,8340000.0,1,,6295-1A,6295-1A,STILL_ONLY_AVAILABILITY,NO
3813,6377-25W,6377-25W,INSIZE | اینسایز,INSIZE,False,True,False,15660000.0,1,,6377-25W,6377-25W,STILL_ONLY_AVAILABILITY,NO
3816,7160-1,7160-1,INSIZE | اینسایز,INSIZE,False,True,False,3150000.0,1,,7160-1,7160-1,STILL_ONLY_AVAILABILITY,NO
3818,7160-2,7160-2,INSIZE | اینسایز,INSIZE,False,True,False,5850000.0,1,,7160-2,7160-2,STILL_ONLY_AVAILABILITY,NO
3820,7230,,INSIZE | اینسایز,INSIZE,False,True,False,1188000.0,1,,7230,,STILL_ONLY_AVAILABILITY,YES
3821,7351-EX12,7351-EX12,INSIZE | اینسایز,INSIZE,False,True,False,36600000.0,1,,7351-EX12,7351-EX12,STILL_ONLY_AVAILABILITY,NO
3823,7524-10,7524-10,INSIZE | اینسایز,INSIZE,False,True,False,5790000.0,1,,7524-10,7524-10,STILL_ONLY_AVAILABILITY,NO
3825,9501-1200,9501-1200,INSIZE | اینسایز,INSIZE,False,True,False,87300000.0,1,,9501-1200,9501-1200,STILL_ONLY_AVAILABILITY,NO
3828,HDT-LP200,,INSIZE | اینسایز,INSIZE,False,True,False,96600000.0,1,,HDT-LP200,,STILL_ONLY_AVAILABILITY,YES
3830,ISF-MT500,,INSIZE | اینسایز,INSIZE,False,True,False,61200000.0,1,,ISF-MT500,,STILL_ONLY_AVAILABILITY,NO
3833,ISH-STAC,,INSIZE | اینسایز,INSIZE,False,True,False,68700000.0,1,,ISH-STAC,,STILL_ONLY_AVAILABILITY,YES
3834,ISH-STD,,INSIZE | اینسایز,INSIZE,False,True,False,85800000.0,1,,ISH-STD,,STILL_ONLY_AVAILABILITY,YES
3839,ISU-100D,,INSIZE | اینسایز,INSIZE,False,True,False,117000000.0,1,,ISU-100D,,STILL_ONLY_AVAILABILITY,YES
3840,4208-1,,INSIZE | اینسایز,INSIZE,False,True,False,4650000.0,1,,4208-1,,STILL_ONLY_AVAILABILITY,NO
3891,4166-10,4166-10,INSIZE | اینسایز,INSIZE,False,True,False,79200000.0,1,,4166-10,4166-10,STILL_ONLY_AVAILABILITY,NO
3892,4166-3D,4166-3D,INSIZE | اینسایز,INSIZE,False,True,False,78300000.0,1,,4166-3D,4166-3D,STILL_ONLY_AVAILABILITY,NO
3896,1106-1005,1106-1005,INSIZE | اینسایز,INSIZE,False,True,False,417300000.0,1,,1106-1005,1106-1005,STILL_ONLY_AVAILABILITY,NO
3897,1106-1503,1106-1503,INSIZE | اینسایز,INSIZE,False,True,False,481200000.0,1,,1106-1503,1106-1503,STILL_ONLY_AVAILABILITY,NO
3898,1106-2002,1106-2002,INSIZE | اینسایز,INSIZE,False,True,False,594000000.0,1,,1106-2002,1106-2002,STILL_ONLY_AVAILABILITY,NO
3901,1141-1000,1141-1000,INSIZE | اینسایز,INSIZE,False,True,False,225900000.0,1,,1141-1000,1141-1000,STILL_ONLY_AVAILABILITY,NO
3902,1180-6,1180-6,INSIZE | اینسایز,INSIZE,False,True,False,32700000.0,1,,1180-6,1180-6,STILL_ONLY_AVAILABILITY,NO
3904,1205-150S,1205-150S,INSIZE | اینسایز,INSIZE,False,True,False,6480000.0,1,,1205-150S,1205-150S,STILL_ONLY_AVAILABILITY,NO
3907,1205-300S,1205-300S,INSIZE | اینسایز,INSIZE,False,True,False,16500000.0,1,,1205-300S,1205-300S,STILL_ONLY_AVAILABILITY,YES
3909,2115-10,2115-10,INSIZE | اینسایز,INSIZE,False,True,False,21780000.0,1,,2115-10,2115-10,STILL_ONLY_AVAILABILITY,NO
3911,2115-25,,INSIZE | اینسایز,INSIZE,False,True,False,33600000.0,1,,2115-25,,STILL_ONLY_AVAILABILITY,NO
3915,2153-10,2153-10,INSIZE | اینسایز,INSIZE,False,True,False,95100000.0,1,,2153-10,2153-10,STILL_ONLY_AVAILABILITY,NO
3917,2163-25,2163-25,INSIZE | اینسایز,INSIZE,False,True,False,19590000.0,1,,2163-25,2163-25,STILL_ONLY_AVAILABILITY,NO
3919,2198-2,2198-2,INSIZE | اینسایز,INSIZE,False,True,False,10170000.0,1,,2198-2,2198-2,STILL_ONLY_AVAILABILITY,NO
3922,2365-10,2365-10,INSIZE | اینسایز,INSIZE,False,True,False,20760000.0,1,,2365-10,2365-10,STILL_ONLY_AVAILABILITY,NO
3923,2825-60,2825-60,INSIZE | اینسایز,INSIZE,False,True,False,50100000.0,1,,2825-60,2825-60,STILL_ONLY_AVAILABILITY,NO
3924,2825-35,2825-35,INSIZE | اینسایز,INSIZE,False,True,False,48900000.0,1,,2825-35,2825-35,STILL_ONLY_AVAILABILITY,NO
3928,2878-71B,2878-71B,INSIZE | اینسایز,INSIZE,False,True,False,111000000.0,1,,2878-71B,2878-71B,STILL_ONLY_AVAILABILITY,NO
3929,2878-6A,2878-6A,INSIZE | اینسایز,INSIZE,False,True,False,100200000.0,1,,2878-6A,2878-6A,STILL_ONLY_AVAILABILITY,NO
3933,3260-25SA,3260-25SA,INSIZE | اینسایز,INSIZE,False,True,False,11400000.0,1,,3260-25SA,3260-25SA,STILL_ONLY_AVAILABILITY,NO
3935,3287-25B,3287-25B,INSIZE | اینسایز,INSIZE,False,True,False,83700000.0,1,,3287-25B,3287-25B,STILL_ONLY_AVAILABILITY,NO
3936,3332-25,3332-25,INSIZE | اینسایز,INSIZE,False,True,False,76800000.0,1,,3332-25,3332-25,STILL_ONLY_AVAILABILITY,NO
3937,3358-25,3358-25,INSIZE | اینسایز,INSIZE,False,True,False,39000000.0,1,,3358-25,3358-25,STILL_ONLY_AVAILABILITY,NO
3938,3540-50,3540-50,INSIZE | اینسایز,INSIZE,False,True,False,71100000.0,1,,3540-50,3540-50,STILL_ONLY_AVAILABILITY,NO
3944,3127-5,3127-5,INSIZE | اینسایز,INSIZE,False,True,False,128100000.0,1,,3127-5,3127-5,STILL_ONLY_AVAILABILITY,NO
3946,3127-6,3127-6,INSIZE | اینسایز,INSIZE,False,True,False,131100000.0,1,,3127-6,3127-6,STILL_ONLY_AVAILABILITY,NO
3947,3203-10A,3203-10A,INSIZE | اینسایز,INSIZE,False,True,False,22140000.0,1,,3203-10A,3203-10A,STILL_ONLY_AVAILABILITY,NO
3949,3203-7A,3203-7A,INSIZE | اینسایز,INSIZE,False,True,False,18810000.0,1,,3203-7A,3203-7A,STILL_ONLY_AVAILABILITY,NO
3950,3203-8A,3203-8A,INSIZE | اینسایز,INSIZE,False,True,False,18840000.0,1,,3203-8A,3203-8A,STILL_ONLY_AVAILABILITY,NO
3952,3203-9A,3203-9A,INSIZE | اینسایز,INSIZE,False,True,False,20250000.0,1,,3203-9A,3203-9A,STILL_ONLY_AVAILABILITY,NO
3954,3227-6,3227-6,INSIZE | اینسایز,INSIZE,False,True,False,89400000.0,1,,3227-6,3227-6,STILL_ONLY_AVAILABILITY,NO
4024,4168-S25,4168-S25,INSIZE | اینسایز,INSIZE,False,True,False,59700000.0,1,,4168-S25,4168-S25,STILL_ONLY_AVAILABILITY,NO
4028,4790-050,4790-050,INSIZE | اینسایز,INSIZE,False,True,False,7590000.0,1,,4790-050,4790-050,STILL_ONLY_AVAILABILITY,NO
4030,4790-075,4790-075,INSIZE | اینسایز,INSIZE,False,True,False,9630000.0,1,,4790-075,4790-075,STILL_ONLY_AVAILABILITY,NO
4031,4796-50,4796-50,INSIZE | اینسایز,INSIZE,False,True,False,1464000.0,1,,4796-50,4796-50,STILL_ONLY_AVAILABILITY,NO
4032,4796-75,4796-75,INSIZE | اینسایز,INSIZE,False,True,False,1611000.0,1,,4796-75,4796-75,STILL_ONLY_AVAILABILITY,NO
4036,4832-1,4832-1,INSIZE | اینسایز,INSIZE,False,True,False,1965000.0,1,,4832-1,4832-1,STILL_ONLY_AVAILABILITY,NO
4037,4833-2,4833-2,INSIZE | اینسایز,INSIZE,False,True,False,3420000.0,1,,4833-2,4833-2,STILL_ONLY_AVAILABILITY,NO
4039,4833-3,4833-3,INSIZE | اینسایز,INSIZE,False,True,False,4560000.0,1,,4833-3,4833-3,STILL_ONLY_AVAILABILITY,NO
4040,4833-4,4833-4,INSIZE | اینسایز,INSIZE,False,True,False,5190000.0,1,,4833-4,4833-4,STILL_ONLY_AVAILABILITY,NO
4042,4834-1,,INSIZE | اینسایز,INSIZE,False,True,False,6390000.0,1,,4834-1,,STILL_ONLY_AVAILABILITY,NO
4044,4836-2,4836-2,INSIZE | اینسایز,INSIZE,False,True,False,8250000.0,1,,4836-2,4836-2,STILL_ONLY_AVAILABILITY,NO
4045,4837-1,4837-1,INSIZE | اینسایز,INSIZE,False,True,False,7590000.0,1,,4837-1,4837-1,STILL_ONLY_AVAILABILITY,NO
4046,4841-1,4841-1,INSIZE | اینسایز,INSIZE,False,True,False,14100000.0,1,,4841-1,4841-1,STILL_ONLY_AVAILABILITY,NO
4047,4844-1,4844-1,INSIZE | اینسایز,INSIZE,False,True,False,1950000.0,1,,4844-1,4844-1,STILL_ONLY_AVAILABILITY,NO
4049,4851-1,,INSIZE | اینسایز,INSIZE,False,True,False,5970000.0,1,,4851-1,,STILL_ONLY_AVAILABILITY,NO
4051,4852-15,4852-15,INSIZE | اینسایز,INSIZE,False,True,False,19410000.0,1,,4852-15,4852-15,STILL_ONLY_AVAILABILITY,NO
4053,4852-30,4852-30,INSIZE | اینسایز,INSIZE,False,True,False,23400000.0,1,,4852-30,4852-30,STILL_ONLY_AVAILABILITY,NO
4054,4852-3,4852-3,INSIZE | اینسایز,INSIZE,False,True,False,12900000.0,1,,4852-3,4852-3,STILL_ONLY_AVAILABILITY,NO
4062,6224-40,6224-40,INSIZE | اینسایز,INSIZE,False,True,False,22170000.0,1,,6224-40,6224-40,STILL_ONLY_AVAILABILITY,NO
4064,6226-80,,INSIZE | اینسایز,INSIZE,False,True,False,15330000.0,1,,6226-80,,STILL_ONLY_AVAILABILITY,NO
4068,6300,,INSIZE | اینسایز,INSIZE,False,True,False,7800000.0,1,,6300,,STILL_ONLY_AVAILABILITY,NO
4069,6511-24,6511-24,INSIZE | اینسایز,INSIZE,False,True,False,76200000.0,1,,6511-24,6511-24,STILL_ONLY_AVAILABILITY,NO
4076,6832-1,6832-1,INSIZE | اینسایز,INSIZE,False,True,False,9420000.0,1,,6832-1,6832-1,STILL_ONLY_AVAILABILITY,NO
4077,6896-11,6896-11,INSIZE | اینسایز,INSIZE,False,True,False,39600000.0,1,,6896-11,6896-11,STILL_ONLY_AVAILABILITY,NO
4079,6896-13,6896-13,INSIZE | اینسایز,INSIZE,False,True,False,82500000.0,1,,6896-13,6896-13,STILL_ONLY_AVAILABILITY,NO
4081,7110-1200,7110-1200,INSIZE | اینسایز,INSIZE,False,True,False,6570000.0,1,,7110-1200,7110-1200,STILL_ONLY_AVAILABILITY,NO
4082,7144-1,7144-1,INSIZE | اینسایز,INSIZE,False,True,False,13560000.0,1,,7144-1,7144-1,STILL_ONLY_AVAILABILITY,NO
4084,7145-1,7145-1,INSIZE | اینسایز,INSIZE,False,True,False,28890000.0,1,,7145-1,7145-1,STILL_ONLY_AVAILABILITY,NO
4085,7161-1,7161-1,INSIZE | اینسایز,INSIZE,False,True,False,2322000.0,1,,7161-1,7161-1,STILL_ONLY_AVAILABILITY,NO
4086,7163-1,7163-1,INSIZE | اینسایز,INSIZE,False,True,False,2592000.0,1,,7163-1,7163-1,STILL_ONLY_AVAILABILITY,NO
4088,7302-21,7302-21,INSIZE | اینسایز,INSIZE,False,True,False,13170000.0,1,,7302-21,7302-21,STILL_ONLY_AVAILABILITY,NO
4091,7513-2,7513-2,INSIZE | اینسایز,INSIZE,False,True,False,1824000.0,1,,7513-2,7513-2,STILL_ONLY_AVAILABILITY,NO
4092,7513-4,7513-4,INSIZE | اینسایز,INSIZE,False,True,False,1632000.0,1,,7513-4,7513-4,STILL_ONLY_AVAILABILITY,NO
4094,7515-10,7515-10,INSIZE | اینسایز,INSIZE,False,True,False,2142000.0,1,,7515-10,7515-10,STILL_ONLY_AVAILABILITY,YES
4095,7516-5D,7516-5D,INSIZE | اینسایز,INSIZE,False,True,False,22260000.0,1,,7516-5D,7516-5D,STILL_ONLY_AVAILABILITY,NO
4097,7517-3D,7517-3D,INSIZE | اینسایز,INSIZE,False,True,False,15090000.0,1,,7517-3D,7517-3D,STILL_ONLY_AVAILABILITY,NO
4101,8003-10,8003-10,INSIZE | اینسایز,INSIZE,False,True,False,7140000.0,1,,8003-10,8003-10,STILL_ONLY_AVAILABILITY,NO
4102,8003-6,8003-6,INSIZE | اینسایز,INSIZE,False,True,False,7950000.0,1,,8003-6,8003-6,STILL_ONLY_AVAILABILITY,NO
4104,8101-30,8101-30,INSIZE | اینسایز,INSIZE,False,True,False,52500000.0,1,,8101-30,8101-30,STILL_ONLY_AVAILABILITY,NO
4106,8203-CW03T,8203-CW03T,INSIZE | اینسایز,INSIZE,False,True,False,44400000.0,1,,8203-CW03T,8203-CW03T,STILL_ONLY_AVAILABILITY,NO
4107,8203-CW05T,8203-CW05T,INSIZE | اینسایز,INSIZE,False,True,False,47700000.0,1,,8203-CW05T,8203-CW05T,STILL_ONLY_AVAILABILITY,NO
4108,8203-CW1T,8203-CW1T,INSIZE | اینسایز,INSIZE,False,True,False,50700000.0,1,,8203-CW1T,8203-CW1T,STILL_ONLY_AVAILABILITY,NO
4110,8301-1200,8301-1200,INSIZE | اینسایز,INSIZE,False,True,False,89100000.0,1,,8301-1200,8301-1200,STILL_ONLY_AVAILABILITY,NO
4115,9315-CF210,9315-CF210,INSIZE | اینسایز,INSIZE,False,True,False,18990000.0,1,,9315-CF210,9315-CF210,STILL_ONLY_AVAILABILITY,YES
4118,HDT-L411,,INSIZE | اینسایز,INSIZE,False,True,False,99600000.0,1,,HDT-L411,,STILL_ONLY_AVAILABILITY,NO
4121,ISR-CS130-W,,INSIZE | اینسایز,INSIZE,False,True,False,74100000.0,1,,ISR-CS130-W,,STILL_ONLY_AVAILABILITY,NO
4122,ISU-250C,,INSIZE | اینسایز,INSIZE,False,True,False,340500000.0,1,,ISU-250C,,STILL_ONLY_AVAILABILITY,NO
4124,ISV-E40,,INSIZE | اینسایز,INSIZE,False,True,False,49800000.0,1,,ISV-E40,,STILL_ONLY_AVAILABILITY,NO
4125,1156-1000,1156-1000,INSIZE | اینسایز,INSIZE,False,True,False,623100000.0,1,,1156-1000,1156-1000,STILL_ONLY_AVAILABILITY,NO
4132,5071,,INSIZE | اینسایز,INSIZE,False,True,False,28020000.0,1,,5071,,STILL_ONLY_AVAILABILITY,NO
4134,5072,,INSIZE | اینسایز,INSIZE,False,True,False,31500000.0,1,,5072,,STILL_ONLY_AVAILABILITY,NO
4137,5031,,INSIZE | اینسایز,INSIZE,False,True,False,24030000.0,1,,5031,,STILL_ONLY_AVAILABILITY,NO
4138,5041,,INSIZE | اینسایز,INSIZE,False,True,False,24720000.0,1,,5041,,STILL_ONLY_AVAILABILITY,NO
4140,5042,,INSIZE | اینسایز,INSIZE,False,True,False,25080000.0,1,,5042,,STILL_ONLY_AVAILABILITY,YES
4142,5051,,INSIZE | اینسایز,INSIZE,False,True,False,37800000.0,1,,5051,,STILL_ONLY_AVAILABILITY,NO
4143,5052,,INSIZE | اینسایز,INSIZE,False,True,False,54900000.0,1,,5052,,STILL_ONLY_AVAILABILITY,NO
4144,5061,,INSIZE | اینسایز,INSIZE,False,True,False,33300000.0,1,,5061,,STILL_ONLY_AVAILABILITY,NO
4145,5062,,INSIZE | اینسایز,INSIZE,False,True,False,36000000.0,1,,5062,,STILL_ONLY_AVAILABILITY,NO
4146,5063,,INSIZE | اینسایز,INSIZE,False,True,False,36000000.0,1,,5063,,STILL_ONLY_AVAILABILITY,NO
4148,5064,,INSIZE | اینسایز,INSIZE,False,True,False,21660000.0,1,,5064,,STILL_ONLY_AVAILABILITY,NO
4150,5021,,INSIZE | اینسایز,INSIZE,False,True,False,16830000.0,1,,5021,,STILL_ONLY_AVAILABILITY,NO
4152,5022,,INSIZE | اینسایز,INSIZE,False,True,False,26880000.0,1,,5022,,STILL_ONLY_AVAILABILITY,NO
4154,5023,,INSIZE | اینسایز,INSIZE,False,True,False,22830000.0,1,,5023,,STILL_ONLY_AVAILABILITY,NO
4185,SO-13637,,SAN OU | سانو,SAN_OU,False,True,False,1426800.0,1,,SO-13637,,STILL_ONLY_AVAILABILITY,YES
4186,SO-13638,,SAN OU | سانو,SAN_OU,False,True,False,1760400.0,1,,SO-13638,,STILL_ONLY_AVAILABILITY,YES
4187,SO-13639,,SAN OU | سانو,SAN_OU,False,True,False,3360000.0,1,,SO-13639,,STILL_ONLY_AVAILABILITY,YES
4251,SO-13605,,SAN OU | سانو,SAN_OU,False,True,False,574800.0,1,,SO-13605,,STILL_ONLY_AVAILABILITY,YES
4252,SO-13606,,SAN OU | سانو,SAN_OU,False,True,False,601200.0,1,,SO-13606,,STILL_ONLY_AVAILABILITY,YES
4253,SO-13607,,SAN OU | سانو,SAN_OU,False,True,False,626400.0,1,,SO-13607,,STILL_ONLY_AVAILABILITY,YES
4254,SO-13608,,SAN OU | سانو,SAN_OU,False,True,False,546000.0,1,,SO-13608,,STILL_ONLY_AVAILABILITY,YES
4255,SO-13609,,SAN OU | سانو,SAN_OU,False,True,False,574800.0,1,,SO-13609,,STILL_ONLY_AVAILABILITY,YES
4256,SO-13610,,SAN OU | سانو,SAN_OU,False,True,False,601200.0,1,,SO-13610,,STILL_ONLY_AVAILABILITY,YES
4258,SO-13613,,SAN OU | سانو,SAN_OU,False,True,False,654000.0,1,,SO-13613,,STILL_ONLY_AVAILABILITY,YES
4259,SO-13612,,SAN OU | سانو,SAN_OU,False,True,False,626400.0,1,,SO-13612,,STILL_ONLY_AVAILABILITY,YES
4261,SO-13615,,SAN OU | سانو,SAN_OU,False,True,False,626400.0,1,,SO-13615,,STILL_ONLY_AVAILABILITY,YES
4263,SO-13617,,SAN OU | سانو,SAN_OU,False,True,False,681600.0,1,,SO-13617,,STILL_ONLY_AVAILABILITY,YES
4303,SO-13569,,SAN OU | سانو,SAN_OU,False,True,False,1305600.0,1,,SO-13569,,STILL_ONLY_AVAILABILITY,YES
4304,SO-13570,,SAN OU | سانو,SAN_OU,False,True,False,2239200.0,1,,SO-13570,,STILL_ONLY_AVAILABILITY,YES
4422,SO-13619,,SAN OU | سانو,SAN_OU,False,True,False,574800.0,1,,SO-13619,,STILL_ONLY_AVAILABILITY,YES
4427,SO-13624,,SAN OU | سانو,SAN_OU,False,True,False,1054800.0,1,,SO-13624,,STILL_ONLY_AVAILABILITY,YES
4428,SO-13625,,SAN OU | سانو,SAN_OU,False,True,False,2692800.0,1,,SO-13625,,STILL_ONLY_AVAILABILITY,YES
4429,SO-13626,,SAN OU | سانو,SAN_OU,False,True,False,2289600.0,1,,SO-13626,,STILL_ONLY_AVAILABILITY,YES
4432,SO-13630,,SAN OU | سانو,SAN_OU,False,True,False,6320400.0,1,,SO-13630,,STILL_ONLY_AVAILABILITY,YES
4433,SO-13631,,SAN OU | سانو,SAN_OU,False,True,False,5998800.0,1,,SO-13631,,STILL_ONLY_AVAILABILITY,YES
4457,SO-13633,,SAN OU | سانو,SAN_OU,False,True,False,6320400.0,1,,SO-13633,,STILL_ONLY_AVAILABILITY,YES
4458,SO-13634,,SAN OU | سانو,SAN_OU,False,True,False,6888000.0,1,,SO-13634,,STILL_ONLY_AVAILABILITY,YES
4459,SO-13635,,SAN OU | سانو,SAN_OU,False,True,False,8904000.0,1,,SO-13635,,STILL_ONLY_AVAILABILITY,YES
4474,CDA100-300,CDA100-300,TERMA | ترما,TERMA,False,True,False,25988400.0,1,,CDA100-300,CDA100-300,STILL_ONLY_AVAILABILITY,YES
4480,YDA100F-300,,TERMA | ترما,TERMA,False,True,False,63608400.0,1,,YDA100F-300,,STILL_ONLY_AVAILABILITY,YES
4619,MA250H-200,MA250H-200,TERMA | ترما,TERMA,False,True,False,256162500.0,1,,MA250H-200,MA250H-200,STILL_ONLY_AVAILABILITY,YES
4625,MD710-25,MD710-25,TERMA | ترما,TERMA,False,True,False,13118400.0,1,,MD710-25,MD710-25,STILL_ONLY_AVAILABILITY,YES
5880,2A-S5,,ASTPOWER | ای اس تی پاور,ASTPOWER,False,True,False,141636000.0,1,,2A-S5,,STILL_ONLY_AVAILABILITY,YES
5881,2A-S7,,ASTPOWER | ای اس تی پاور,ASTPOWER,False,True,False,141636000.0,1,,2A-S7,,STILL_ONLY_AVAILABILITY,YES
5882,2A-S8,,ASTPOWER | ای اس تی پاور,ASTPOWER,False,True,False,206448000.0,1,,2A-S8,,STILL_ONLY_AVAILABILITY,YES
5883,2A-S10,,ASTPOWER | ای اس تی پاور,ASTPOWER,False,True,False,188760000.0,1,,2A-S10,,STILL_ONLY_AVAILABILITY,YES
5884,2A-S12,,ASTPOWER | ای اس تی پاور,ASTPOWER,False,True,False,229878000.0,1,,2A-S12,,STILL_ONLY_AVAILABILITY,YES
5885,2A-S16,,ASTPOWER | ای اس تی پاور,ASTPOWER,False,True,False,288750000.0,1,,2A-S16,,STILL_ONLY_AVAILABILITY,YES
5886,3A-S5,,ASTPOWER | ای اس تی پاور,ASTPOWER,False,True,False,175692000.0,1,,3A-S5,,STILL_ONLY_AVAILABILITY,YES
5887,3A-S7,,ASTPOWER | ای اس تی پاور,ASTPOWER,False,True,False,175692000.0,1,,3A-S7,,STILL_ONLY_AVAILABILITY,YES
5888,3A-S10,,ASTPOWER | ای اس تی پاور,ASTPOWER,False,True,False,265135200.0,1,,3A-S10,,STILL_ONLY_AVAILABILITY,YES
5889,3A-S12,,ASTPOWER | ای اس تی پاور,ASTPOWER,False,True,False,297567600.0,1,,3A-S12,,STILL_ONLY_AVAILABILITY,YES
5890,3A-S16,,ASTPOWER | ای اس تی پاور,ASTPOWER,False,True,False,350922000.0,1,,3A-S16,,STILL_ONLY_AVAILABILITY,YES
5891,33A-S5,,ASTPOWER | ای اس تی پاور,ASTPOWER,False,True,False,250456800.0,1,,33A-S5,,STILL_ONLY_AVAILABILITY,YES
5892,33A-S7,,ASTPOWER | ای اس تی پاور,ASTPOWER,False,True,False,250456800.0,1,,33A-S7,,STILL_ONLY_AVAILABILITY,YES
5893,33A-S10,,ASTPOWER | ای اس تی پاور,ASTPOWER,False,True,False,282849600.0,1,,33A-S10,,STILL_ONLY_AVAILABILITY,YES
5894,33A-S12,,ASTPOWER | ای اس تی پاور,ASTPOWER,False,True,False,330000000.0,1,,33A-S12,,STILL_ONLY_AVAILABILITY,YES
5895,33A-S16,,ASTPOWER | ای اس تی پاور,ASTPOWER,False,True,False,411265800.0,1,,33A-S16,,STILL_ONLY_AVAILABILITY,YES
5896,4A-S5,,ASTPOWER | ای اس تی پاور,ASTPOWER,False,True,False,282876000.0,1,,4A-S5,,STILL_ONLY_AVAILABILITY,YES
5897,4A-S7,,ASTPOWER | ای اس تی پاور,ASTPOWER,False,True,False,314952000.0,1,,4A-S7,,STILL_ONLY_AVAILABILITY,YES
5898,4A-S10,,ASTPOWER | ای اس تی پاور,ASTPOWER,False,True,False,335834400.0,1,,4A-S10,,STILL_ONLY_AVAILABILITY,YES
5899,4A-S12,,ASTPOWER | ای اس تی پاور,ASTPOWER,False,True,False,411265800.0,1,,4A-S12,,STILL_ONLY_AVAILABILITY,YES
5900,4A-S16,,ASTPOWER | ای اس تی پاور,ASTPOWER,False,True,False,550888800.0,1,,4A-S16,,STILL_ONLY_AVAILABILITY,YES
6134,AST-BS1-8,,ASTPOWER | ای اس تی پاور,ASTPOWER,False,True,False,111757800.0,1,,AST-BS1-8,,STILL_ONLY_AVAILABILITY,YES
6137,AST-HV-6,,ASTPOWER | ای اس تی پاور,ASTPOWER,False,True,False,35712600.0,1,,AST-HV-6,,STILL_ONLY_AVAILABILITY,YES
6139,AST-HV-10,,ASTPOWER | ای اس تی پاور,ASTPOWER,False,True,False,68508000.0,1,,AST-HV-10,,STILL_ONLY_AVAILABILITY,YES
6141,AST-HV-14,,ASTPOWER | ای اس تی پاور,ASTPOWER,False,True,False,157700400.0,1,,AST-HV-14,,STILL_ONLY_AVAILABILITY,YES
6143,AST-HV-20,,ASTPOWER | ای اس تی پاور,ASTPOWER,False,True,False,727762200.0,1,,AST-HV-20,,STILL_ONLY_AVAILABILITY,YES
6144,AST-CS-6,,ASTPOWER | ای اس تی پاور,ASTPOWER,False,True,False,151074000.0,1,,AST-CS-6,,STILL_ONLY_AVAILABILITY,YES
6151,AST-RAP6,,ASTPOWER | ای اس تی پاور,ASTPOWER,False,True,False,16680000.0,1,,AST-RAP6,,STILL_ONLY_AVAILABILITY,YES
6153,AST-RAP10,,ASTPOWER | ای اس تی پاور,ASTPOWER,False,True,False,34698000.0,1,,AST-RAP10,,STILL_ONLY_AVAILABILITY,YES
6155,AST-RAP14,,ASTPOWER | ای اس تی پاور,ASTPOWER,False,True,False,50664000.0,1,,AST-RAP14,,STILL_ONLY_AVAILABILITY,YES
6532,SDC-DR230,,ASTPOWER | ای اس تی پاور,ASTPOWER,False,True,False,32887800.0,1,,SDC-DR230,,STILL_ONLY_AVAILABILITY,YES
6533,CBN-DR230,,ASTPOWER | ای اس تی پاور,ASTPOWER,False,True,False,32858760.0,1,,CBN-DR230,,STILL_ONLY_AVAILABILITY,YES
6534,CBN-DR313,,ASTPOWER | ای اس تی پاور,ASTPOWER,False,True,False,13706880.0,1,,CBN-DR313,,STILL_ONLY_AVAILABILITY,YES
6535,SDC-DR313,,ASTPOWER | ای اس تی پاور,ASTPOWER,False,True,False,13706880.0,1,,SDC-DR313,,STILL_ONLY_AVAILABILITY,YES
