product_id,historical_sku,sku,manufacturer_code,brand,name,slug,deleted_at,is_active,is_available,base_price,real_image_count,primary_image_url,category,eligible_wave1_availability_candidate,commercial_drift_class
1044,1012-0010,1012-0010,1012-0010,Dasqua | داسکوا,زاویه سنج سه تکه با خط کش 12کش — 0-100mm,1012-0010,,True,False,30354000.00,1,https://api.karzartools.com/static/uploads/products/1044/7bd028d6592901d3.jpg,زاویه سنج,YES,CURRENT_STILL_ONLY_AVAILABILITY_BLOCKED
1221,2020-1005,2020-1005,,Dasqua | داسکوا,کولیس دیجیتال IP67ضد آب و — 0-150mm,2020-1005,,True,False,18774000.00,1,https://api.karzartools.com/static/uploads/products/1221/dc14eab926cda7d1.webp,انواع کولیس,YES,CURRENT_STILL_ONLY_AVAILABILITY_BLOCKED
1234,2115-2305,2115-2305,2115-2305,Dasqua | داسکوا,کولیس های متفرقه که تکرار نیم شوند — 0-150mm,2115-2305,,True,False,7548000.00,1,https://api.karzartools.com/static/uploads/products/1234/491ca6b4a65c6c6a.jpg,انواع کولیس,YES,CURRENT_STILL_ONLY_AVAILABILITY_BLOCKED
1244,2220-8105,2220-8105,2220-8105,Dasqua | داسکوا,کولیس دیجیتال فک بلند استنلس استیل IP54خروج — 0-300mm/0-12,2220-8105,,True,False,23454000.00,1,https://api.karzartools.com/static/uploads/products/1244/c1e69cf6ce6d8e91.jpg,انواع کولیس,YES,CURRENT_STILL_ONLY_AVAILABILITY_BLOCKED
1482,4910-4105,4910-4105,,Dasqua | داسکوا,میکرومی داخل سنج دیجیتال دو فک,4910-4105,,True,False,32586000.00,1,https://api.karzartools.com/static/uploads/products/1482/e29e49c5c45f2d30.jpg,انواع میکرومتر,YES,CURRENT_STILL_ONLY_AVAILABILITY_BLOCKED
1513,5221-1129,5221-1129,,Dasqua | داسکوا,ساعت شیطانیک ضد رضبه shock — 0,5221-1129,,True,False,17280000.00,1,https://api.karzartools.com/static/uploads/products/1513/d4b7ee636ece6727.jpg,ساعت اندیکاتور,YES,CURRENT_STILL_ONLY_AVAILABILITY_BLOCKED
1518,5223-3105,5223-3105,,Dasqua | داسکوا,ساعت شیطانیک بدنه ضد مگنت,5223-3105,,True,False,14058000.00,1,https://api.karzartools.com/static/uploads/products/1518/a9e0b9bad6fd8410.webp,ساعت اندیکاتور,YES,CURRENT_STILL_ONLY_AVAILABILITY_BLOCKED
1560,5510-0005,5510-0005,,Dasqua | داسکوا,مجموعه گیج داخل سیلندر با پراپ — 0-50mm,5510-0005,,True,False,27144000.00,1,https://api.karzartools.com/static/uploads/products/1560/78cea60d0a594cc8.jpg,گیج داخل سیلندر,YES,CURRENT_STILL_ONLY_AVAILABILITY_BLOCKED
1561,5511-1100,5511-1100,,Dasqua | داسکوا,گیج داخل سیلندر ساعت — 0-1100mm,5511-1100,,True,False,66630000.00,1,https://api.karzartools.com/static/uploads/products/1561/0d1fed29d913d1ee.webp,ساعت اندیکاتور,YES,CURRENT_STILL_ONLY_AVAILABILITY_BLOCKED
1562,5511-1105,5511-1105,,Dasqua | داسکوا,گیج داخل سیلندر ساعت — 0-1105mm,5511-1105,,True,False,19458000.00,1,https://api.karzartools.com/static/uploads/products/1562/e51eb928612f5d8f.webp,ساعت اندیکاتور,YES,CURRENT_STILL_ONLY_AVAILABILITY_BLOCKED
1563,5511-1110,5511-1110,,Dasqua | داسکوا,ساعت با پراپ های گیج داخل سیلندر — 0-18mm,5511-1110,,True,False,18048000.00,1,https://api.karzartools.com/static/uploads/products/1563/4765638de39809db.webp,ساعت اندیکاتور,YES,CURRENT_STILL_ONLY_AVAILABILITY_BLOCKED
1564,5511-1115,5511-1115,,Dasqua | داسکوا,ساعت با پراپ های گیج داخل سیلندر — 0-1115mm,5511-1115,,True,False,14082000.00,1,https://api.karzartools.com/static/uploads/products/1564/6676ca400c4a59c4.jpg,ساعت اندیکاتور,YES,CURRENT_STILL_ONLY_AVAILABILITY_BLOCKED
1566,5511-1121,5511-1121,,Dasqua | داسکوا,گیج داخل سیلندر ساعت — 0-1121mm,5511-1121,,True,False,14082000.00,1,https://api.karzartools.com/static/uploads/products/1566/2819043d6f439f56.webp,ساعت اندیکاتور,YES,CURRENT_STILL_ONLY_AVAILABILITY_BLOCKED
1567,5511-1130,5511-1130,,Dasqua | داسکوا,ساعت با پراپ های گیج داخل سیلندر — 0-160mm,5511-1130,,True,False,13842000.00,1,https://api.karzartools.com/static/uploads/products/1567/894b84dd57f2db89.webp,ساعت اندیکاتور,YES,CURRENT_STILL_ONLY_AVAILABILITY_BLOCKED
1568,5511-1135,5511-1135,,Dasqua | داسکوا,ساعت با پراپ های گیج داخل سیلندر — 0-250mm,5511-1135,,True,False,20250000.00,1,https://api.karzartools.com/static/uploads/products/1568/a100b945c3d5bba3.webp,ساعت اندیکاتور,YES,CURRENT_STILL_ONLY_AVAILABILITY_BLOCKED
1569,5511-1140,5511-1140,,Dasqua | داسکوا,گیج داخل سیلندر ساعت — 0-450mm,5511-1140,,True,False,22110000.00,1,https://api.karzartools.com/static/uploads/products/1569/5bb435220148b67f.webp,ساعت اندیکاتور,YES,CURRENT_STILL_ONLY_AVAILABILITY_BLOCKED
1570,5511-2105,5511-2105,,Dasqua | داسکوا,گیج داخل سیلندر با پراپ های,5511-2105,,True,False,41958000.00,1,https://api.karzartools.com/static/uploads/products/1570/dde83815b813172b.webp,گیج داخل سیلندر,YES,CURRENT_STILL_ONLY_AVAILABILITY_BLOCKED
1571,5511-2110,5511-2110,,Dasqua | داسکوا,گیج داخل سیلندر با پراپ های — 0-18mm,5511-2110,,True,False,39486000.00,1,https://api.karzartools.com/static/uploads/products/1571/77775e17e97e85d1.webp,گیج داخل سیلندر,YES,CURRENT_STILL_ONLY_AVAILABILITY_BLOCKED
1572,5511-2115,5511-2115,,Dasqua | داسکوا,گیج داخل سیلندر با پراپ های,5511-2115,,True,False,32082000.00,1,https://api.karzartools.com/static/uploads/products/1572/dfc52be2ab53c414.webp,گیج داخل سیلندر,YES,CURRENT_STILL_ONLY_AVAILABILITY_BLOCKED
1573,5511-2120,5511-2120,,Dasqua | داسکوا,گیج داخل سیلندر با پراپ های,5511-2120,,True,False,30102000.00,1,https://api.karzartools.com/static/uploads/products/1573/65daf1ba176a1374.webp,گیج داخل سیلندر,YES,CURRENT_STILL_ONLY_AVAILABILITY_BLOCKED
1574,5511-2130,5511-2130,,Dasqua | داسکوا,گیج داخل سیلندر با پراپ های — 0-160mm,5511-2130,,True,False,32082000.00,1,https://api.karzartools.com/static/uploads/products/1574/e29cd50926b86ad5.webp,گیج داخل سیلندر,YES,CURRENT_STILL_ONLY_AVAILABILITY_BLOCKED
1614,5911-0002,5911-0002,,Dasqua | داسکوا,گیج داخل تلسکون — 0-20mm,5911-0002,,True,False,4596000.00,1,https://api.karzartools.com/static/uploads/products/1614/2fcab176c547a280.jpg,انواع گیج,YES,CURRENT_STILL_ONLY_AVAILABILITY_BLOCKED
1775,1106-301,1106-301,1106-301,INSIZE | اینسایز,کولیس دیجیتال اینسایز (Insize) 30 سانتی‌ متری فک بلند مدل 301-1106,1106-301,,True,False,66600000.00,1,https://api.karzartools.com/static/uploads/products/1775/514c4e6b2e493dda.jpg,انواع کولیس,YES,CURRENT_STILL_ONLY_AVAILABILITY_BLOCKED
1776,1106-302,1106-302,1106-302,INSIZE | اینسایز,کولیس دیجیتال اینسایز (Insize) 30 سانتی متر فک بلند مدل 302-1106,1106-302,,True,False,74100000.00,1,https://api.karzartools.com/static/uploads/products/1776/514c4e6b2e493dda.jpg,انواع کولیس,YES,CURRENT_STILL_ONLY_AVAILABILITY_BLOCKED
1778,1106-502,1106-502,1106-502,INSIZE | اینسایز,کولیس دیجیتال اینسایز(insize) 50 سانتی متر فک بلند 15 سانت مدل 502-1106,1106-502,,True,False,102300000.00,1,https://api.karzartools.com/static/uploads/products/1778/514c4e6b2e493dda.jpg,انواع کولیس,YES,CURRENT_STILL_ONLY_AVAILABILITY_BLOCKED
1779,1106-503,1106-503,1106-503,INSIZE | اینسایز,کولیس دیجیتال اینسایز (Insize) 50 سانتی متر فک بلند 20 سانت مدل 503-1106,1106-503,,True,False,135900000.00,1,https://api.karzartools.com/static/uploads/products/1779/514c4e6b2e493dda.jpg,انواع کولیس,YES,CURRENT_STILL_ONLY_AVAILABILITY_BLOCKED
1780,1106-505,1106-505,1106-505,INSIZE | اینسایز,کولیس دیجیتال اینسایز (Insize) 50 سانتی متر فک بلند 30 سانت مدل 505-1106,1106-505,,True,False,189000000.00,1,https://api.karzartools.com/static/uploads/products/1780/514c4e6b2e493dda.jpg,انواع کولیس,YES,CURRENT_STILL_ONLY_AVAILABILITY_BLOCKED
1781,1106-601,1106-601,1106-601,INSIZE | اینسایز,کولیس دیجیتال اینسایز (Insize) 60 سانتی متر مدل 601-1106,1106-601,,True,False,53700000.00,1,https://api.karzartools.com/static/uploads/products/1781/514c4e6b2e493dda.jpg,انواع کولیس,YES,CURRENT_STILL_ONLY_AVAILABILITY_BLOCKED
1782,1106-602,1106-602,1106-602,INSIZE | اینسایز,کولیس دیجیتال اینسایز (Insize) 60 سانتی متر فک بلند 15 سانت مدل 602-1106,1106-602,,True,False,137100000.00,1,https://api.karzartools.com/static/uploads/products/1782/514c4e6b2e493dda.jpg,انواع کولیس,YES,CURRENT_STILL_ONLY_AVAILABILITY_BLOCKED
1783,1106-603,1106-603,1106-603,INSIZE | اینسایز,کولیس دیجیتال اینسایز (Insize) 60 سانتی متر فک بلند 20 سانت مدل 603-1106,1106-603,,True,False,164700000.00,1,https://api.karzartools.com/static/uploads/products/1783/514c4e6b2e493dda.jpg,انواع کولیس,YES,CURRENT_STILL_ONLY_AVAILABILITY_BLOCKED
1784,1106-802,1106-802,1106-802,INSIZE | اینسایز,کولیس دیجیتال اینسایز (Insize) 80 سانتی متر فک بلند 15 سانت مدل 802-1106,1106-802,,True,False,162300000.00,1,https://api.karzartools.com/static/uploads/products/1784/514c4e6b2e493dda.jpg,انواع کولیس,YES,CURRENT_STILL_ONLY_AVAILABILITY_BLOCKED
1788,1111-100,1111-100,1111-100,INSIZE | اینسایز,کولیس دیجیتال 10 سانتی متری اینسایز (Insize) مدل 100-1111,1111-100,,True,False,6854400.00,1,https://api.karzartools.com/static/uploads/products/1788/7a5bca58faf910c0.jpg,انواع کولیس,YES,CURRENT_STILL_ONLY_AVAILABILITY_BLOCKED
1789,1114-150,1114-150,1114-150,,کولیس دیجیتال اینسایز (Insize) 15 سانتی متر فلزی (متال) مدل 150-1114,1114-150,,True,True,7980000.00,1,https://api.karzartools.com/static/uploads/products/1789/666c4fec8f781672.jpg,انواع کولیس,NO,IDENTITY_DRIFT
1795,1120-150,1120-150,1120-150,INSIZE | اینسایز,کولیس دیجیتال اینسایز (Insize) 15 سانتی متر شیارسنج مدل 150-1120,1120-150,,True,False,17539200.00,1,https://api.karzartools.com/static/uploads/products/1795/dbec4c4f7919de92.jpg,انواع کولیس,YES,CURRENT_STILL_ONLY_AVAILABILITY_BLOCKED
1798,1120-500,1120-500,1120-500,INSIZE | اینسایز,کولیس داخل دیجیتال اینسایز (Insize) 50 سانت مدل 500-1120,1120-500,,True,False,133200000.00,1,https://api.karzartools.com/static/uploads/products/1798/dbec4c4f7919de92.jpg,انواع کولیس,YES,CURRENT_STILL_ONLY_AVAILABILITY_BLOCKED
1799,1121-150,1121-150,1121-150,INSIZE | اینسایز,کولیس دیجیتال اینسایز (Insize) 15 سانتی متر داخل سنج مدل150-1121,1121-150,,True,False,17651200.00,1,https://api.karzartools.com/static/uploads/products/1799/475005afbed676bb.jpg,انواع کولیس,YES,CURRENT_STILL_ONLY_AVAILABILITY_BLOCKED
1800,1122-300,1122-300,1122-300,INSIZE | اینسایز,کولیس دیجیتال شیار اینسایز( Insize) 30 سانتی متر مدل 300-1122,1122-300,,True,False,77400000.00,1,https://api.karzartools.com/static/uploads/products/1800/9d65e618933adf6f.jpg,انواع کولیس,YES,CURRENT_STILL_ONLY_AVAILABILITY_BLOCKED
1801,1123-150,1123-150,1123-150,INSIZE | اینسایز,کولیس دیجیتال اینسایز (Insize) 15 سانتی متر داخل سنج فک چاقویی مدل 150-1123,1123-150,,True,False,15982400.00,1,https://api.karzartools.com/static/uploads/products/1801/5f419d17ee702557.jpg,انواع کولیس,YES,CURRENT_STILL_ONLY_AVAILABILITY_BLOCKED
1803,1135-601,1135-601,1135-601,INSIZE | اینسایز,کولیس دیجیتال اینسایز (Insize) 60 سانتی متر دو فک مدل 601-1135,1135-601,,True,False,108300000.00,1,https://api.karzartools.com/static/uploads/products/1803/3630ceb0385bc9d6.jpg,متر,YES,CURRENT_STILL_ONLY_AVAILABILITY_BLOCKED
1804,1136-501,1136-501,1136-501,INSIZE | اینسایز,کولیس دیجیتال اینسایز (Insize) 50 سانتی متر دو فک مدل 501-1136,1136-501,,True,False,85500000.00,1,https://api.karzartools.com/static/uploads/products/1804/89ae9661cc5f60b1.jpg,متر,YES,CURRENT_STILL_ONLY_AVAILABILITY_BLOCKED
1805,1136-502,1136-502,1136-502,INSIZE | اینسایز,کولیس دیجیتال اینسایز (Insize) دو فک 50 سانت فک 15 سانت مدل 502-1136,1136-502,,True,False,117000000.00,1,https://api.karzartools.com/static/uploads/products/1805/89ae9661cc5f60b1.jpg,متر,YES,CURRENT_STILL_ONLY_AVAILABILITY_BLOCKED
1806,1136-503,1136-503,1136-503,INSIZE | اینسایز,کولیس دیجیتال اینسایز (Insize) دو فک 50 سانت فک 20 سانت مدل 503-1136,1136-503,,True,False,143700000.00,1,https://api.karzartools.com/static/uploads/products/1806/89ae9661cc5f60b1.jpg,متر,YES,CURRENT_STILL_ONLY_AVAILABILITY_BLOCKED
1807,1136-601,1136-601,1136-601,INSIZE | اینسایز,کولیس دو فک اینسایز (Insize) دیجیتال 60 سانتی متر مدل 601-1136,1136-601,,True,False,99300000.00,1,https://api.karzartools.com/static/uploads/products/1807/89ae9661cc5f60b1.jpg,متر,YES,CURRENT_STILL_ONLY_AVAILABILITY_BLOCKED
1808,1140-100,1140-100,1140-100,INSIZE | اینسایز,عمق سنج دیجیتال اینسایز (Insize) 10 سانت با میله گرد مدل 100-1140,1140-100,,True,False,42900000.00,1,https://api.karzartools.com/static/uploads/products/1808/c3dce102b3ba2723.jpg,عمق سنج,YES,CURRENT_STILL_ONLY_AVAILABILITY_BLOCKED
1809,1140-150,1140-150,1140-150,INSIZE | اینسایز,عمق سنج دیجیتال اینسایز (Insize) 15 سانت با میله گرد مدل 150-1140,1140-150,,True,False,50100000.00,1,https://api.karzartools.com/static/uploads/products/1809/c3dce102b3ba2723.jpg,عمق سنج,YES,CURRENT_STILL_ONLY_AVAILABILITY_BLOCKED
1814,1142-150,1142-150,1142-150,INSIZE | اینسایز,عمق سنج لبه دار اینسایز (Insize) 15 سانت مدل 150-1142,1142-150,,True,False,9564800.00,1,https://api.karzartools.com/static/uploads/products/1814/479b27acaef88fcc.jpg,عمق سنج,YES,CURRENT_STILL_ONLY_AVAILABILITY_BLOCKED
1817,1144-150,1144-150,1144-150,INSIZE | اینسایز,عمق سنج لبه دار دو طرفه اینسایز (Insize) 15 سانت مدل 150-1144,1144-150,,True,False,10180800.00,1,https://api.karzartools.com/static/uploads/products/1817/94d05b736354cbf0.jpg,عمق سنج,YES,CURRENT_STILL_ONLY_AVAILABILITY_BLOCKED
1822,1150-600,1150-600,1150-600,INSIZE | اینسایز,کولیس دیجیتال اینسایز (Insize) 60 سانتی متر پایه دار مدل 600-1150,1150-600,,True,False,123300000.00,1,https://api.karzartools.com/static/uploads/products/1822/cc91b722d68157f5.jpg,انواع کولیس,YES,CURRENT_STILL_ONLY_AVAILABILITY_BLOCKED
1823,1151-300,1151-300,1151-300,INSIZE | اینسایز,کولیس پایه دار دو میله دیجیتال اینسایز (Insize) 30 سانت مدل 300-1151,1151-300,,True,False,49840000.00,1,https://api.karzartools.com/static/uploads/products/1823/99030c4c725c48bf.jpg,انواع کولیس,YES,CURRENT_STILL_ONLY_AVAILABILITY_BLOCKED
1825,1156-300,1156-300,1156-300,INSIZE | اینسایز,کولیس دیجیتال اینسایز (Insize) 30 سانتی متر پایه دار مدل 300-1156,1156-300,,True,False,92400000.00,1,https://api.karzartools.com/static/uploads/products/1825/90fb691316dc9454.jpg,انواع کولیس,YES,CURRENT_STILL_ONLY_AVAILABILITY_BLOCKED
1826,1156-600,1156-600,1156-600,INSIZE | اینسایز,کولیس دیجیتال اینسایز (Insize) 60 سانتی متر پایه دار مدل 600-1156,1156-600,,True,False,140700000.00,1,https://api.karzartools.com/static/uploads/products/1826/90fb691316dc9454.jpg,انواع کولیس,YES,CURRENT_STILL_ONLY_AVAILABILITY_BLOCKED
1827,1161-150,1161-150,1161-150,INSIZE | اینسایز,کولیس دیجیتال اینسایز (Insize) 15 سانتی متر داخل سنج فک میله‌ای مدل 150-1161,1161-150,,True,False,16217600.00,1,https://api.karzartools.com/static/uploads/products/1827/cfe2eccb25a4c812.jpg,انواع میکرومتر,YES,CURRENT_STILL_ONLY_AVAILABILITY_BLOCKED
1828,1169-150,1169-150,1169-150,INSIZE | اینسایز,کولیس دیجیتال اینسایز (Insize) 15 سانتی متر فک باریک مدل 150-1169,1169-150,,True,False,24750000.00,1,https://api.karzartools.com/static/uploads/products/1828/3a9adaa48c0b3397.jpg,متر,YES,CURRENT_STILL_ONLY_AVAILABILITY_BLOCKED
1829,1170-300,1170-300,1170-300,INSIZE | اینسایز,کولیس دیجیتال اینسایز (Insize) 30 سانتی متر فک بلند مدل 300-1170,1170-300,,True,False,39600000.00,1,https://api.karzartools.com/static/uploads/products/1829/b9d09a28988f3355.jpg,انواع کولیس,YES,CURRENT_STILL_ONLY_AVAILABILITY_BLOCKED
1830,1172-200,1172-200,1172-200,INSIZE | اینسایز,کولیس دیجیتال اینسایز( Insize) 20 سانتی متر فک پهن مدل 200-1172,1172-200,,True,False,88500000.00,1,https://api.karzartools.com/static/uploads/products/1830/79b3c6fd7fba51a9.jpg,متر,YES,CURRENT_STILL_ONLY_AVAILABILITY_BLOCKED
1832,1176-200,1176-200,1176-200,INSIZE | اینسایز,کولیس دیجیتال اینسایز (Insize) 20 سانتی متر شیارسنج مدل 200-1176,1176-200,,True,False,73800000.00,1,https://api.karzartools.com/static/uploads/products/1832/41583867a961bb9e.jpg,انواع کولیس,YES,CURRENT_STILL_ONLY_AVAILABILITY_BLOCKED
1833,1178-300,1178-300,1178-300,INSIZE | اینسایز,کولیس دیجیتال اینسایز (Insize) 30 سانتی متر داخل سنج مدل 300-1178,1178-300,,True,False,79200000.00,1,https://api.karzartools.com/static/uploads/products/1833/e6f653a8eec862a1.jpg,انواع کولیس,YES,CURRENT_STILL_ONLY_AVAILABILITY_BLOCKED
1834,1183-150,1183-150,1183-150,INSIZE | اینسایز,کولیس فک باریک اینسایز (Insize) 15 سانت مدل 150-1183,1183-150,,True,False,9318400.00,1,https://api.karzartools.com/static/uploads/products/1834/f07f9af50c52fb22.jpg,متر,YES,CURRENT_STILL_ONLY_AVAILABILITY_BLOCKED
1835,1185-150,1185-150,1185-150,INSIZE | اینسایز,کولیس خارج شیار اینسایز (Insize) 15 سانت مدل 150-1185,1185-150,,True,False,12420800.00,1,https://api.karzartools.com/static/uploads/products/1835/6196b6daf6b0ccc8.jpg,متر,YES,CURRENT_STILL_ONLY_AVAILABILITY_BLOCKED
1836,1186-150,1186-150,1186-150,INSIZE | اینسایز,کولیس فک متحرک اینسایز (Insize) 15 سانت مدل 150-1186,1186-150,,True,False,19801600.00,1,https://api.karzartools.com/static/uploads/products/1836/c41337a2facdb4d4.jpg,متر,YES,CURRENT_STILL_ONLY_AVAILABILITY_BLOCKED
1839,1187-150,1187-150,1187-150,INSIZE | اینسایز,کولیس خارج شیار اینسایز (Insize) 15 سانت مدل 150-1187,1187-150,,True,False,11267200.00,1,https://api.karzartools.com/static/uploads/products/1839/33f19658191e2461.jpg,متر,YES,CURRENT_STILL_ONLY_AVAILABILITY_BLOCKED
1840,1188-150,1188-150,1188-150,INSIZE | اینسایز,کولیس دیجیتال اینسایز (Insize) 15 سانتی متر فک باریک مدل 150-1188,1188-150,,True,False,9844800.00,1,https://api.karzartools.com/static/uploads/products/1840/4919484feb48732f.jpg,متر,YES,CURRENT_STILL_ONLY_AVAILABILITY_BLOCKED
1842,1208-511,1208-511,1208-511,INSIZE | اینسایز,کولیس 50 سانت اینسایز (Insize) یک تکه فک 10 سانت مدل 511-1208,1208-511,,True,False,57000000.00,1,https://api.karzartools.com/static/uploads/products/1842/632b571f3a91d956.jpg,انواع کولیس,YES,CURRENT_STILL_ONLY_AVAILABILITY_BLOCKED
1843,1208-524,1208-524,1208-524,INSIZE | اینسایز,کولیس 50 سانت اینسایز (Insize) یک تکه فک 15 سانت مدل 524-1208,1208-524,,True,False,69300000.00,1,https://api.karzartools.com/static/uploads/products/1843/632b571f3a91d956.jpg,انواع کولیس,YES,CURRENT_STILL_ONLY_AVAILABILITY_BLOCKED
1844,1208-824,1208-824,1208-824,INSIZE | اینسایز,کولیس 80 سانت اینسایز (Insize) یک تکه فک 15 سانت مدل 824-1208,1208-824,,True,False,139500000.00,1,https://api.karzartools.com/static/uploads/products/1844/632b571f3a91d956.jpg,انواع کولیس,YES,CURRENT_STILL_ONLY_AVAILABILITY_BLOCKED
1847,1215-1032,1215-1032,1215-1032,INSIZE | اینسایز,کولیس اینسایز (Insize) 1 متری فک بلند مدل 1032-1215,1215-1032,,True,False,156600000.00,1,https://api.karzartools.com/static/uploads/products/1847/c1bfec3fa0355bba.jpg,متر,YES,CURRENT_STILL_ONLY_AVAILABILITY_BLOCKED
1848,1215-1052,1215-1052,1215-1052,INSIZE | اینسایز,کولیس ورنیه اینسایز( Insize) 100 سانتی متر فک بلند مدل 1052-1215,1215-1052,,True,False,284400000.00,1,https://api.karzartools.com/static/uploads/products/1848/c1bfec3fa0355bba.jpg,متر,YES,CURRENT_STILL_ONLY_AVAILABILITY_BLOCKED
1849,1215-322,1215-322,1215-322,INSIZE | اینسایز,کولیس معمولی اینسایز (Insize) 30 سانتی متر فک بلند 15 سانت مدل 322-1215,1215-322,,True,False,40800000.00,1,https://api.karzartools.com/static/uploads/products/1849/c1bfec3fa0355bba.jpg,انواع کولیس,YES,CURRENT_STILL_ONLY_AVAILABILITY_BLOCKED
1850,1215-392,1215-392,1215-392,INSIZE | اینسایز,کولیس معمولی اینسایز (Insize) 30 سانتی متر فک بلند 9 سانت مدل 392-1215,1215-392,,True,False,24480000.00,1,https://api.karzartools.com/static/uploads/products/1850/c1bfec3fa0355bba.jpg,انواع کولیس,YES,CURRENT_STILL_ONLY_AVAILABILITY_BLOCKED
1851,1215-522,1215-522,1215-522,INSIZE | اینسایز,کولیس معمولی اینسایز (Insize) 50 سانتی متر فک بلند 15 سانت مدل 522-1215,1215-522,,True,False,53700000.00,1,https://api.karzartools.com/static/uploads/products/1851/c1bfec3fa0355bba.jpg,انواع کولیس,YES,CURRENT_STILL_ONLY_AVAILABILITY_BLOCKED
1852,1215-532,1215-532,1215-532,INSIZE | اینسایز,کولیس معمولی اینسایز (Insize) 50 سانتی متر فک بلند 20 سانت مدل 532-1215,1215-532,,True,False,64800000.00,1,https://api.karzartools.com/static/uploads/products/1852/c1bfec3fa0355bba.jpg,انواع کولیس,YES,CURRENT_STILL_ONLY_AVAILABILITY_BLOCKED
1853,1215-622,1215-622,1215-622,INSIZE | اینسایز,کولیس معمولی اینسایز (Insize) 60 سانتی متر فک بلند 15 سانت مدل 622-1215,1215-622,,True,False,62700000.00,1,https://api.karzartools.com/static/uploads/products/1853/c1bfec3fa0355bba.jpg,انواع کولیس,YES,CURRENT_STILL_ONLY_AVAILABILITY_BLOCKED
1854,1215-822,1215-822,1215-822,INSIZE | اینسایز,کولیس معمولی اینسایز (Insize) 80 سانتی متر فک بلند 15 سانت مدل 822-1215,1215-822,,True,False,132600000.00,1,https://api.karzartools.com/static/uploads/products/1854/c1bfec3fa0355bba.jpg,انواع کولیس,YES,CURRENT_STILL_ONLY_AVAILABILITY_BLOCKED
1855,1217-3001,1217-3001,1217-3001,INSIZE | اینسایز,کولیس اینسایز (Insize) 30 سانتی متر دو فک مدل 3001-1217,1217-3001,,True,False,53400000.00,1,https://api.karzartools.com/static/uploads/products/1855/099a1e24567a0caf.jpg,انواع کولیس,YES,CURRENT_STILL_ONLY_AVAILABILITY_BLOCKED
1856,1236-394,1236-394,1236-394,INSIZE | اینسایز,کولیس معمولی اینسایز (Insize) 30 سانت دو فک فک بلند 9 سانت مدل 394-1236,1236-394,,True,False,52800000.00,1,https://api.karzartools.com/static/uploads/products/1856/e8f5ce560abd3d6d.jpg,انواع کولیس,YES,CURRENT_STILL_ONLY_AVAILABILITY_BLOCKED
1857,1236-524,1236-524,1236-524,INSIZE | اینسایز,کولیس معمولی اینسایز (Insize) 50 سانت دو فک فک بلند 15سانت مدل 524-1236,1236-524,,True,False,104700000.00,1,https://api.karzartools.com/static/uploads/products/1857/e8f5ce560abd3d6d.jpg,انواع کولیس,YES,CURRENT_STILL_ONLY_AVAILABILITY_BLOCKED
1858,1250-300,1250-300,1250-300,INSIZE | اینسایز,کولیس پایه دار ساده اینسایز (Insize) 30 سانتی متر مدل 300-1250,1250-300,,True,False,49500000.00,1,https://api.karzartools.com/static/uploads/products/1858/4898a93422d1d6cd.jpg,انواع کولیس,YES,CURRENT_STILL_ONLY_AVAILABILITY_BLOCKED
1859,1250-600,1250-600,1250-600,INSIZE | اینسایز,کولیس معمولی اینسایز (Insize) 60 سانتی متر پایه دار مدل 600-1250,1250-600,,True,False,81900000.00,1,https://api.karzartools.com/static/uploads/products/1859/4898a93422d1d6cd.jpg,انواع کولیس,YES,CURRENT_STILL_ONLY_AVAILABILITY_BLOCKED
1860,1311-150,1311-150,,INSIZE | اینسایز,کولیس ساعتی اینسایز (Insize) 15 سانتی متر مدل 150-1311,1311-150,,True,False,10281600.00,1,https://api.karzartools.com/static/uploads/products/1860/c01191da43aa06fa.jpg,ساعت اندیکاتور,YES,CURRENT_STILL_ONLY_AVAILABILITY_BLOCKED
1863,1312-150,1312-150,,INSIZE | اینسایز,کولیس ساعتی اینسایز (Insize) 15 سانتی متر مدل 150-1312,1312-150,,True,False,7896000.00,1,https://api.karzartools.com/static/uploads/products/1863/694b8ea329e1776f.jpg,ساعت اندیکاتور,YES,CURRENT_STILL_ONLY_AVAILABILITY_BLOCKED
1866,1316-500,1316-500,,INSIZE | اینسایز,کولیس استنلس استیل ساعتی اینسایز (Insize) 60 سانت مدل 500-1316,1316-500,,True,False,60600000.00,1,https://api.karzartools.com/static/uploads/products/1866/a82d88be81df0587.jpg,ساعت اندیکاتور,YES,CURRENT_STILL_ONLY_AVAILABILITY_BLOCKED
1867,1340-150,1340-150,,INSIZE | اینسایز,کولیس عمق سنج ساعتی اینسایز( Insize) 150 میلی متر مدل 150-1340,1340-150,,True,False,13170000.00,1,https://api.karzartools.com/static/uploads/products/1867/4bb186bf1dfacf7e.jpg,ساعت اندیکاتور,YES,CURRENT_STILL_ONLY_AVAILABILITY_BLOCKED
1868,1340-200,1340-200,,INSIZE | اینسایز,کولیس عمق سنج ساعتی اینسایز( Insize ) 200 میلی متر مدل 200-1340,1340-200,,True,False,14340000.00,1,https://api.karzartools.com/static/uploads/products/1868/4bb186bf1dfacf7e.jpg,ساعت اندیکاتور,YES,CURRENT_STILL_ONLY_AVAILABILITY_BLOCKED
1869,1340-300,1340-300,,INSIZE | اینسایز,کولیس عمق سنج ساعتی اینسایز( Insize ) 300 میلی متر مدل 300-1340,1340-300,,True,False,18240000.00,1,https://api.karzartools.com/static/uploads/products/1869/4bb186bf1dfacf7e.jpg,ساعت اندیکاتور,YES,CURRENT_STILL_ONLY_AVAILABILITY_BLOCKED
1870,1520-150,1520-150,1520-150,INSIZE | اینسایز,کولیس دیجیتال اینسایز (Insize) 15 سانتی متر شیار سنج مدل 150-1520,1520-150,,True,False,37500000.00,1,https://api.karzartools.com/static/uploads/products/1870/be04a5de6072588b.jpg,انواع کولیس,YES,CURRENT_STILL_ONLY_AVAILABILITY_BLOCKED
1871,1530-300,1530-300,1530-300,INSIZE | اینسایز,کولیس دیجیتال اینسایز (Insize) 30 سانتی متر داخل و خارج سنج مدل 300-1530,1530-300,,True,False,102300000.00,1,https://api.karzartools.com/static/uploads/products/1871/a464145af8eb1bbd.jpg,انواع کولیس,YES,CURRENT_STILL_ONLY_AVAILABILITY_BLOCKED
1873,2112-101,2112-101,2112-101,INSIZE | اینسایز,ساعت اندیکاتور دیجیتال 12.7 میلی متری اینسایز (Insize) مدل 101-2112,2112-101,,True,False,31500000.00,1,https://api.karzartools.com/static/uploads/products/1873/fc497e8631bf7860.jpg,ساعت اندیکاتور,YES,CURRENT_STILL_ONLY_AVAILABILITY_BLOCKED
1874,2112-251,2112-251,2112-251,INSIZE | اینسایز,ساعت اندیکاتور کورس دیجیتال 25 میلی متری اینسایز (Insize) مدل 251-2112,2112-251,,True,False,44100000.00,1,https://api.karzartools.com/static/uploads/products/1874/fc497e8631bf7860.jpg,ساعت اندیکاتور,YES,CURRENT_STILL_ONLY_AVAILABILITY_BLOCKED
1875,2112-501,2112-501,2112-501,INSIZE | اینسایز,ساعت اندیکاتور دیجیتال کورس اینسایز (Insize) 50 میلیمتر مدل 501-2112,2112-501,,True,False,96000000.00,1,https://api.karzartools.com/static/uploads/products/1875/fc497e8631bf7860.jpg,ساعت اندیکاتور,YES,CURRENT_STILL_ONLY_AVAILABILITY_BLOCKED
1876,2122-160,2122-160,2122-160,INSIZE | اینسایز,گیج داخل سیلندر اینسایز (Insize) دیجیتال 160-50 میلی متری مدل 160-2122,2122-160,,True,False,28761600.00,1,https://api.karzartools.com/static/uploads/products/1876/5189960bfcc8bc33.jpg,گیج داخل سیلندر,YES,CURRENT_STILL_ONLY_AVAILABILITY_BLOCKED
1877,2141-202,2141-202,,INSIZE | اینسایز,عمق سنج صلیبی دیجیتال 30 سانتی اینسایز (Insize) مدل 202-2141,2141-202,,True,False,18580800.00,1,https://api.karzartools.com/static/uploads/products/1877/ede2a3853c287fcc.jpg,عمق سنج,YES,CURRENT_STILL_ONLY_AVAILABILITY_BLOCKED
1878,2142-101,2142-101,2142-101,INSIZE | اینسایز,عمق سنج سوزنی دیجیتال اینسایز (Insize) 0-10 میلیمتر مدل 101-2142,2142-101,,True,False,33000000.00,1,https://api.karzartools.com/static/uploads/products/1878/558467f61b87a261.jpg,عمق سنج,YES,CURRENT_STILL_ONLY_AVAILABILITY_BLOCKED
1879,2142-102,2142-102,2142-102,INSIZE | اینسایز,عمق سنج دیجیتال سوزنی اینسایز( INSIZE) مدل 102-2142,2142-102,,True,False,33900000.00,1,https://api.karzartools.com/static/uploads/products/1879/558467f61b87a261.jpg,عمق سنج,YES,CURRENT_STILL_ONLY_AVAILABILITY_BLOCKED
1881,2172-360,2172-360,2172-360,INSIZE | اینسایز,زاویه سنج دیجیتال اینسایز (Insize) مدل 360-2172,2172-360,,True,False,27294400.00,1,https://api.karzartools.com/static/uploads/products/1881/2dc054b5f8bbf4c7.jpg,زاویه سنج,YES,CURRENT_STILL_ONLY_AVAILABILITY_BLOCKED
1883,2174-225,2174-225,2174-225,INSIZE | اینسایز,زاویه سنج دیجیتال اینسایز (Insize) 46 سانت آب تراز دار مدل 225-2174,2174-225,,True,False,30600000.00,1,https://api.karzartools.com/static/uploads/products/1883/370c446f7f2a19f0.jpg,تراز صنعتی,YES,CURRENT_STILL_ONLY_AVAILABILITY_BLOCKED
1884,2175-360,2175-360,2175-360,INSIZE | اینسایز,تراز دیجیتال مگنت دار اینسایز (Insize) مدل 360-2175,2175-360,,True,False,19980000.00,1,https://api.karzartools.com/static/uploads/products/1884/bdfe43def1f214fa.jpg,تراز صنعتی,YES,CURRENT_STILL_ONLY_AVAILABILITY_BLOCKED
1885,2176-200,2176-200,2176-200,INSIZE | اینسایز,زاویه سنج دیجیتال اینسایز (Insize) 20 سانت مدل 200-2176,2176-200,,True,False,6030000.00,1,https://api.karzartools.com/static/uploads/products/1885/b9bd02578299ed69.jpg,زاویه سنج,YES,CURRENT_STILL_ONLY_AVAILABILITY_BLOCKED
1888,2222-301,2222-301,2222-301,INSIZE | اینسایز,پرگار داخل سنج ساعتی 30-10 میلی‌ متر اینسایز (Insize) مدل 301-2222,2222-301,,True,False,47400000.00,1,https://api.karzartools.com/static/uploads/products/1888/d9970ba7009cb145.jpg,ساعت اندیکاتور,YES,CURRENT_STILL_ONLY_AVAILABILITY_BLOCKED
1889,2223-153,2223-153,2223-153,INSIZE | اینسایز,پرگار ساعتی داخل 55-153 میلی متری اینسایز (Insize) مدل 153-2223,2223-153,,True,False,54000000.00,1,https://api.karzartools.com/static/uploads/products/1889/a7d824f094f60378.jpg,ساعت اندیکاتور,YES,CURRENT_STILL_ONLY_AVAILABILITY_BLOCKED
1892,2281-360,2281-360,2281-360,INSIZE | اینسایز,زاویه سنج اینسایز (Insize) 20 سانت مدل 360-2281,2281-360,,True,False,2922000.00,1,https://api.karzartools.com/static/uploads/products/1892/e37f1cef3ccaba1b.jpg,زاویه سنج,YES,CURRENT_STILL_ONLY_AVAILABILITY_BLOCKED
1893,2307-105,2307-105,2307-105,INSIZE | اینسایز,ساعت اینچی اندیکاتور اینسایز (Insize) مدل 105-2307,2307-105,,True,False,7680000.00,1,https://api.karzartools.com/static/uploads/products/1893/1a1136b79de6b209.jpg,ساعت اندیکاتور,YES,CURRENT_STILL_ONLY_AVAILABILITY_BLOCKED
1897,2333-201,2333-201,2333-201,INSIZE | اینسایز,پرگار خارج سنج اینسایز (Insize) ساعتی 20 میلی متر مدل 201-2333,2333-201,,True,False,57900000.00,1,https://api.karzartools.com/static/uploads/products/1897/71d8c22fe7b6233c.jpg,ساعت اندیکاتور,YES,CURRENT_STILL_ONLY_AVAILABILITY_BLOCKED
1898,2341-101,2341-101,2341-101,INSIZE | اینسایز,عمق سنج ساعتی 1 سانتی اینساز (Insize) مدل 101-2341,2341-101,,True,False,7985600.00,1,https://api.karzartools.com/static/uploads/products/1898/f6c3d383cb2a8e4c.jpg,سختی سنج لاستیک,YES,CURRENT_STILL_ONLY_AVAILABILITY_BLOCKED
1899,2342-202,2342-202,2342-202,INSIZE | اینسایز,عمق سنج ساعتی اینسایز (Insize) 300 میلی متر مدل 202-2342,2342-202,,True,False,35700000.00,1,https://api.karzartools.com/static/uploads/products/1899/57f438e7c56ae7fc.jpg,سختی سنج لاستیک,YES,CURRENT_STILL_ONLY_AVAILABILITY_BLOCKED
1900,2343-102,2343-102,2343-102,INSIZE | اینسایز,عمق سنج سوزنی ساعتی 10-0 میلی متری اینساز (Insize) مدل 102-2343,2343-102,,True,False,16770000.00,1,https://api.karzartools.com/static/uploads/products/1900/fdb6de83bd8e8d0e.jpg,ساعت اندیکاتور,YES,CURRENT_STILL_ONLY_AVAILABILITY_BLOCKED
1902,2373-360,2373-360,2373-360,INSIZE | اینسایز,زاویه سنج ساعتی اینسایز (Insize) مدل 360-2373,2373-360,,True,False,34500000.00,1,https://api.karzartools.com/static/uploads/products/1902/9789738c3ddf7e31.jpg,ساعت اندیکاتور,YES,CURRENT_STILL_ONLY_AVAILABILITY_BLOCKED
1903,2374-320,2374-320,2374-320,INSIZE | اینسایز,زاویه سنج اینسایز (Insize) مدل 320-2374,2374-320,,True,False,24810000.00,1,https://api.karzartools.com/static/uploads/products/1903/f38461d074ade8d4.jpg,زاویه سنج,YES,CURRENT_STILL_ONLY_AVAILABILITY_BLOCKED
1905,2711-165,2711-165,2711-165,INSIZE | اینسایز,پرگار دیجیتال داخل اینسایز (Insize) 12.7-165 میلی متر مدل 165-2711,2711-165,,True,False,22500000.00,1,https://api.karzartools.com/static/uploads/products/1905/32a3a51c3962a55f.jpg,ساعت اندیکاتور,YES,CURRENT_STILL_ONLY_AVAILABILITY_BLOCKED
1906,2711-216,2711-216,2711-216,INSIZE | اینسایز,پرگار دیجیتال اینسایز (Insize) مدل 216-2711,2711-216,,True,False,24930000.00,1,https://api.karzartools.com/static/uploads/products/1906/32a3a51c3962a55f.jpg,ساعت اندیکاتور,YES,CURRENT_STILL_ONLY_AVAILABILITY_BLOCKED
1907,2771-360,2771-360,2771-360,INSIZE | اینسایز,زاویه‌ سنج دیجیتال 360 درجه اینسایز (Insize) مدل 360-2771,2771-360,,True,False,48600000.00,1,https://api.karzartools.com/static/uploads/products/1907/567760defe5f67ad.jpg,زاویه سنج,YES,CURRENT_STILL_ONLY_AVAILABILITY_BLOCKED
1908,2825-160,2825-160,2825-160,INSIZE | اینسایز,گیج داخل سیلندر ساعتی اینسایز (Insize) 50-160 میلیمتر مدل 160-2825,2825-160,,True,False,51000000.00,1,https://api.karzartools.com/static/uploads/products/1908/478b8636e9ae469d.jpg,ساعت اندیکاتور,YES,CURRENT_STILL_ONLY_AVAILABILITY_BLOCKED
1911,2841-300,2841-300,2841-300,INSIZE | اینسایز,گیج شفت اینسایز (Insize) 60-300 مدل 300-2841,2841-300,,True,False,85800000.00,1,https://api.karzartools.com/static/uploads/products/1911/bbf87726929d22c4.jpg,ساعت اندیکاتور,YES,CURRENT_STILL_ONLY_AVAILABILITY_BLOCKED
1912,2841-500,2841-500,2841-500,INSIZE | اینسایز,گیج شفت اینسایز (Insize) مدل 500-2841,2841-500,,True,False,95100000.00,1,https://api.karzartools.com/static/uploads/products/1912/bbf87726929d22c4.jpg,ساعت اندیکاتور,YES,CURRENT_STILL_ONLY_AVAILABILITY_BLOCKED
1913,2862-102,2862-102,2862-102,INSIZE | اینسایز,ضخامت سنج ساعتی 10 میلی متری اینسایز (Insize) مدل 102-2862,2862-102,,True,False,17400000.00,1,https://api.karzartools.com/static/uploads/products/1913/aa6e94e4ffc62b3d.jpg,ساعت اندیکاتور,YES,CURRENT_STILL_ONLY_AVAILABILITY_BLOCKED
1915,3101-225,3101-225,3101-225,INSIZE | اینسایز,میکرومتر دیجیتال اینسایز (Insize) خارج سنج 200-225 میلی متر مدل 225-3101,3101-225,,True,False,26286400.00,1,https://api.karzartools.com/static/uploads/products/1915/13b2e724b882f002.jpg,انواع میکرومتر,YES,CURRENT_STILL_ONLY_AVAILABILITY_BLOCKED
1917,3101-275,3101-275,3101-275,INSIZE | اینسایز,میکرومتر دیجیتال اینسایز (Insize) خارج سنج 250-275 میلی متر مدل 275-3101,3101-275,,True,False,31035200.00,1,https://api.karzartools.com/static/uploads/products/1917/927d1c9b0371c993.jpg,انواع میکرومتر,YES,CURRENT_STILL_ONLY_AVAILABILITY_BLOCKED
1918,3101-300,3101-300,3101-300,INSIZE | اینسایز,میکرومتر دیجیتال اینسایز (Insize) خارج سنج 275-300 میلی متر مدل 300-3101,3101-300,,True,False,33353600.00,1,https://api.karzartools.com/static/uploads/products/1918/64172d4cb708d80e.jpg,انواع میکرومتر,YES,CURRENT_STILL_ONLY_AVAILABILITY_BLOCKED
1919,3108-100,3108-100,3108-100,INSIZE | اینسایز,میکرومتر دیجیتال اینسایز (Insize) 100-75 میلی متر خارج سنج مدل 100-3108,3108-100,,True,False,12734400.00,1,https://api.karzartools.com/static/uploads/products/1919/dba760c650ce3df3.jpg,انواع میکرومتر,YES,CURRENT_STILL_ONLY_AVAILABILITY_BLOCKED
1920,3109-100,3109-100,3109-100,INSIZE | اینسایز,میکرومتر دیجیتال اینسایز (Insize) 100-75 میلی متر خارج سنج مدل 100-3109,3109-100,,True,False,9128000.00,1,https://api.karzartools.com/static/uploads/products/1920/81bd023ccccfdf9a.jpg,انواع میکرومتر,YES,CURRENT_STILL_ONLY_AVAILABILITY_BLOCKED
1927,3109-275,3109-275,3109-275,INSIZE | اینسایز,میکرومتر دیجیتال اینسایز (Insize) 250-275 میلی متر خارج سنج مدل 275-3109,3109-275,,True,False,21336000.00,1,https://api.karzartools.com/static/uploads/products/1927/81bd023ccccfdf9a.jpg,انواع میکرومتر,YES,CURRENT_STILL_ONLY_AVAILABILITY_BLOCKED
1929,3127-100,3127-100,3127-100,INSIZE | اینسایز,میکرومتر دیجیتال اینسایز (|Insize) سه فک 100-87 میلی متر داخل سنج مدل 100-3127,3127-100,,True,False,144600000.00,1,https://api.karzartools.com/static/uploads/products/1929/93ca7c6703a216c3.jpg,انواع میکرومتر,YES,CURRENT_STILL_ONLY_AVAILABILITY_BLOCKED
1930,3127-123,3127-123,3127-123,INSIZE | اینسایز,میکرومتر دیجیتال اینسایز (Insize) 12-6 میلی متر داخل سنج سه فک مدل 123-3127,3127-123,,True,False,283200000.00,1,https://api.karzartools.com/static/uploads/products/1930/7200784b11905a9b.jpg,انواع میکرومتر,YES,CURRENT_STILL_ONLY_AVAILABILITY_BLOCKED
1931,3127-125,3127-125,3127-125,INSIZE | اینسایز,میکرومتر دیجیتال اینسایز (Insize) 100-125 میلی متر داخل سنج سه فک مدل 125-3127,3127-125,,True,False,157500000.00,1,https://api.karzartools.com/static/uploads/products/1931/93ca7c6703a216c3.jpg,انواع میکرومتر,YES,CURRENT_STILL_ONLY_AVAILABILITY_BLOCKED
1932,3127-150,3127-150,3127-150,INSIZE | اینسایز,میکرومتر دیجیتال اینسایز (Insize) 125-150 میلی متر داخل سنج سه فک مدل 150-3127,3127-150,,True,False,179400000.00,1,https://api.karzartools.com/static/uploads/products/1932/93ca7c6703a216c3.jpg,انواع میکرومتر,YES,CURRENT_STILL_ONLY_AVAILABILITY_BLOCKED
1933,3127-175,3127-175,3127-175,INSIZE | اینسایز,میکرومتر دیجیتال اینسایز (Insize) 150-175 میلی متر داخل سنج سه فک مدل 175-3127,3127-175,,True,False,207000000.00,1,https://api.karzartools.com/static/uploads/products/1933/93ca7c6703a216c3.jpg,انواع میکرومتر,YES,CURRENT_STILL_ONLY_AVAILABILITY_BLOCKED
1934,3127-200,3127-200,3127-200,INSIZE | اینسایز,میکرومتر دیجیتال اینسایز (Insize) 175-200 میلی متر داخل سنج سه فک مدل 200-3127,3127-200,,True,False,237600000.00,1,https://api.karzartools.com/static/uploads/products/1934/93ca7c6703a216c3.jpg,انواع میکرومتر,YES,CURRENT_STILL_ONLY_AVAILABILITY_BLOCKED
1935,3127-202,3127-202,3127-202,INSIZE | اینسایز,میکرومتر دیجیتال اینسایز (Insize) 20-12 میلی متر داخل سنج سه فک مدل 202-3127,3127-202,,True,False,195000000.00,1,https://api.karzartools.com/static/uploads/products/1935/7200784b11905a9b.jpg,انواع میکرومتر,YES,CURRENT_STILL_ONLY_AVAILABILITY_BLOCKED
1936,3127-225,3127-225,3127-225,INSIZE | اینسایز,میکرومتر دیجیتال اینسایز (Insize) 200-225 میلی متر داخل سنج سه فک مدل 225-3127,3127-225,,True,False,275400000.00,1,https://api.karzartools.com/static/uploads/products/1936/93ca7c6703a216c3.jpg,انواع میکرومتر,YES,CURRENT_STILL_ONLY_AVAILABILITY_BLOCKED
1937,3127-250,3127-250,3127-250,INSIZE | اینسایز,میکرومتر دیجیتال اینسایز (Insize) 225-250 میلی متر داخل سنج سه فک مدل 250-3127,3127-250,,True,False,335100000.00,1,https://api.karzartools.com/static/uploads/products/1937/93ca7c6703a216c3.jpg,انواع میکرومتر,YES,CURRENT_STILL_ONLY_AVAILABILITY_BLOCKED
1938,3127-275,3127-275,3127-275,INSIZE | اینسایز,میکرومتر دیجیتال اینسایز (Insize) 250-275 میلی متر داخل سنج سه فک مدل 275-3127,3127-275,,True,False,381600000.00,1,https://api.karzartools.com/static/uploads/products/1938/93ca7c6703a216c3.jpg,انواع میکرومتر,YES,CURRENT_STILL_ONLY_AVAILABILITY_BLOCKED
1939,3127-300,3127-300,3127-300,INSIZE | اینسایز,میکرومتر دیجیتال اینسایز (Insize) 275-300 میلی متر داخل سنج سه فک مدل 300-3127,3127-300,,True,False,447900000.00,1,https://api.karzartools.com/static/uploads/products/1939/93ca7c6703a216c3.jpg,انواع میکرومتر,YES,CURRENT_STILL_ONLY_AVAILABILITY_BLOCKED
1940,3127-504,3127-504,3127-504,INSIZE | اینسایز,میکرومتر دیجیتال اینسایز (Insize) 50-20 میلی متر داخل سنج سه فک مدل 504-3127,3127-504,,True,False,409500000.00,1,https://api.karzartools.com/static/uploads/products/1940/7200784b11905a9b.jpg,انواع میکرومتر,YES,CURRENT_STILL_ONLY_AVAILABILITY_BLOCKED
1953,3205-1000,3205-1000,3205-1000,INSIZE | اینسایز,میکرومتر اینسایز (Insize) 1000-900 میلی متر خارج سنج مدل 1000-3205,3205-1000,,True,False,241500000.00,1,https://api.karzartools.com/static/uploads/products/1953/18828bda8415ab55.jpg,انواع میکرومتر,YES,CURRENT_STILL_ONLY_AVAILABILITY_BLOCKED
1954,3205-1200,3205-1200,3205-1200,INSIZE | اینسایز,میکرومتر اینسایز (Insize) 1000-1200 میلی متر خارج سنج مدل 1200-3205,3205-1200,,True,False,532200000.00,1,https://api.karzartools.com/static/uploads/products/1954/18828bda8415ab55.jpg,انواع میکرومتر,YES,CURRENT_STILL_ONLY_AVAILABILITY_BLOCKED
1955,3205-1400,3205-1400,3205-1400,INSIZE | اینسایز,میکرومتر اینسایز (Insize) 1200-1400 میلی‌ متر خارج‌ سنج مدل 1400-3205,3205-1400,,True,False,576600000.00,1,https://api.karzartools.com/static/uploads/products/1955/18828bda8415ab55.jpg,انواع میکرومتر,YES,CURRENT_STILL_ONLY_AVAILABILITY_BLOCKED
1956,3205-1600,3205-1600,3205-1600,INSIZE | اینسایز,میکرومتر اینسایز (Insize) 1600-1400 میلی متر خارج سنج مدل 1600-3205,3205-1600,,True,False,681300000.00,1,https://api.karzartools.com/static/uploads/products/1956/18828bda8415ab55.jpg,انواع میکرومتر,YES,CURRENT_STILL_ONLY_AVAILABILITY_BLOCKED
1957,3205-1800,3205-1800,3205-1800,INSIZE | اینسایز,میکرومتر اینسایز (Insize) 1600-1800 میلی‌ متری خارج‌ سنج مدل 1800-3205,3205-1800,,True,False,705900000.00,1,https://api.karzartools.com/static/uploads/products/1957/18828bda8415ab55.jpg,انواع میکرومتر,YES,CURRENT_STILL_ONLY_AVAILABILITY_BLOCKED
1959,3205-500,3205-500,3205-500,INSIZE | اینسایز,میکرومتر اینسایز (Insize) 500-400 میلی متر خارج سنج مدل 500-3205,3205-500,,True,False,94500000.00,1,https://api.karzartools.com/static/uploads/products/1959/18828bda8415ab55.jpg,انواع میکرومتر,YES,CURRENT_STILL_ONLY_AVAILABILITY_BLOCKED
1960,3205-600,3205-600,3205-600,INSIZE | اینسایز,میکرومتر اینسایز (Insize) 600-500 میلی متر خارج سنج مدل 600-3205,3205-600,,True,False,112200000.00,1,https://api.karzartools.com/static/uploads/products/1960/18828bda8415ab55.jpg,انواع میکرومتر,YES,CURRENT_STILL_ONLY_AVAILABILITY_BLOCKED
1961,3205-700,3205-700,3205-700,INSIZE | اینسایز,میکرومتر اینسایز (Insize) 700-600 میلی متر خارج سنج مدل 700-3205,3205-700,,True,False,154200000.00,1,https://api.karzartools.com/static/uploads/products/1961/18828bda8415ab55.jpg,انواع میکرومتر,YES,CURRENT_STILL_ONLY_AVAILABILITY_BLOCKED
1962,3205-800,3205-800,3205-800,INSIZE | اینسایز,میکرومتر اینسایز (Insize) 800-700 میلی متر خارج سنج مدل 800-3205,3205-800,,True,False,183300000.00,1,https://api.karzartools.com/static/uploads/products/1962/18828bda8415ab55.jpg,انواع میکرومتر,YES,CURRENT_STILL_ONLY_AVAILABILITY_BLOCKED
1963,3205-900,3205-900,3205-900,INSIZE | اینسایز,میکرومتر اینسایز (Insize) 800-900 میلی متر خارج سنج مدل 900-3205,3205-900,,True,False,216000000.00,1,https://api.karzartools.com/static/uploads/products/1963/18828bda8415ab55.jpg,انواع میکرومتر,YES,CURRENT_STILL_ONLY_AVAILABILITY_BLOCKED
1964,3206-150,3206-150,,INSIZE | اینسایز,میکرومتر150-0 میلی متر خارج‌سنج میله‌ای اینسایز (Insize) مدل 150-3206,3206-150,,True,False,17404800.00,1,https://api.karzartools.com/static/uploads/products/1964/df9c1e49bba7594b.jpg,انواع میکرومتر,YES,CURRENT_STILL_ONLY_AVAILABILITY_BLOCKED
1968,3210-100,3210-100,3210-100,INSIZE | اینسایز,میکرومتر اینسایز (Insize) 100-75 میلی متر خارج سنج مدل 100-3210,3210-100,,True,False,3852800.00,1,https://api.karzartools.com/static/uploads/products/1968/8f27ebdfeff74b43.jpg,انواع میکرومتر,YES,CURRENT_STILL_ONLY_AVAILABILITY_BLOCKED
1969,3220-100,3220-100,3220-100,INSIZE | اینسایز,میکرومتر اینسایز (Insize) 100-75 میلی متر داخل سنج مدل 100-3220,3220-100,,True,False,27240000.00,1,https://api.karzartools.com/static/uploads/products/1969/5079874007021182.jpg,انواع میکرومتر,YES,CURRENT_STILL_ONLY_AVAILABILITY_BLOCKED
1970,3222-300,3222-300,3222-300,INSIZE | اینسایز,میکرومتر اینسایز (Insize) 300-50 میلی متر داخل سنج لوله‌ای مدل 300-3222,3222-300,,True,False,34200000.00,1,https://api.karzartools.com/static/uploads/products/1970/0171f8b357875673.jpg,انواع میکرومتر,YES,CURRENT_STILL_ONLY_AVAILABILITY_BLOCKED
1972,3222-600,3222-600,3222-600,INSIZE | اینسایز,ست میکرومتر لوله اینسایز (Insize) داخل سنج 600-50 میلی متر مدل 600-3222,3222-600,,True,False,46200000.00,1,https://api.karzartools.com/static/uploads/products/1972/0171f8b357875673.jpg,انواع میکرومتر,YES,CURRENT_STILL_ONLY_AVAILABILITY_BLOCKED
1973,3225-2100,3225-2100,3225-2100,INSIZE | اینسایز,میکرومتر اینسایز (Insize) 100-2100 میلی متر داخل سنج لوله‌ای مدل 2100-3225,3225-2100,,True,False,223500000.00,1,https://api.karzartools.com/static/uploads/products/1973/d4f4a9ddd8f6a9f2.jpg,انواع میکرومتر,YES,CURRENT_STILL_ONLY_AVAILABILITY_BLOCKED
1974,3227-100,3227-100,3227-100,INSIZE | اینسایز,میکرومتر اینسایز (Insize) 87-100 میلی متر داخل سه فک مدل 100-3227,3227-100,,True,False,95700000.00,1,https://api.karzartools.com/static/uploads/products/1974/868e45d6ba13ea41.jpg,انواع میکرومتر,YES,CURRENT_STILL_ONLY_AVAILABILITY_BLOCKED
1975,3227-123,3227-123,3227-123,INSIZE | اینسایز,میکرومتر اینسایز (Insize) 12-6 میلی متر داخل سنج سه فک مدل 123-3227,3227-123,,True,False,177600000.00,1,https://api.karzartools.com/static/uploads/products/1975/2557a43004c14426.jpg,انواع میکرومتر,YES,CURRENT_STILL_ONLY_AVAILABILITY_BLOCKED
1976,3227-125,3227-125,,INSIZE | اینسایز,میکرومتر اینسایز (Insize) 125-100 میلی متر داخل سنج سه فک مدل 125-3227,3227-125,,True,False,111000000.00,1,https://api.karzartools.com/static/uploads/products/1976/868e45d6ba13ea41.jpg,انواع میکرومتر,YES,CURRENT_STILL_ONLY_AVAILABILITY_BLOCKED
1977,3227-150,3227-150,3227-150,INSIZE | اینسایز,میکرومتر اینسایز (Insize) 150-125 میلی متر داخل سنج سه فک مدل 150-3227,3227-150,,True,False,132000000.00,1,https://api.karzartools.com/static/uploads/products/1977/868e45d6ba13ea41.jpg,انواع میکرومتر,YES,CURRENT_STILL_ONLY_AVAILABILITY_BLOCKED
1978,3227-175,3227-175,3227-175,INSIZE | اینسایز,میکرومتر اینسایز (Insize) 175-150 میلی متر داخل سنج سه فک مدل 175-3227,3227-175,,True,False,168600000.00,1,https://api.karzartools.com/static/uploads/products/1978/868e45d6ba13ea41.jpg,انواع میکرومتر,YES,CURRENT_STILL_ONLY_AVAILABILITY_BLOCKED
1979,3227-200,3227-200,3227-200,INSIZE | اینسایز,میکرومتر اینسایز (Insize) 200-175 میلی متر داخل سنج سه فک مدل 200-3227,3227-200,,True,False,201900000.00,1,https://api.karzartools.com/static/uploads/products/1979/868e45d6ba13ea41.jpg,انواع میکرومتر,YES,CURRENT_STILL_ONLY_AVAILABILITY_BLOCKED
1980,3227-202,3227-202,3227-202,INSIZE | اینسایز,میکرومتر اینسایز (Insize) 20-12 میلی متر داخل سنج سه فک مدل 202-3227,3227-202,,True,False,84600000.00,1,https://api.karzartools.com/static/uploads/products/1980/2557a43004c14426.jpg,انواع میکرومتر,YES,CURRENT_STILL_ONLY_AVAILABILITY_BLOCKED
1981,3227-504,3227-504,3227-504,INSIZE | اینسایز,میکرومتر اینسایز (Insize) 50-20 میلی متر داخل سنج سه فک مدل 504-3227,3227-504,,True,False,237900000.00,1,https://api.karzartools.com/static/uploads/products/1981/2557a43004c14426.jpg,انواع میکرومتر,YES,CURRENT_STILL_ONLY_AVAILABILITY_BLOCKED
1982,3232-100,3232-100,3232-100,INSIZE | اینسایز,میکرومتر اینسایز (Insize) 100-75 میلی متر نوک پیچ گوشتی مدل 100-3232,3232-100,,True,False,20036800.00,1,https://api.karzartools.com/static/uploads/products/1982/82946c50c462f5e0.jpg,انواع میکرومتر,YES,CURRENT_STILL_ONLY_AVAILABILITY_BLOCKED
1983,3240-100,3240-100,3240-100,INSIZE | اینسایز,عمق سنج میکرومتر اینسایز (Insize) 0-100 میلی متر مدل 100-3240,3240-100,,True,False,22380000.00,1,https://api.karzartools.com/static/uploads/products/1983/7eb2cebd7c649ea2.jpg,انواع میکرومتر,YES,CURRENT_STILL_ONLY_AVAILABILITY_BLOCKED
1984,3240-150,3240-150,3240-150,INSIZE | اینسایز,عمق سنج میکرومتر اینسایز (Insize) 0-150 میلی متر مدل 150-3240,3240-150,,True,False,26940000.00,1,https://api.karzartools.com/static/uploads/products/1984/7eb2cebd7c649ea2.jpg,انواع میکرومتر,YES,CURRENT_STILL_ONLY_AVAILABILITY_BLOCKED
1985,3240-300,3240-300,3240-300,INSIZE | اینسایز,میکرومتر اینسایز (Insize) 30 سانتی متر عمق سنج میله‌ای مدل 300-3240,3240-300,,True,False,39900000.00,1,https://api.karzartools.com/static/uploads/products/1985/7eb2cebd7c649ea2.jpg,انواع میکرومتر,YES,CURRENT_STILL_ONLY_AVAILABILITY_BLOCKED
1986,3282-100,3282-100,3282-100,INSIZE | اینسایز,میکرومتر اینسایز (Insize) 100-75 میلی متر دیسکی مدل 100-3282,3282-100,,True,False,30000000.00,1,https://api.karzartools.com/static/uploads/products/1986/94c610ac1e99db3f.jpg,انواع میکرومتر,YES,CURRENT_STILL_ONLY_AVAILABILITY_BLOCKED
1987,3290-153,3290-153,3290-153,INSIZE | اینسایز,میکرومتر اینسایز (Insize) 60 درجه جناغی مدل 153-3290,3290-153,,True,False,17684800.00,1,https://api.karzartools.com/static/uploads/products/1987/19304947d189e376.jpg,انواع میکرومتر,YES,CURRENT_STILL_ONLY_AVAILABILITY_BLOCKED
1990,3293-131,3293-131,3293-131,INSIZE | اینسایز,میکرومتر درب قوطی سوزنی اینسایز (Insize) 0-13 میلی‌ متر مدل 131-3293,3293-131,,True,False,26760000.00,1,https://api.karzartools.com/static/uploads/products/1990/52f7d0e5a515f89a.jpg,انواع میکرومتر,YES,CURRENT_STILL_ONLY_AVAILABILITY_BLOCKED
1991,3506-150,3506-150,3506-150,INSIZE | اینسایز,میکرومتر دیجیتال اینسایز (Insize) 150-0 میلی متر خارج سنج میله‌ای مدل 150-3506,3506-150,,True,False,25558400.00,1,https://api.karzartools.com/static/uploads/products/1991/7e6f58f30e46c414.jpg,انواع میکرومتر,YES,CURRENT_STILL_ONLY_AVAILABILITY_BLOCKED
1996,3520-100,3520-100,3520-100,INSIZE | اینسایز,میکرومتر دیجیتال اینسایز (Insize) 75-100 میلی متر داخل سنج مدل 100-3520,3520-100,,True,False,81600000.00,1,https://api.karzartools.com/static/uploads/products/1996/f074a5c0636f03e4.jpg,انواع میکرومتر,YES,CURRENT_STILL_ONLY_AVAILABILITY_BLOCKED
1997,3521-2000,3521-2000,3521-2000,INSIZE | اینسایز,میکرومتر داخل لوله ای اینسایز (Insize) 150-2000 میلیمتر دیجیتال مدل 2000-3521,3521-2000,,True,False,314400000.00,1,https://api.karzartools.com/static/uploads/products/1997/25f553a5eb1ddcc7.jpg,انواع میکرومتر,YES,CURRENT_STILL_ONLY_AVAILABILITY_BLOCKED
1998,3540-150,3540-150,3540-150,INSIZE | اینسایز,عمق سنج میله ای دیجیتال اینسایز (Insize) 0-150 میلی متر مدل 150-3540,3540-150,,True,False,61500000.00,1,https://api.karzartools.com/static/uploads/products/1998/713de87a39f1868d.jpg,انواع میکرومتر,YES,CURRENT_STILL_ONLY_AVAILABILITY_BLOCKED
1999,3540-300,3540-300,3540-300,INSIZE | اینسایز,عمق سنج میله ای دیجیتال 30 سانتی اینسایز (Insize) مدل 300-3540,3540-300,,True,False,110400000.00,1,https://api.karzartools.com/static/uploads/products/1999/713de87a39f1868d.jpg,انواع میکرومتر,YES,CURRENT_STILL_ONLY_AVAILABILITY_BLOCKED
2001,4100-187,4100-187,4100-187,INSIZE | اینسایز,گیج بلوک (راپورتر) 87 پارچه اینسایز (Insize) مدل 187-4100,4100-187,,True,False,117300000.00,1,https://api.karzartools.com/static/uploads/products/2001/19bd5b7cef2792a7.jpg,راپورتر(گیج بلوک-گیج بلاک),YES,CURRENT_STILL_ONLY_AVAILABILITY_BLOCKED
2002,4100-232,4100-232,4100-232,INSIZE | اینسایز,گیج بلوک (راپورتر) 32 پارچه اینسایز (Insize) مدل 232-4100,4100-232,,True,False,26730000.00,1,https://api.karzartools.com/static/uploads/products/2002/19bd5b7cef2792a7.jpg,راپورتر(گیج بلوک-گیج بلاک),YES,CURRENT_STILL_ONLY_AVAILABILITY_BLOCKED
2003,4100-247,4100-247,4100-247,INSIZE | اینسایز,گیج بلوک (راپورتر) 47 پارچه اینسایز (insize) مدل 247-4100,4100-247,,True,False,38400000.00,1,https://api.karzartools.com/static/uploads/products/2003/19bd5b7cef2792a7.jpg,راپورتر(گیج بلوک-گیج بلاک),YES,CURRENT_STILL_ONLY_AVAILABILITY_BLOCKED
2004,4100-287,4100-287,,INSIZE | اینسایز,گیج بلوک (راپورتر) 87 عددی اینسایز (Insize) مدل 287-4100,4100-287,,True,False,60900000.00,1,https://api.karzartools.com/static/uploads/products/2004/19bd5b7cef2792a7.jpg,راپورتر(گیج بلوک-گیج بلاک),YES,CURRENT_STILL_ONLY_AVAILABILITY_BLOCKED
2005,4141-400,4141-400,4141-400,INSIZE | اینسایز,گونیا گرانیتی اینسایز (Insize) 250×400mm مدل 400-4141,4141-400,,True,False,123000000.00,1,https://api.karzartools.com/static/uploads/products/2005/920ea31fb95290d8.jpg,متر,YES,CURRENT_STILL_ONLY_AVAILABILITY_BLOCKED
2010,4166-411,4166-411,4166-411,INSIZE | اینسایز,پین گیج 41 پارچه 5-1 میلی متری اینسایز (Insize) مدل 411-4166,4166-411,,True,False,40800000.00,1,https://api.karzartools.com/static/uploads/products/2010/276a133273f5b521.jpg,انواع گیج,YES,CURRENT_STILL_ONLY_AVAILABILITY_BLOCKED
2011,4166-511,4166-511,4166-511,INSIZE | اینسایز,پین گیج 51 پارچه 10-5 میلی متری اینسایز (Insize) مدل 511-4166,4166-511,,True,False,55200000.00,1,https://api.karzartools.com/static/uploads/products/2011/276a133273f5b521.jpg,انواع گیج,YES,CURRENT_STILL_ONLY_AVAILABILITY_BLOCKED
2012,4166-512,4166-512,4166-512,INSIZE | اینسایز,ست پین گیج اینسایز (Insize) 10 – 15 میلی متر 51 پارچه مدل 512-4166,4166-512,,True,False,90900000.00,1,https://api.karzartools.com/static/uploads/products/2012/276a133273f5b521.jpg,انواع گیج,YES,CURRENT_STILL_ONLY_AVAILABILITY_BLOCKED
2013,4166-513,4166-513,4166-513,INSIZE | اینسایز,پین گیج 51 پارچه 20-15 میلی متری اینسایز (Insize) مدل513-4166,4166-513,,True,False,144300000.00,1,https://api.karzartools.com/static/uploads/products/2013/276a133273f5b521.jpg,انواع گیج,YES,CURRENT_STILL_ONLY_AVAILABILITY_BLOCKED
2015,4605-202,4605-202,4605-202,INSIZE | اینسایز,فیلر 20 تیغه 30 سانتی متری اینسایز (Insize) مدل 202-4605,4605-202,,True,False,4620000.00,1,https://api.karzartools.com/static/uploads/products/2015/4b137a57dd55b143.jpg,ساعت اندیکاتور,YES,CURRENT_STILL_ONLY_AVAILABILITY_BLOCKED
2017,4700-200,4700-200,4700-200,INSIZE | اینسایز,خط کش مویی 20 سانتی اینسایز (insize) مدل 200-4700,4700-200,,True,False,10560000.00,1,https://api.karzartools.com/static/uploads/products/2017/bf71c04c324218e7.jpg,خط کش,YES,CURRENT_STILL_ONLY_AVAILABILITY_BLOCKED
2018,4707-300,4707-300,4707-300,INSIZE | اینسایز,گونیا صنعتی 30 سانتی اینسایز (Insize) مدل 300-4707,4707-300,,True,False,13470000.00,1,https://api.karzartools.com/static/uploads/products/2018/30428e6152483b71.jpg,گونیا,YES,CURRENT_STILL_ONLY_AVAILABILITY_BLOCKED
2019,4707-500,4707-500,4707-500,INSIZE | اینسایز,گونیا صنعتی 50 سانتی اینسایز (Insize) مدل 500-4707,4707-500,,True,False,32100000.00,1,https://api.karzartools.com/static/uploads/products/2019/30428e6152483b71.jpg,گونیا,YES,CURRENT_STILL_ONLY_AVAILABILITY_BLOCKED
2020,4745-1150,4745-1150,4745-1150,INSIZE | اینسایز,گونیا 45 درجه اینسایز (Insize) مدل 1150-4745,4745-1150,,True,False,9570000.00,1,https://api.karzartools.com/static/uploads/products/2020/54a5bb6d485a8d58.jpg,متر,YES,CURRENT_STILL_ONLY_AVAILABILITY_BLOCKED
2021,4745-1200,4745-1200,4745-1200,INSIZE | اینسایز,گونیا 45 درجه اینسایز (Insize) مدل 1200-4745,4745-1200,,True,False,13110000.00,1,https://api.karzartools.com/static/uploads/products/2021/54a5bb6d485a8d58.jpg,متر,YES,CURRENT_STILL_ONLY_AVAILABILITY_BLOCKED
2022,4796-100,4796-100,4796-100,INSIZE | اینسایز,گونیا صنعتی اینسایز (Insize) 70×100 میلیمتر کد 100-4796,4796-100,,True,False,2049000.00,1,https://api.karzartools.com/static/uploads/products/2022/e06100f575fd3ddf.jpg,انواع گیج,YES,CURRENT_STILL_ONLY_AVAILABILITY_BLOCKED
2023,4796-150,4796-150,4796-150,INSIZE | اینسایز,گونیا صنعتی اینسایز (Insize) 150×100 میلیمتر مدل 150-4796,4796-150,,True,False,2688000.00,1,https://api.karzartools.com/static/uploads/products/2023/e06100f575fd3ddf.jpg,انواع گیج,YES,CURRENT_STILL_ONLY_AVAILABILITY_BLOCKED
2024,4796-300,4796-300,4796-300,INSIZE | اینسایز,گونیا صنعتی اینسایز (Insize) 300×200 میلیمتر مدل 300-4796,4796-300,,True,False,9150000.00,1,https://api.karzartools.com/static/uploads/products/2024/e06100f575fd3ddf.jpg,گونیا,YES,CURRENT_STILL_ONLY_AVAILABILITY_BLOCKED
2025,4799-1120,4799-1120,4799-1120,INSIZE | اینسایز,زاویه سنج 15 سانتی اینسایز (Insize) مدل 1120-4799,4799-1120,,True,False,6690000.00,1,https://api.karzartools.com/static/uploads/products/2025/e2184aa6752f16b2.jpg,زاویه سنج,YES,CURRENT_STILL_ONLY_AVAILABILITY_BLOCKED
2030,4810-601,4810-601,4810-601,INSIZE | اینسایز,شابلون رنده 60 درجه اینسایز (Insize) مدل 601-4810,4810-601,,True,False,1203000.00,1,https://api.karzartools.com/static/uploads/products/2030/27143c8b22c551e5.jpg,انواع گیج,YES,CURRENT_STILL_ONLY_AVAILABILITY_BLOCKED
2031,4810-602,4810-602,4810-602,INSIZE | اینسایز,شابلون رنده 60 درجه اینسایز (Insize) مدل 602-4810,4810-602,,True,False,1380000.00,1,https://api.karzartools.com/static/uploads/products/2031/27143c8b22c551e5.jpg,انواع گیج,YES,CURRENT_STILL_ONLY_AVAILABILITY_BLOCKED
2032,4820-230,4820-230,4820-230,INSIZE | اینسایز,شابلون دنده 60 درجه اینسایز (Insize) مدل 230-4820,4820-230,,True,False,2688000.00,1,https://api.karzartools.com/static/uploads/products/2032/7d1696341a1818c9.jpg,انواع گیج,YES,CURRENT_STILL_ONLY_AVAILABILITY_BLOCKED
2033,4820-452,4820-452,4820-452,INSIZE | اینسایز,شابلون رزوه اینچ و میلیمتر 6 – 0.25 میلی متر اینسایز (insize) مدل 452-4820,4820-452,,True,False,2718000.00,1,https://api.karzartools.com/static/uploads/products/2033/7d1696341a1818c9.jpg,انواع گیج,YES,CURRENT_STILL_ONLY_AVAILABILITY_BLOCKED
2035,4860-212,4860-212,4860-212,INSIZE | اینسایز,شابلون دنده ای ذوزنقه ای اینسایز (Insize) مدل 212-4860,4860-212,,True,False,20130000.00,1,https://api.karzartools.com/static/uploads/products/2035/3875e1317ded5f7b.jpg,انواع گیج,YES,CURRENT_STILL_ONLY_AVAILABILITY_BLOCKED
2036,4860-245,4860-245,4860-245,INSIZE | اینسایز,شابلون مودول 20 درجه 4.5 – 0.35 میلی متر اینسایز (Insize) مدل 245-4860,4860-245,,True,False,27810000.00,1,https://api.karzartools.com/static/uploads/products/2036/3875e1317ded5f7b.jpg,انواع گیج,YES,CURRENT_STILL_ONLY_AVAILABILITY_BLOCKED
2037,4902-150,4902-150,4902-150,INSIZE | اینسایز,تراز چهار گوش اینسایز 15 سانتی (Insize) مدل 150-4902,4902-150,,True,False,39300000.00,1,https://api.karzartools.com/static/uploads/products/2037/e410cf086172a770.jpg,تراز صنعتی,YES,CURRENT_STILL_ONLY_AVAILABILITY_BLOCKED
2038,4902-200,4902-200,4902-200,INSIZE | اینسایز,تراز چهار گوش اینسایز 20 سانتی (Insize) مدل 200-4902,4902-200,,True,False,41100000.00,1,https://api.karzartools.com/static/uploads/products/2038/e410cf086172a770.jpg,تراز صنعتی,YES,CURRENT_STILL_ONLY_AVAILABILITY_BLOCKED
2039,4902-300,4902-300,4902-300,INSIZE | اینسایز,تراز صنعتی چهار گوش اینسایز (Insize) مدل 300-4902,4902-300,,True,False,63900000.00,1,https://api.karzartools.com/static/uploads/products/2039/e410cf086172a770.jpg,تراز صنعتی,YES,CURRENT_STILL_ONLY_AVAILABILITY_BLOCKED
2043,4910-400,4910-400,4910-400,INSIZE | اینسایز,شیب سنج دیجیتال اینسایز (Insize) 40 سانت مدل 400-4910,4910-400,,True,False,9690000.00,1,https://api.karzartools.com/static/uploads/products/2043/f9929ee97c52b8b9.jpg,انواع کولیس,YES,CURRENT_STILL_ONLY_AVAILABILITY_BLOCKED
2044,4910-600,4910-600,4910-600,INSIZE | اینسایز,شیب سنج دیجیتال اینسایز (Insize) 60 سانت مدل 600-4910,4910-600,,True,False,14640000.00,1,https://api.karzartools.com/static/uploads/products/2044/f9929ee97c52b8b9.jpg,انواع کولیس,YES,CURRENT_STILL_ONLY_AVAILABILITY_BLOCKED
2045,4911-600,4911-600,4911-600,INSIZE | اینسایز,تراز اینسایز (Insize) 60 سانت آلومینیومی (بدون مگنت) مدل 600-4911,4911-600,,True,False,6720000.00,1,https://api.karzartools.com/static/uploads/products/2045/51b470d239d2b3ab.jpg,تراز صنعتی,YES,CURRENT_STILL_ONLY_AVAILABILITY_BLOCKED
2048,4918-300,4918-300,4918-300,INSIZE | اینسایز,تراز اینسایز (Insize) 30 سانت مگنت دار مدل 300-4918,4918-300,,True,False,3330000.00,1,https://api.karzartools.com/static/uploads/products/2048/4e3bececfc6c8ecb.jpg,تراز صنعتی,YES,CURRENT_STILL_ONLY_AVAILABILITY_BLOCKED
2049,4918-600,4918-600,4918-600,INSIZE | اینسایز,تراز اینسایز (Insize) 60 سانت مگنت دار مدل 600-4918,4918-600,,True,False,3630000.00,1,https://api.karzartools.com/static/uploads/products/2049/4e3bececfc6c8ecb.jpg,تراز صنعتی,YES,CURRENT_STILL_ONLY_AVAILABILITY_BLOCKED
2064,6511-241,6511-241,6511-241,INSIZE | اینسایز,پارالل گیج اینسایز (Insize) مدل 241-6511,6511-241,,True,False,81600000.00,1,https://api.karzartools.com/static/uploads/products/2064/9084982cf4c7188a.jpg,انواع گیج,YES,CURRENT_STILL_ONLY_AVAILABILITY_BLOCKED
2066,6801-1201,6801-1201,6801-1201,INSIZE | اینسایز,وی بلوک مگنتی اینسایز (Insize) 95*70*80 میلیمتر مدل 1201-6801,6801-1201,,True,False,29610000.00,1,https://api.karzartools.com/static/uploads/products/2066/8600b044f914889d.jpg,انواع میکرومتر,YES,CURRENT_STILL_ONLY_AVAILABILITY_BLOCKED
2067,6801-1202,6801-1202,6801-1202,INSIZE | اینسایز,وی بلوک مگنتی اینسایز (Insize) 95*70*100 میلیمتر مدل 1202-6801,6801-1202,,True,False,32400000.00,1,https://api.karzartools.com/static/uploads/products/2067/8600b044f914889d.jpg,انواع میکرومتر,YES,CURRENT_STILL_ONLY_AVAILABILITY_BLOCKED
2068,6862-1002,6862-1002,6862-1002,INSIZE | اینسایز,پایه ساعت اینسایز (Insize) مدل 1002-6862,6862-1002,,True,False,80100000.00,1,https://api.karzartools.com/static/uploads/products/2068/b5cf83d2913b4296.jpg,ساعت اندیکاتور,YES,CURRENT_STILL_ONLY_AVAILABILITY_BLOCKED
2069,6866-150,6866-150,6866-150,INSIZE | اینسایز,پایه ساعت گرانیتی اینسایز (Insize) مدل 150-6866,6866-150,,True,False,113700000.00,1,https://api.karzartools.com/static/uploads/products/2069/5baac0b4ca715fb2.jpg,ساعت اندیکاتور,YES,CURRENT_STILL_ONLY_AVAILABILITY_BLOCKED
2071,6900-132,6900-132,6900-132,INSIZE | اینسایز,صفحه صافی گرانیتی اینسایز (Insize) مدل 132-6900,6900-132,,True,False,30300000.00,1,https://api.karzartools.com/static/uploads/products/2071/ffdc1aad6da9a905.jpg,انواع کولیس,YES,CURRENT_STILL_ONLY_AVAILABILITY_BLOCKED
2072,6900-142,6900-142,6900-142,INSIZE | اینسایز,صفحه صافی گرانیتی اینسایز (Insize) 250-400 میلی‌ متر مدل 142-6900,6900-142,,True,False,41400000.00,1,https://api.karzartools.com/static/uploads/products/2072/ffdc1aad6da9a905.jpg,انواع کولیس,YES,CURRENT_STILL_ONLY_AVAILABILITY_BLOCKED
2073,6900-153,6900-153,6900-153,INSIZE | اینسایز,صفحه صافی گرانیت 70*315*500 میلی متری اینسایز (insize) مدل 153-6900,6900-153,,True,False,81000000.00,1,https://api.karzartools.com/static/uploads/products/2073/ffdc1aad6da9a905.jpg,انواع کولیس,YES,CURRENT_STILL_ONLY_AVAILABILITY_BLOCKED
2074,6900-164,6900-164,6900-164,INSIZE | اینسایز,صفحه صافی گرانیت 80*400*630 میلی متری اینسایز (insize) مدل 164-6900,6900-164,,True,False,100500000.00,1,https://api.karzartools.com/static/uploads/products/2074/ffdc1aad6da9a905.jpg,انواع کولیس,YES,CURRENT_STILL_ONLY_AVAILABILITY_BLOCKED
2075,6900-185,6900-185,6900-185,INSIZE | اینسایز,صفحه صافی گرانیت 100*500*800 میلی متری اینسایز (insize) مدل 185-6900,6900-185,,True,False,187200000.00,1,https://api.karzartools.com/static/uploads/products/2075/ffdc1aad6da9a905.jpg,انواع کولیس,YES,CURRENT_STILL_ONLY_AVAILABILITY_BLOCKED
2077,7110-150,7110-150,,INSIZE | اینسایز,خط کش فلزی 15 سانتی اینسایز (Insize) مدل 150-7110,7110-150,,True,False,423000.00,1,https://api.karzartools.com/static/uploads/products/2077/969ada380b64c8c5.jpg,خط کش,YES,CURRENT_STILL_ONLY_AVAILABILITY_BLOCKED
2078,7110-200,7110-200,,INSIZE | اینسایز,خط کش فلزی 20 سانتی اینسایز (Insize) مدل 200-7110,7110-200,,True,False,621000.00,1,https://api.karzartools.com/static/uploads/products/2078/969ada380b64c8c5.jpg,خط کش,YES,CURRENT_STILL_ONLY_AVAILABILITY_BLOCKED
2079,7110-300,7110-300,,INSIZE | اینسایز,خط کش فلزی 30 سانتی اینسایز (Insize) مدل 300-7110,7110-300,,True,False,759000.00,1,https://api.karzartools.com/static/uploads/products/2079/969ada380b64c8c5.jpg,خط کش,YES,CURRENT_STILL_ONLY_AVAILABILITY_BLOCKED
2084,7114-950,7114-950,7114-950,INSIZE | اینسایز,سیرکومتر قطر لوله 20 - 300 — 0-950mm,7114-950,,True,False,4230000.00,1,https://api.karzartools.com/static/uploads/products/2084/7151e9cf0f8c17eb.jpg,متر,YES,CURRENT_STILL_ONLY_AVAILABILITY_BLOCKED
2088,7205-200,7205-200,7205-200,INSIZE | اینسایز,گونیا مرکز یاب اینسایز (Insize) مدل 200-7205,7205-200,,True,False,21450000.00,1,https://api.karzartools.com/static/uploads/products/2088/07836d95e5d6d577.jpg,زاویه سنج,YES,CURRENT_STILL_ONLY_AVAILABILITY_BLOCKED
2098,7350-160,7350-160,7350-160,INSIZE | اینسایز,ست رابط گیج داخل سیلندر 160-50 میلی متری اینسایز (Insize) مدل 160-7350,7350-160,,True,False,8190000.00,1,https://api.karzartools.com/static/uploads/products/2098/6e86fe0215d6c0ec.jpg,گیج داخل سیلندر,YES,CURRENT_STILL_ONLY_AVAILABILITY_BLOCKED
2100,8601-100,8601-100,8601-100,INSIZE | اینسایز,ترازو دیجیتال اینسایز (Insize) 0.1-100g مدل 100-8601,8601-100,,True,False,1064000.00,1,https://api.karzartools.com/static/uploads/products/2100/c921f7d6d86f3220.jpg,تراز صنعتی,YES,CURRENT_STILL_ONLY_AVAILABILITY_BLOCKED
2104,9351-130,9351-130,9351-130,INSIZE | اینسایز,صوت سنج دیجیتالی اینسایز (Insize) 30 – 130 دسی بل مدل 130-9351,9351-130,,True,False,22780800.00,1,https://api.karzartools.com/static/uploads/products/2104/fefe73327bfeb435.jpg,متر,YES,CURRENT_STILL_ONLY_AVAILABILITY_BLOCKED
2105,9721-250,9721-250,9721-250,INSIZE | اینسایز,تستر ولتاژ دیجیتالی اینسایز (Insize) مدل 250-9721,9721-250,,True,False,1119000.00,1,https://api.karzartools.com/static/uploads/products/2105/e238e6f4bb9f216b.jpg,متر,YES,CURRENT_STILL_ONLY_AVAILABILITY_BLOCKED
2353,103-147,103-147,,Mitutoyo | میتوتویو,میکرومتر ورنیه میتوتویو 275-250 میلی‌متر مدل 147-103,میکرومتر-ورنیه-میتوتویو-275-250-میلیمتر-مدل-147-103,,True,False,42804000.00,1,https://api.karzartools.com/static/uploads/products/2353/b9bb689a7129ce8a.webp,انواع میکرومتر,YES,CURRENT_STILL_ONLY_AVAILABILITY_BLOCKED
3292,AST-PRO/T65,AST-PRO/T65,,ASTPOWER | ای اس تی پاور,دستگاه دریل مگنت قلاویز زن دیمردار PRO/T65,دستگاه-دریل-مگنت-قلاویز-زن-دیمردار-prot65,,True,False,244200000.00,1,https://api.karzartools.com/static/uploads/products/3292/5e23d41005baaa21.webp,دستگاه دریل مگنت,YES,CURRENT_STILL_ONLY_AVAILABILITY_BLOCKED
3293,AST-PRO/T150,AST-PRO/T150,,ASTPOWER | ای اس تی پاور,دستگاه دریل مگنت قلاویز زن دیمردار PRO/T150,دستگاه-دریل-مگنت-قلاویز-زن-دیمردار-prot150,,True,False,413820000.00,1,https://api.karzartools.com/static/uploads/products/3293/c8f16164a9518a7f.webp,دستگاه دریل مگنت,YES,CURRENT_STILL_ONLY_AVAILABILITY_BLOCKED
3303,AST-BS2-8,AST-BS2-8,,ASTPOWER | ای اس تی پاور,تایکوپ BS2 برند AST Power,تایکوپ-bs2-برند-ast-power,,True,False,241032000.00,1,https://api.karzartools.com/static/uploads/products/3303/2426fef62db4c48a.webp,صفحه گردان,YES,CURRENT_STILL_ONLY_AVAILABILITY_BLOCKED
3331,AST-SPARK3000,AST-SPARK3000,,ASTPOWER | ای اس تی پاور,دستگاه اسپارک AST SP3000,دستگاه-اسپارک-ast-sp3000,,True,False,547011960.00,1,https://api.karzartools.com/static/uploads/products/3331/0324d86d32a90265.webp,دستگاه اسپارک پرتابل,YES,CURRENT_STILL_ONLY_AVAILABILITY_BLOCKED
3332,AST-SPARK600,AST-SPARK600,,ASTPOWER | ای اس تی پاور,دستگاه اسپارک AST SP600,دستگاه-اسپارک-ast-sp600,,True,False,190901700.00,1,https://api.karzartools.com/static/uploads/products/3332/30835cea036f7ccc.webp,دستگاه اسپارک پرتابل,YES,CURRENT_STILL_ONLY_AVAILABILITY_BLOCKED
3349,AST-PRO/T100,AST-PRO/T100,,ASTPOWER | ای اس تی پاور,دستگاه دریل مگنت قلاویز زن دیمردار PRO/T100,دستگاه-دریل-مگنت-قلاویز-زن-دیمردار-prot100,,True,False,360676800.00,1,https://api.karzartools.com/static/uploads/products/3349/a54a4d921ad20753.webp,دستگاه دریل مگنت,YES,CURRENT_STILL_ONLY_AVAILABILITY_BLOCKED
3350,AST-COR80,AST-COR80,,ASTPOWER | ای اس تی پاور,دستگاه کُرگیری 80 پرومکس – (کُردریل – CORE DRILL),دستگاه-کرگیری-80-پرومکس-کردریل-core-drill,,True,False,109718400.00,1,https://api.karzartools.com/static/uploads/products/3350/9cdccf0711e4fd54.webp,دستگاه کُر گیری (کُر دریل),YES,CURRENT_STILL_ONLY_AVAILABILITY_BLOCKED
3351,AST-COR355P,AST-COR355P,,ASTPOWER | ای اس تی پاور,دستگاه کُرگیری 355 پرومکس – (کُردریل – CORE DRILL),دستگاه-کرگیری-355-پرومکس-کردریل-core-drill,,True,False,206665800.00,1,https://api.karzartools.com/static/uploads/products/3351/473355481a4001b9.webp,دستگاه کُر گیری (کُر دریل),YES,CURRENT_STILL_ONLY_AVAILABILITY_BLOCKED
3352,AST-COR255P,AST-COR255P,,ASTPOWER | ای اس تی پاور,دستگاه کُرگیری 255 پرومکس – (کُردریل – CORE DRILL),دستگاه-کرگیری-255-پرومکس-کردریل-core-drill,,True,False,147668400.00,1,https://api.karzartools.com/static/uploads/products/3352/537b36ac44471468.webp,دستگاه کُر گیری (کُر دریل),YES,CURRENT_STILL_ONLY_AVAILABILITY_BLOCKED
3353,TU-TCOR205,TU-TCOR205,,ASTPOWER | ای اس تی پاور,دستگاه کُرگیری 205 توربوکات – (کُردریل – CORE DRILL),دستگاه-کرگیری-205-توربوکات-کردریل-core-drill,,True,False,80163600.00,1,https://api.karzartools.com/static/uploads/products/3353/923c9052e2c915f4.webp,دستگاه کُر گیری (کُر دریل),YES,CURRENT_STILL_ONLY_AVAILABILITY_BLOCKED
3354,TU-TCOR305,TU-TCOR305,,ASTPOWER | ای اس تی پاور,دستگاه کُرگیری 305 توربوکات – (کُردریل – CORE DRILL),دستگاه-کرگیری-305-توربوکات-کردریل-core-drill,,True,False,143418000.00,1,https://api.karzartools.com/static/uploads/products/3354/d63e8005b8287bfd.webp,دستگاه کُر گیری (کُر دریل),YES,CURRENT_STILL_ONLY_AVAILABILITY_BLOCKED
3355,TU-TCOR255,TU-TCOR255,,ASTPOWER | ای اس تی پاور,دستگاه کُرگیری 255 توربوکات – (کُردریل – CORE DRILL),دستگاه-کرگیری-255-توربوکات-کردریل-core-drill,,True,False,97072800.00,1,https://api.karzartools.com/static/uploads/products/3355/5b97a95a002daac6.webp,دستگاه کُر گیری (کُر دریل),YES,CURRENT_STILL_ONLY_AVAILABILITY_BLOCKED
3356,TU-TCOR355,TU-TCOR355,,ASTPOWER | ای اس تی پاور,دستگاه کُرگیری 355 توربوکات – (کُردریل – CORE DRILL),دستگاه-کرگیری-355-توربوکات-کردریل-core-drill,,True,False,166610400.00,1,https://api.karzartools.com/static/uploads/products/3356/d5ca9e5950350d1d.webp,دستگاه کُر گیری (کُر دریل),YES,CURRENT_STILL_ONLY_AVAILABILITY_BLOCKED
3361,TU-D13E12,TU-D13E12,,ASTPOWER | ای اس تی پاور,دستگاه مته تیز کن و فرز تیز کن TU-D13E12 توربوکات,دستگاه-مته-تیز-کن-و-فرز-تیز-کن-tu-d13e12-توربوکات,,True,False,193820220.00,1,https://api.karzartools.com/static/uploads/products/3361/afadd9b96f214d13.webp,دستگاه ابزار تیزکن,YES,CURRENT_STILL_ONLY_AVAILABILITY_BLOCKED
3374,AST-COR100,AST-COR100,,ASTPOWER | ای اس تی پاور,دستگاه کُرگیری 100 پرومکس – (کُردریل – CORE DRILL),دستگاه-کرگیری-100-پرومکس-کردریل-core-drill,,True,False,122364000.00,1,https://api.karzartools.com/static/uploads/products/3374/3edc15adc4a25012.webp,دستگاه کُر گیری (کُر دریل),YES,CURRENT_STILL_ONLY_AVAILABILITY_BLOCKED
3429,FB620,FB620,,ASTPOWER | ای اس تی پاور,سنگ SDC فرز تیز کن FB620 دستگاه چپ ASTPOWER,سنگ-sdc-فرز-تیز-کن-fb620-دستگاه-چپ-astpower,,True,False,20832000.00,1,https://api.karzartools.com/static/uploads/products/3429/cca547be3cdcb0df.webp,دستگاه ابزار تیزکن,YES,CURRENT_STILL_ONLY_AVAILABILITY_BLOCKED
3431,FTV313,FTV313,,ASTPOWER | ای اس تی پاور,سنگ SDC فرز تیز کن مناسب فرز کارباید دستگاه FTV313 سایز 4 تا 5 میلی متر ASTPOWER,سنگ-sdc-فرز-تیز-کن-مناسب-فرز-کارباید-دستگاه-ftv313-سایز-4-تا-5-میلی-متر-astpower,,True,False,19800000.00,1,https://api.karzartools.com/static/uploads/products/3431/e7786669e41cf51c.webp,دستگاه ابزار تیزکن,YES,CURRENT_STILL_ONLY_AVAILABILITY_BLOCKED
3438,TS20,TS20,,ASTPOWER | ای اس تی پاور,سنگ SDC مناسب قلاويز کارباید تيز كن دستگاه – TS20 ASTPOWER,سنگ-sdc-مناسب-قلاويز-کارباید-تيز-كن-دستگاه-ts20-astpower,,True,False,173184000.00,1,https://api.karzartools.com/static/uploads/products/3438/7722bd004d55b512.webp,دستگاه ابزار تیزکن,YES,CURRENT_STILL_ONLY_AVAILABILITY_BLOCKED
3439,TS42,TS42,,ASTPOWER | ای اس تی پاور,سنگ SDC مناسب قلاويز کارباید تيز كن دستگاه – TS42 ASTPOWER,سنگ-sdc-مناسب-قلاويز-کارباید-تيز-كن-دستگاه-ts42-astpower,,True,False,33432000.00,1,https://api.karzartools.com/static/uploads/products/3439/336cbf4ccb5a5dc6.webp,دستگاه ابزار تیزکن,YES,CURRENT_STILL_ONLY_AVAILABILITY_BLOCKED
3468,1201-1003,1201-1003,1201-1003,INSIZE | اینسایز,کولیس اینسایز (Insize) 10 سانتی متر مدل 1003-1201,کولیس-اینسایز-insize-10-سانتی-متر-مدل-1003-1201,,True,False,5010000.00,1,https://api.karzartools.com/static/uploads/products/3468/acdba24aaacfc906.jpg,متر,YES,CURRENT_STILL_ONLY_AVAILABILITY_BLOCKED
3470,1205-1502,1205-1502,1205-1502,INSIZE | اینسایز,کولیس اینسایز (Insize) 15 سانتی متر مدل 1502-1205,کولیس-اینسایز-insize-15-سانتی-متر-مدل-1502-1205,,True,False,5073600.00,1,https://api.karzartools.com/static/uploads/products/3470/f29a289857aff256.jpg,متر,YES,CURRENT_STILL_ONLY_AVAILABILITY_BLOCKED
3483,2308-10,2308-10,2308-10,INSIZE | اینسایز,ساعت اندیکاتور اینسایز (Insize) مدل 10-2308,ساعت-اندیکاتور-اینسایز-insize-مدل-10-2308,,True,False,4972800.00,1,https://api.karzartools.com/static/uploads/products/3483/d02c1ff0e25e8fba.jpg,ساعت اندیکاتور,YES,CURRENT_STILL_ONLY_AVAILABILITY_BLOCKED
3512,2364-1,2364-1,2364-1,INSIZE | اینسایز,ضخامت سنج ساعتی 1 میلی متری اینسایز (Insize) مدل 1-2364,ضخامت-سنج-ساعتی-1-میلی-متری-اینسایز-insize-مدل-1-2364,,True,False,31500000.00,1,https://api.karzartools.com/static/uploads/products/3512/9aed9e092b280d47.jpg,فیلر,YES,CURRENT_STILL_ONLY_AVAILABILITY_BLOCKED
3550,3109-25,3109-25,3109-25,INSIZE | اینسایز,میکرومتر دیجیتال اینسایز (Insize) 25-0 میلی متر خارج سنج مدل 25-3109,میکرومتر-دیجیتال-اینسایز-insize-25-0-میلی-متر-خارج-سنج-مدل-25-3109,,True,False,11054400.00,1,https://api.karzartools.com/static/uploads/products/3550/c19c0722a184e7e1.jpg,متر,YES,CURRENT_STILL_ONLY_AVAILABILITY_BLOCKED
3556,3203-25,3203-25,3203-25,INSIZE | اینسایز,میکرومتر اینسایز (Insize) 25-0 میلی متر خارج سنج 0.01 مدل 25-3203,میکرومتر-اینسایز-insize-25-0-میلی-متر-خارج-سنج-001-مدل-25-3203,,True,False,4636800.00,1,https://api.karzartools.com/static/uploads/products/3556/fc5738b30210c3ea.jpg,متر,YES,CURRENT_STILL_ONLY_AVAILABILITY_BLOCKED
3570,4621-80,4621-80,4621-80,INSIZE | اینسایز,فیلر نواری 5 متری 0.80mm اینسایز (Insize) مدل 80-4621,فیلر-نواری-5-متری-080mm-اینسایز-insize-مدل-80-4621,,True,False,5310000.00,1,https://api.karzartools.com/static/uploads/products/3570/6afbd82ad0b6a257.jpg,فیلر,YES,CURRENT_STILL_ONLY_AVAILABILITY_BLOCKED
3606,7114-2200,7114-2200,7114-2200,INSIZE | اینسایز,سیرکومتر 700-300 میلی متر اینسایز (Insize) مدل 2200-7114,سیرکومتر-700-300-میلی-متر-اینسایز-insize-مدل-2200-7114,,True,False,5190000.00,1,https://api.karzartools.com/static/uploads/products/3606/7151e9cf0f8c17eb.jpg,متر,YES,CURRENT_STILL_ONLY_AVAILABILITY_BLOCKED
3618,2310-30,2310-30,2310-30,INSIZE | اینسایز,ساعت اندیکاتور کورس 30 میلی متر اینسایز (Insize) مدل 30-2310,ساعت-اندیکاتور-کورس-30-میلی-متر-اینسایز-insize-مدل-30-2310,,True,False,12432000.00,1,https://api.karzartools.com/static/uploads/products/3618/1843120ef16198db.jpg,ساعت اندیکاتور,YES,CURRENT_STILL_ONLY_AVAILABILITY_BLOCKED
3620,2313-1,2313-1,,INSIZE | اینسایز,ساعت اندیکاتور کورس 1 میلی متری اینسایز (Insize) مدل 1-2313,ساعت-اندیکاتور-کورس-1-میلی-متری-اینسایز-insize-مدل-1-2313,,True,False,12364800.00,1,https://api.karzartools.com/static/uploads/products/3620/d4c11191732105cc.jpg,ساعت اندیکاتور,YES,CURRENT_STILL_ONLY_AVAILABILITY_BLOCKED
3657,4605-20,4605-20,4605-20,INSIZE | اینسایز,فیلر 20 تیغه 15 سانتی متری اینسایز (Insize) مدل 20-4605,فیلر-20-تیغه-15-سانتی-متری-اینسایز-insize-مدل-20-4605,,True,False,2439000.00,1,https://api.karzartools.com/static/uploads/products/3657/4b137a57dd55b143.jpg,فیلر,YES,CURRENT_STILL_ONLY_AVAILABILITY_BLOCKED
3667,4801-16,4801-16,,INSIZE | اینسایز,شابلون شعاع سنج 15-7.5 میلی متری اینسایز (Insize) مدل 16-4801,شابلون-شعاع-سنج-15-75-میلی-متری-اینسایز-insize-مدل-16-4801,,True,False,2760000.00,1,https://api.karzartools.com/static/uploads/products/3667/38f88805f01edd88.jpg,شابلون,YES,CURRENT_STILL_ONLY_AVAILABILITY_BLOCKED
3695,ISH-SAM,ISH-SAM,,INSIZE | اینسایز,سختی سنج لاستیک A اینسایز (Insize) مدل ISH-SAM,سختی-سنج-لاستیک-a-اینسایز-insize-مدل-ish-sam,,True,False,25470000.00,1,https://api.karzartools.com/static/uploads/products/3695/b02895557b735547.jpg,سختی سنج,YES,CURRENT_STILL_ONLY_AVAILABILITY_BLOCKED
3697,ISH-SDM,ISH-SDM,,INSIZE | اینسایز,سختی سنج پلاستیک D اینسایز (Insize) مدل ISH-SDM,سختی-سنج-پلاستیک-d-اینسایز-insize-مدل-ish-sdm,,True,False,43500000.00,1,https://api.karzartools.com/static/uploads/products/3697/ba163470cca29c90.jpg,سختی سنج,YES,CURRENT_STILL_ONLY_AVAILABILITY_BLOCKED
3702,HDT-LP200B,HDT-LP200B,,INSIZE | اینسایز,سختی سنج فلزات اینسایز (Insize) مدل HDT-LP200B,سختی-سنج-فلزات-اینسایز-insize-مدل-hdt-lp200b,,True,False,163800000.00,1,https://api.karzartools.com/static/uploads/products/3702/5858f70193989cf7.jpg,سختی سنج,YES,CURRENT_STILL_ONLY_AVAILABILITY_BLOCKED
3705,ISM-PM200SA,ISM-PM200SA,,INSIZE | اینسایز,میکروسکوپ دیجیتال اینسایز (Insize) مدل ISM-PM200SA,میکروسکوپ-دیجیتال-اینسایز-insize-مدل-ism-pm200sa,,True,False,64500000.00,1,https://api.karzartools.com/static/uploads/products/3705/abac617bda5e8cd1.jpg,انواع کولیس,YES,CURRENT_STILL_ONLY_AVAILABILITY_BLOCKED
3706,ISM-PM200SB,ISM-PM200SB,,INSIZE | اینسایز,میکروسکوپ دیجیتال اینسایز (Insize) مدل ISM-PM200SB,میکروسکوپ-دیجیتال-اینسایز-insize-مدل-ism-pm200sb,,True,False,66900000.00,1,https://api.karzartools.com/static/uploads/products/3706/abac617bda5e8cd1.jpg,انواع کولیس,YES,CURRENT_STILL_ONLY_AVAILABILITY_BLOCKED
3718,6566-3,6566-3,6566-3,INSIZE | اینسایز,تاچ پراب یا مرکز یاب نوری/ بوقی الکترونیکی اینسایز (Insize) مدل 3-6566,تاچ-پراب-یا-مرکز-یاب-نوری-بوقی-الکترونیکی-اینسایز-insize-مدل-3-6566,,True,False,24060000.00,1,https://api.karzartools.com/static/uploads/products/3718/807414ce230a6410.jpg,انواع کولیس,YES,CURRENT_STILL_ONLY_AVAILABILITY_BLOCKED
3802,6282-1203,6282-1203,6282-1203,INSIZE | اینسایز,پراب سرتخت اینسایز (Insize) مدل 1203-6282,پراب-سرتخت-اینسایز-insize-مدل-1203-6282,,True,False,7320000.00,1,https://api.karzartools.com/static/uploads/products/3802/1ab0a144cfba3c9c.jpg,ساعت شیطانکی,YES,CURRENT_STILL_ONLY_AVAILABILITY_BLOCKED
3820,7230,7230,,INSIZE | اینسایز,سوزن خط کش فلزی اینسایز (INSIZE) مدل 7230,سوزن-خط-کش-فلزی-اینسایز-insize-مدل-7230,,True,False,1188000.00,1,https://api.karzartools.com/static/uploads/products/3820/d02c1ff0e25e8fba.jpg,خط کش,YES,CURRENT_STILL_ONLY_AVAILABILITY_BLOCKED
3828,HDT-LP200,HDT-LP200,,INSIZE | اینسایز,سختی سنج فلزات اینسایز (Insize) مدل HDT-LP200,سختی-سنج-فلزات-اینسایز-insize-مدل-hdt-lp200,,True,False,96600000.00,1,https://api.karzartools.com/static/uploads/products/3828/5858f70193989cf7.jpg,سختی سنج,YES,CURRENT_STILL_ONLY_AVAILABILITY_BLOCKED
3833,ISH-STAC,ISH-STAC,,INSIZE | اینسایز,پایه سختی سنج اینسایز (Insize) مدل ISH-STAC,پایه-سختی-سنج-اینسایز-insize-مدل-ish-stac,,True,False,68700000.00,1,https://api.karzartools.com/static/uploads/products/3833/e579e79433bcc7ff.jpg,سختی سنج,YES,CURRENT_STILL_ONLY_AVAILABILITY_BLOCKED
3834,ISH-STD,ISH-STD,,INSIZE | اینسایز,پایه سختی سنج اینسایز (Insize) مدل ISH-STD,پایه-سختی-سنج-اینسایز-insize-مدل-ish-std,,True,False,85800000.00,1,https://api.karzartools.com/static/uploads/products/3834/e579e79433bcc7ff.jpg,سختی سنج,YES,CURRENT_STILL_ONLY_AVAILABILITY_BLOCKED
3839,ISU-100D,ISU-100D,,INSIZE | اینسایز,ضخامت سنج لوله دیجیتال التراسونیک اینسایز (Insize) مدل ISU-100D,ضخامت-سنج-لوله-دیجیتال-التراسونیک-اینسایز-insize-مدل-isu-100d,,True,False,117000000.00,1,https://api.karzartools.com/static/uploads/products/3839/c6209f100472e277.jpg,فیلر,YES,CURRENT_STILL_ONLY_AVAILABILITY_BLOCKED
3907,1205-300S,1205-300S,1205-300S,INSIZE | اینسایز,کولیس استنلس استیل معمولی اینسایز (Insize) 30 سانت مدل 300S-1205,کولیس-استنلس-استیل-معمولی-اینسایز-insize-30-سانت-مدل-300s-1205,,True,False,16500000.00,1,https://api.karzartools.com/static/uploads/products/3907/caef02642a0bd97e.jpg,انواع کولیس,YES,CURRENT_STILL_ONLY_AVAILABILITY_BLOCKED
4094,7515-10,7515-10,7515-10,INSIZE | اینسایز,ذره بین تاشو 10X چراغ دار اینسایز (Insize) مدل 10-7515,ذره-بین-تاشو-10x-چراغ-دار-اینسایز-insize-مدل-10-7515,,True,False,2142000.00,1,https://api.karzartools.com/static/uploads/products/4094/09062ca1eeb11ff9.jpg,انواع کولیس,YES,CURRENT_STILL_ONLY_AVAILABILITY_BLOCKED
4115,9315-CF210,9315-CF210,9315-CF210,INSIZE | اینسایز,آمپرمتر کلمپی اینسایز (Insize) مدل 9315-CF210,آمپرمتر-کلمپی-اینسایز-insize-مدل-9315-cf210,,True,False,18990000.00,1,https://api.karzartools.com/static/uploads/products/4115/e17c14f57e750b0b.jpg,متر,YES,CURRENT_STILL_ONLY_AVAILABILITY_BLOCKED
4140,5042,5042,,INSIZE | اینسایز,ست ابزار دقیق 4 پارچه اینسایز(insize) مدل 5042,ست-ابزار-دقیق-4-پارچه-اینسایزinsize-با-گارانتی-شرکتی-مدل-5042,,True,False,25080000.00,1,https://api.karzartools.com/static/uploads/products/4140/b747c9b437aa6421.jpg,انواع کولیس,YES,CURRENT_STILL_ONLY_AVAILABILITY_BLOCKED
4185,SO-13637,SO-13637,,SAN OU | سانو,DEAD CENTER D113 003014 سانو (SAN OU),dead-center-d113-003014-سانو-san-ou,,True,False,1426800.00,1,https://api.karzartools.com/static/uploads/products/4185/a1e0d9d2e819b48e.webp,مرغک مورس,YES,CURRENT_STILL_ONLY_AVAILABILITY_BLOCKED
4186,SO-13638,SO-13638,,SAN OU | سانو,DEAD CENTER D114 003015 سانو (SAN OU),dead-center-d114-003015-سانو-san-ou,,True,False,1760400.00,1,https://api.karzartools.com/static/uploads/products/4186/a1e0d9d2e819b48e.webp,مرغک مورس,YES,CURRENT_STILL_ONLY_AVAILABILITY_BLOCKED
4187,SO-13639,SO-13639,,SAN OU | سانو,DEAD CENTER D115 003016 سانو (SAN OU),dead-center-d115-003016-سانو-san-ou,,True,False,3360000.00,1,https://api.karzartools.com/static/uploads/products/4187/a1e0d9d2e819b48e.webp,مرغک مورس,YES,CURRENT_STILL_ONLY_AVAILABILITY_BLOCKED
4251,SO-13605,SO-13605,,SAN OU | سانو,دنباله سه نظام مته مدل مورس MS1-B12 001002 سانو (SAN OU),دنباله-سه-نظام-مته-مدل-مورس-ms1-b12-001002-سانو-san-ou,,True,False,574800.00,1,https://api.karzartools.com/static/uploads/products/4251/36e551fccca7e3a0.webp,سه نظام و لوازم جانبی,YES,CURRENT_STILL_ONLY_AVAILABILITY_BLOCKED
4252,SO-13606,SO-13606,,SAN OU | سانو,دنباله سه نظام مته مدل مورس MS1-B16 001003 سانو (SAN OU),دنباله-سه-نظام-مته-مدل-مورس-ms1-b16-001003-سانو-san-ou,,True,False,601200.00,1,https://api.karzartools.com/static/uploads/products/4252/36e551fccca7e3a0.webp,سه نظام و لوازم جانبی,YES,CURRENT_STILL_ONLY_AVAILABILITY_BLOCKED
4253,SO-13607,SO-13607,,SAN OU | سانو,دنباله سه نظام مته مدل مورس MS1-B18 001004 سانو (SAN OU),دنباله-سه-نظام-مته-مدل-مورس-ms1-b18-001004-سانو-san-ou,,True,False,626400.00,1,https://api.karzartools.com/static/uploads/products/4253/36e551fccca7e3a0.webp,سه نظام و لوازم جانبی,YES,CURRENT_STILL_ONLY_AVAILABILITY_BLOCKED
4254,SO-13608,SO-13608,,SAN OU | سانو,دنباله سه نظام مته مدل مورس MS1-JT0 001005 سانو (SAN OU),دنباله-سه-نظام-مته-مدل-مورس-ms1-jt0-001005-سانو-san-ou,,True,False,546000.00,1,https://api.karzartools.com/static/uploads/products/4254/36e551fccca7e3a0.webp,سه نظام و لوازم جانبی,YES,CURRENT_STILL_ONLY_AVAILABILITY_BLOCKED
4255,SO-13609,SO-13609,,SAN OU | سانو,دنباله سه نظام مته مدل مورس MS1-JT1 001006 سانو (SAN OU),دنباله-سه-نظام-مته-مدل-مورس-ms1-jt1-001006-سانو-san-ou,,True,False,574800.00,1,https://api.karzartools.com/static/uploads/products/4255/36e551fccca7e3a0.webp,سه نظام و لوازم جانبی,YES,CURRENT_STILL_ONLY_AVAILABILITY_BLOCKED
4256,SO-13610,SO-13610,,SAN OU | سانو,دنباله سه نظام مته مدل مورس MS1-JT2 001007 سانو (SAN OU),دنباله-سه-نظام-مته-مدل-مورس-ms1-jt2-001007-سانو-san-ou,,True,False,601200.00,1,https://api.karzartools.com/static/uploads/products/4256/36e551fccca7e3a0.webp,سه نظام و لوازم جانبی,YES,CURRENT_STILL_ONLY_AVAILABILITY_BLOCKED
4258,SO-13613,SO-13613,,SAN OU | سانو,دنباله سه نظام مته مدل مورس MS1-JT33 001010 سانو (SAN OU),دنباله-سه-نظام-مته-مدل-مورس-ms1-jt33-001010-سانو-san-ou,,True,False,654000.00,1,https://api.karzartools.com/static/uploads/products/4258/36e551fccca7e3a0.webp,سه نظام و لوازم جانبی,YES,CURRENT_STILL_ONLY_AVAILABILITY_BLOCKED
4259,SO-13612,SO-13612,,SAN OU | سانو,دنباله سه نظام مته مدل مورس MS1-JT6 001009 سانو (SAN OU),دنباله-سه-نظام-مته-مدل-مورس-ms1-jt6-001009-سانو-san-ou,,True,False,626400.00,1,https://api.karzartools.com/static/uploads/products/4259/36e551fccca7e3a0.webp,سه نظام و لوازم جانبی,YES,CURRENT_STILL_ONLY_AVAILABILITY_BLOCKED
4261,SO-13615,SO-13615,,SAN OU | سانو,دنباله سه نظام مته مدل مورس MS2-B12 001012 سانو (SAN OU),دنباله-سه-نظام-مته-مدل-مورس-ms2-b12-001012-سانو-san-ou,,True,False,626400.00,1,https://api.karzartools.com/static/uploads/products/4261/36e551fccca7e3a0.webp,سه نظام و لوازم جانبی,YES,CURRENT_STILL_ONLY_AVAILABILITY_BLOCKED
4263,SO-13617,SO-13617,,SAN OU | سانو,دنباله سه نظام مته مدل مورس MS2-B18 001014 سانو (SAN OU),دنباله-سه-نظام-مته-مدل-مورس-ms2-b18-001014-سانو-san-ou,,True,False,681600.00,1,https://api.karzartools.com/static/uploads/products/4263/36e551fccca7e3a0.webp,سه نظام و لوازم جانبی,YES,CURRENT_STILL_ONLY_AVAILABILITY_BLOCKED
4303,SO-13569,SO-13569,,SAN OU | سانو,سه نظام اتوماتیک با قفل کن J9910(1.0-10MM 3.8-24UNF) سانو (SAN OU),سه-نظام-اتوماتیک-با-قفل-کن-j991010-10mm-38-24unf-سانو-san-ou,,True,False,1305600.00,1,https://api.karzartools.com/static/uploads/products/4303/c952fc24369a9a78.webp,سه نظام و لوازم جانبی,YES,CURRENT_STILL_ONLY_AVAILABILITY_BLOCKED
4304,SO-13570,SO-13570,,SAN OU | سانو,سه نظام اتوماتیک با قفل کن J9913(2.0-13MM 1.2-20UNF) سانو (SAN OU),سه-نظام-اتوماتیک-با-قفل-کن-j991320-13mm-12-20unf-سانو-san-ou,,True,False,2239200.00,1,https://api.karzartools.com/static/uploads/products/4304/99ac2b4488d5300c.webp,سه نظام و لوازم جانبی,YES,CURRENT_STILL_ONLY_AVAILABILITY_BLOCKED
4422,SO-13619,SO-13619,,SAN OU | سانو,کالهک مته R2x1 002030 سانو (SAN OU),کالهک-مته-r2x1-002030-سانو-san-ou,,True,False,574800.00,1,https://api.karzartools.com/static/uploads/products/4422/69f9b0ff6c70a732.webp,کلاهک تبدیل مورس,YES,CURRENT_STILL_ONLY_AVAILABILITY_BLOCKED
4427,SO-13624,SO-13624,,SAN OU | سانو,کالهک مته R4x3 002035 سانو (SAN OU),کالهک-مته-r4x3-002035-سانو-san-ou,,True,False,1054800.00,1,https://api.karzartools.com/static/uploads/products/4427/69f9b0ff6c70a732.webp,کلاهک تبدیل مورس,YES,CURRENT_STILL_ONLY_AVAILABILITY_BLOCKED
4428,SO-13625,SO-13625,,SAN OU | سانو,کالهک مته R5x2 002037 سانو (SAN OU),کالهک-مته-r5x2-002037-سانو-san-ou,,True,False,2692800.00,1,https://api.karzartools.com/static/uploads/products/4428/69f9b0ff6c70a732.webp,کلاهک تبدیل مورس,YES,CURRENT_STILL_ONLY_AVAILABILITY_BLOCKED
4429,SO-13626,SO-13626,,SAN OU | سانو,کالهک مته R5x3 002038 سانو (SAN OU),کالهک-مته-r5x3-002038-سانو-san-ou,,True,False,2289600.00,1,https://api.karzartools.com/static/uploads/products/4429/69f9b0ff6c70a732.webp,کلاهک تبدیل مورس,YES,CURRENT_STILL_ONLY_AVAILABILITY_BLOCKED
4432,SO-13630,SO-13630,,SAN OU | سانو,کالهک مته R6x4 002043 سانو (SAN OU),کالهک-مته-r6x4-002043-سانو-san-ou,,True,False,6320400.00,1,https://api.karzartools.com/static/uploads/products/4432/69f9b0ff6c70a732.webp,کلاهک تبدیل مورس,YES,CURRENT_STILL_ONLY_AVAILABILITY_BLOCKED
4433,SO-13631,SO-13631,,SAN OU | سانو,کالهک مته R6x5 002044 سانو (SAN OU),کالهک-مته-r6x5-002044-سانو-san-ou,,True,False,5998800.00,1,https://api.karzartools.com/static/uploads/products/4433/69f9b0ff6c70a732.webp,کلاهک تبدیل مورس,YES,CURRENT_STILL_ONLY_AVAILABILITY_BLOCKED
4457,SO-13633,SO-13633,,SAN OU | سانو,مرغک متحرک معمولیMT2 -003071 سانو (SAN OU),مرغک-متحرک-معمولیmt2-003071-سانو-san-ou,,True,False,6320400.00,1,https://api.karzartools.com/static/uploads/products/4457/ca75b6974abfa014.webp,مرغک مورس,YES,CURRENT_STILL_ONLY_AVAILABILITY_BLOCKED
4458,SO-13634,SO-13634,,SAN OU | سانو,مرغک متحرک معمولیMT3 -003072 سانو (SAN OU),مرغک-متحرک-معمولیmt3-003072-سانو-san-ou,,True,False,6888000.00,1,https://api.karzartools.com/static/uploads/products/4458/ca75b6974abfa014.webp,مرغک مورس,YES,CURRENT_STILL_ONLY_AVAILABILITY_BLOCKED
4459,SO-13635,SO-13635,,SAN OU | سانو,مرغک متحرک معمولیMT4 -003073 سانو (SAN OU),مرغک-متحرک-معمولیmt4-003073-سانو-san-ou,,True,False,8904000.00,1,https://api.karzartools.com/static/uploads/products/4459/ca75b6974abfa014.webp,مرغک مورس,YES,CURRENT_STILL_ONLY_AVAILABILITY_BLOCKED
4474,CDA100-300,CDA100-300,CDA100-300,TERMA | ترما,کولیس 30سانت دیجیتال ترما (TERMA) مدل CDA100-300,کولیس-30سانت-دیجیتال-ترما-terma-مدل-cda100-300,,True,False,25988400.00,1,https://api.karzartools.com/static/uploads/products/4474/a8bd5cecbc5f8cf1.webp,انواع کولیس,YES,CURRENT_STILL_ONLY_AVAILABILITY_BLOCKED
4480,YDA100F-300,YDA100F-300,,TERMA | ترما,کولیس 30سانت دیجیتال شیار ترما (TERMA) مدل YDA100F-300,کولیس-30سانت-دیجیتال-شیار-ترما-terma-مدل-yda100f-300,,True,False,63608400.00,1,https://api.karzartools.com/static/uploads/products/4480/ff9dcd0ba05e852c.webp,انواع کولیس,YES,CURRENT_STILL_ONLY_AVAILABILITY_BLOCKED
4619,MA250H-200,MA250H-200,MA250H-200,TERMA | ترما,میکرومتر سه فک 200-225 ترما (TERMA) مدل MA250H-200,میکرومتر-سه-فک-200-225-ترما-terma-مدل-ma250h-200,,True,False,256162500.00,1,https://api.karzartools.com/static/uploads/products/4619/d9e1b6c356eae705.webp,عمق سنج,YES,CURRENT_STILL_ONLY_AVAILABILITY_BLOCKED
4625,MD710-25,MD710-25,MD710-25,TERMA | ترما,میکرومتر 0-25دیجیتال ترما (TERMA) مدل MD710-25,میکرومتر-0-25دیجیتال-ترما-terma-مدل-md710-25,,True,False,13118400.00,1,https://api.karzartools.com/static/uploads/products/4625/5a4ac1267f3e2cf7.webp,عمق سنج,YES,CURRENT_STILL_ONLY_AVAILABILITY_BLOCKED
5880,2A-S5,2A-S5,,ASTPOWER | ای اس تی پاور,مولتی اسپیندل دو محوره مدل 2A-S5 ای اس تی پاور (AST Power),مولتی-اسپیندل-دو-محوره-مدل-2a-s5-ای-اس-تی-پاور-ast-power,,True,False,141636000.00,1,https://api.karzartools.com/static/uploads/products/5880/fc7bb57302421a7c.webp,مولتی اسپیندل,YES,CURRENT_STILL_ONLY_AVAILABILITY_BLOCKED
5881,2A-S7,2A-S7,,ASTPOWER | ای اس تی پاور,مولتی اسپیندل دو محوره مدل 2A-S7 ای اس تی پاور (AST Power),مولتی-اسپیندل-دو-محوره-مدل-2a-s7-ای-اس-تی-پاور-ast-power,,True,False,141636000.00,1,https://api.karzartools.com/static/uploads/products/5881/fc7bb57302421a7c.webp,مولتی اسپیندل,YES,CURRENT_STILL_ONLY_AVAILABILITY_BLOCKED
5882,2A-S8,2A-S8,,ASTPOWER | ای اس تی پاور,مولتی اسپیندل دو محوره مدل 2A-S8 ای اس تی پاور (AST Power),مولتی-اسپیندل-دو-محوره-مدل-2a-s8-ای-اس-تی-پاور-ast-power,,True,False,206448000.00,1,https://api.karzartools.com/static/uploads/products/5882/fc7bb57302421a7c.webp,مولتی اسپیندل,YES,CURRENT_STILL_ONLY_AVAILABILITY_BLOCKED
5883,2A-S10,2A-S10,,ASTPOWER | ای اس تی پاور,مولتی اسپیندل دو محوره مدل 2A-S10 ای اس تی پاور (AST Power),مولتی-اسپیندل-دو-محوره-مدل-2a-s10-ای-اس-تی-پاور-ast-power,,True,False,188760000.00,1,https://api.karzartools.com/static/uploads/products/5883/fc7bb57302421a7c.webp,مولتی اسپیندل,YES,CURRENT_STILL_ONLY_AVAILABILITY_BLOCKED
5884,2A-S12,2A-S12,,ASTPOWER | ای اس تی پاور,مولتی اسپیندل دو محوره مدل 2A-S12 ای اس تی پاور (AST Power),مولتی-اسپیندل-دو-محوره-مدل-2a-s12-ای-اس-تی-پاور-ast-power,,True,False,229878000.00,1,https://api.karzartools.com/static/uploads/products/5884/fc7bb57302421a7c.webp,مولتی اسپیندل,YES,CURRENT_STILL_ONLY_AVAILABILITY_BLOCKED
5885,2A-S16,2A-S16,,ASTPOWER | ای اس تی پاور,مولتی اسپیندل دو محوره مدل 2A-S16 ای اس تی پاور (AST Power),مولتی-اسپیندل-دو-محوره-مدل-2a-s16-ای-اس-تی-پاور-ast-power,,True,False,288750000.00,1,https://api.karzartools.com/static/uploads/products/5885/fc7bb57302421a7c.webp,مولتی اسپیندل,YES,CURRENT_STILL_ONLY_AVAILABILITY_BLOCKED
5886,3A-S5,3A-S5,,ASTPOWER | ای اس تی پاور,مولتی اسپیندل سه محوره خطی مدل 3A-S5 ای اس تی پاور (AST Power),مولتی-اسپیندل-سه-محوره-خطی-مدل-3a-s5-ای-اس-تی-پاور-ast-power,,True,False,175692000.00,1,https://api.karzartools.com/static/uploads/products/5886/7824fe3a48cda507.webp,مولتی اسپیندل,YES,CURRENT_STILL_ONLY_AVAILABILITY_BLOCKED
5887,3A-S7,3A-S7,,ASTPOWER | ای اس تی پاور,مولتی اسپیندل سه محوره خطی مدل 3A-S7 ای اس تی پاور (AST Power),مولتی-اسپیندل-سه-محوره-خطی-مدل-3a-s7-ای-اس-تی-پاور-ast-power,,True,False,175692000.00,1,https://api.karzartools.com/static/uploads/products/5887/7824fe3a48cda507.webp,مولتی اسپیندل,YES,CURRENT_STILL_ONLY_AVAILABILITY_BLOCKED
5888,3A-S10,3A-S10,,ASTPOWER | ای اس تی پاور,مولتی اسپیندل سه محوره خطی مدل 3A-S10 ای اس تی پاور (AST Power),مولتی-اسپیندل-سه-محوره-خطی-مدل-3a-s10-ای-اس-تی-پاور-ast-power,,True,False,265135200.00,1,https://api.karzartools.com/static/uploads/products/5888/7824fe3a48cda507.webp,مولتی اسپیندل,YES,CURRENT_STILL_ONLY_AVAILABILITY_BLOCKED
5889,3A-S12,3A-S12,,ASTPOWER | ای اس تی پاور,مولتی اسپیندل سه محوره خطی مدل 3A-S12 ای اس تی پاور (AST Power),مولتی-اسپیندل-سه-محوره-خطی-مدل-3a-s12-ای-اس-تی-پاور-ast-power,,True,False,297567600.00,1,https://api.karzartools.com/static/uploads/products/5889/7824fe3a48cda507.webp,مولتی اسپیندل,YES,CURRENT_STILL_ONLY_AVAILABILITY_BLOCKED
5890,3A-S16,3A-S16,,ASTPOWER | ای اس تی پاور,مولتی اسپیندل سه محوره خطی مدل 3A-S16 ای اس تی پاور (AST Power),مولتی-اسپیندل-سه-محوره-خطی-مدل-3a-s16-ای-اس-تی-پاور-ast-power,,True,False,350922000.00,1,https://api.karzartools.com/static/uploads/products/5890/7824fe3a48cda507.webp,مولتی اسپیندل,YES,CURRENT_STILL_ONLY_AVAILABILITY_BLOCKED
5891,33A-S5,33A-S5,,ASTPOWER | ای اس تی پاور,مولتی اسپیندل سه محوره دایره‌ای مدل 33A-S5 ای اس تی پاور (AST Power),مولتی-اسپیندل-سه-محوره-دایرهای-مدل-33a-s5-ای-اس-تی-پاور-ast-power,,True,False,250456800.00,1,https://api.karzartools.com/static/uploads/products/5891/40f49681ce4ee73a.webp,مولتی اسپیندل,YES,CURRENT_STILL_ONLY_AVAILABILITY_BLOCKED
5892,33A-S7,33A-S7,,ASTPOWER | ای اس تی پاور,مولتی اسپیندل سه محوره دایره‌ای مدل 33A-S7 ای اس تی پاور (AST Power),مولتی-اسپیندل-سه-محوره-دایرهای-مدل-33a-s7-ای-اس-تی-پاور-ast-power,,True,False,250456800.00,1,https://api.karzartools.com/static/uploads/products/5892/40f49681ce4ee73a.webp,مولتی اسپیندل,YES,CURRENT_STILL_ONLY_AVAILABILITY_BLOCKED
5893,33A-S10,33A-S10,,ASTPOWER | ای اس تی پاور,مولتی اسپیندل سه محوره دایره‌ای مدل 33A-S10 ای اس تی پاور (AST Power),مولتی-اسپیندل-سه-محوره-دایرهای-مدل-33a-s10-ای-اس-تی-پاور-ast-power,,True,False,282849600.00,1,https://api.karzartools.com/static/uploads/products/5893/40f49681ce4ee73a.webp,مولتی اسپیندل,YES,CURRENT_STILL_ONLY_AVAILABILITY_BLOCKED
5894,33A-S12,33A-S12,,ASTPOWER | ای اس تی پاور,مولتی اسپیندل سه محوره دایره‌ای مدل 33A-S12 ای اس تی پاور (AST Power),مولتی-اسپیندل-سه-محوره-دایرهای-مدل-33a-s12-ای-اس-تی-پاور-ast-power,,True,False,330000000.00,1,https://api.karzartools.com/static/uploads/products/5894/40f49681ce4ee73a.webp,مولتی اسپیندل,YES,CURRENT_STILL_ONLY_AVAILABILITY_BLOCKED
5895,33A-S16,33A-S16,,ASTPOWER | ای اس تی پاور,مولتی اسپیندل سه محوره دایره‌ای مدل 33A-S16 ای اس تی پاور (AST Power),مولتی-اسپیندل-سه-محوره-دایرهای-مدل-33a-s16-ای-اس-تی-پاور-ast-power,,True,False,411265800.00,1,https://api.karzartools.com/static/uploads/products/5895/40f49681ce4ee73a.webp,مولتی اسپیندل,YES,CURRENT_STILL_ONLY_AVAILABILITY_BLOCKED
5896,4A-S5,4A-S5,,ASTPOWER | ای اس تی پاور,مولتی اسپیندل چهار محوره دایره‌ای مدل 4A-S5 ای اس تی پاور (AST Power),مولتی-اسپیندل-چهار-محوره-دایرهای-مدل-4a-s5-ای-اس-تی-پاور-ast-power,,True,False,282876000.00,1,https://api.karzartools.com/static/uploads/products/5896/cce64607e4e5518f.webp,مولتی اسپیندل,YES,CURRENT_STILL_ONLY_AVAILABILITY_BLOCKED
5897,4A-S7,4A-S7,,ASTPOWER | ای اس تی پاور,مولتی اسپیندل چهار محوره دایره‌ای مدل 4A-S7 ای اس تی پاور (AST Power),مولتی-اسپیندل-چهار-محوره-دایرهای-مدل-4a-s7-ای-اس-تی-پاور-ast-power,,True,False,314952000.00,1,https://api.karzartools.com/static/uploads/products/5897/cce64607e4e5518f.webp,مولتی اسپیندل,YES,CURRENT_STILL_ONLY_AVAILABILITY_BLOCKED
5898,4A-S10,4A-S10,,ASTPOWER | ای اس تی پاور,مولتی اسپیندل چهار محوره دایره‌ای مدل 4A-S10 ای اس تی پاور (AST Power),مولتی-اسپیندل-چهار-محوره-دایرهای-مدل-4a-s10-ای-اس-تی-پاور-ast-power,,True,False,335834400.00,1,https://api.karzartools.com/static/uploads/products/5898/cce64607e4e5518f.webp,مولتی اسپیندل,YES,CURRENT_STILL_ONLY_AVAILABILITY_BLOCKED
5899,4A-S12,4A-S12,,ASTPOWER | ای اس تی پاور,مولتی اسپیندل چهار محوره دایره‌ای مدل 4A-S12 ای اس تی پاور (AST Power),مولتی-اسپیندل-چهار-محوره-دایرهای-مدل-4a-s12-ای-اس-تی-پاور-ast-power,,True,False,411265800.00,1,https://api.karzartools.com/static/uploads/products/5899/cce64607e4e5518f.webp,مولتی اسپیندل,YES,CURRENT_STILL_ONLY_AVAILABILITY_BLOCKED
5900,4A-S16,4A-S16,,ASTPOWER | ای اس تی پاور,مولتی اسپیندل چهار محوره دایره‌ای مدل 4A-S16 ای اس تی پاور (AST Power),مولتی-اسپیندل-چهار-محوره-دایرهای-مدل-4a-s16-ای-اس-تی-پاور-ast-power,,True,False,550888800.00,1,https://api.karzartools.com/static/uploads/products/5900/cce64607e4e5518f.webp,مولتی اسپیندل,YES,CURRENT_STILL_ONLY_AVAILABILITY_BLOCKED
6134,AST-BS1-8,AST-BS1-8,,ASTPOWER | ای اس تی پاور,"3 AST-BS1-8 846,650,000",3-ast-bs1-8-846650000,,True,False,111757800.00,1,https://api.karzartools.com/static/uploads/products/6134/63b71e046326e583.webp,صفحه گردان,YES,CURRENT_STILL_ONLY_AVAILABILITY_BLOCKED
6137,AST-HV-6,AST-HV-6,,ASTPOWER | ای اس تی پاور,"3 AST-HV-6 270,550,000",3-ast-hv-6-270550000,,True,False,35712600.00,1,https://api.karzartools.com/static/uploads/products/6137/9239a4c96bfbd757.webp,صفحه گردان,YES,CURRENT_STILL_ONLY_AVAILABILITY_BLOCKED
6139,AST-HV-10,AST-HV-10,,ASTPOWER | ای اس تی پاور,"5 AST-HV-10 519,000,000",5-ast-hv-10-519000000,,True,False,68508000.00,1,https://api.karzartools.com/static/uploads/products/6139/9239a4c96bfbd757.webp,صفحه گردان,YES,CURRENT_STILL_ONLY_AVAILABILITY_BLOCKED
6141,AST-HV-14,AST-HV-14,,ASTPOWER | ای اس تی پاور,"7 AST-HV-14 1,194,700,000",7-ast-hv-14-1194700000,,True,False,157700400.00,1,https://api.karzartools.com/static/uploads/products/6141/9239a4c96bfbd757.webp,صفحه گردان,YES,CURRENT_STILL_ONLY_AVAILABILITY_BLOCKED
6143,AST-HV-20,AST-HV-20,,ASTPOWER | ای اس تی پاور,"9 AST-HV-20 5,513,350,000",9-ast-hv-20-5513350000,,True,False,727762200.00,1,https://api.karzartools.com/static/uploads/products/6143/9239a4c96bfbd757.webp,صفحه گردان,YES,CURRENT_STILL_ONLY_AVAILABILITY_BLOCKED
6144,AST-CS-6,AST-CS-6,,ASTPOWER | ای اس تی پاور,"1 AST-CS-6 1,144,500,000",1-ast-cs-6-1144500000,,True,False,151074000.00,1,https://api.karzartools.com/static/uploads/products/6144/86ed5b2ee826297b.webp,صفحه گردان,YES,CURRENT_STILL_ONLY_AVAILABILITY_BLOCKED
6151,AST-RAP6,AST-RAP6,,ASTPOWER | ای اس تی پاور,"1 AST-RAP6 139,000,000",1-ast-rap6-139000000,,True,False,16680000.00,1,https://api.karzartools.com/static/uploads/products/6151/d853c655938edaf9.webp,صفحه گردان,YES,CURRENT_STILL_ONLY_AVAILABILITY_BLOCKED
6153,AST-RAP10,AST-RAP10,,ASTPOWER | ای اس تی پاور,"3 AST-RAP10 289,150,000",3-ast-rap10-289150000,,True,False,34698000.00,1,https://api.karzartools.com/static/uploads/products/6153/d853c655938edaf9.webp,صفحه گردان,YES,CURRENT_STILL_ONLY_AVAILABILITY_BLOCKED
6155,AST-RAP14,AST-RAP14,,ASTPOWER | ای اس تی پاور,"5 AST-RAP14 422,200,000",5-ast-rap14-422200000,,True,False,50664000.00,1,https://api.karzartools.com/static/uploads/products/6155/d853c655938edaf9.webp,صفحه گردان,YES,CURRENT_STILL_ONLY_AVAILABILITY_BLOCKED
6532,SDC-DR230,SDC-DR230,,ASTPOWER | ای اس تی پاور,مدل SDC-DR230 ای اس تی پاور (AST Power),مدل-sdc-dr230-ای-اس-تی-پاور-ast-power,,True,False,32887800.00,1,https://api.karzartools.com/static/uploads/products/6532/89841e42e0205e83.webp,دستگاه ابزار تیزکن,YES,CURRENT_STILL_ONLY_AVAILABILITY_BLOCKED
6533,CBN-DR230,CBN-DR230,,ASTPOWER | ای اس تی پاور,مدل CBN-DR230 ای اس تی پاور (AST Power),مدل-cbn-dr230-ای-اس-تی-پاور-ast-power,,True,False,32858760.00,1,https://api.karzartools.com/static/uploads/products/6533/89841e42e0205e83.webp,دستگاه ابزار تیزکن,YES,CURRENT_STILL_ONLY_AVAILABILITY_BLOCKED
6534,CBN-DR313,CBN-DR313,,ASTPOWER | ای اس تی پاور,مدل CBN-DR313 ای اس تی پاور (AST Power),مدل-cbn-dr313-ای-اس-تی-پاور-ast-power,,True,False,13706880.00,1,https://api.karzartools.com/static/uploads/products/6534/1da4ea3ef041ad33.webp,دستگاه ابزار تیزکن,YES,CURRENT_STILL_ONLY_AVAILABILITY_BLOCKED
6535,SDC-DR313,SDC-DR313,,ASTPOWER | ای اس تی پاور,مدل SDC-DR313 ای اس تی پاور (AST Power),مدل-sdc-dr313-ای-اس-تی-پاور-ast-power,,True,False,13706880.00,1,https://api.karzartools.com/static/uploads/products/6535/1da4ea3ef041ad33.webp,دستگاه ابزار تیزکن,YES,CURRENT_STILL_ONLY_AVAILABILITY_BLOCKED
