product_id,manufacturer_code,OEM_product_heading,product_type_code,current_name,current_proposed_name,required_identity_qualifiers,owner_final_canonical_title,variant_suffix,owner_title_status,owner_title_verdict,owner_title_reason
1800,1122-300,DIGITAL HOOK CALIPERS,HOOK_CALIPER,کولیس دیجیتال شیار اینسایز( Insize) 30 سانتی متر مدل 300-1122,کولیس قلاب‌دار اینسایز کد 1122-300، 4–300 میلی‌متر,دیجیتال,کولیس دیجیتال قلاب‌دار,4–300 میلی‌متر,APPROVED,OWNER_TITLE_BROADER_BUT_APPROVED,governed_identity_qualifiers_in_final_title
1828,1169-150,DIGITAL SMALL POINT CALIPERS,POINT_CALIPER,کولیس دیجیتال اینسایز (Insize) 15 سانتی متر فک باریک مدل 150-1169,کولیس نوک‌تیز اینسایز کد 1169-150، 0–150 میلی‌متر,دیجیتال,کولیس دیجیتال نوک‌تیز,0–150 میلی‌متر,APPROVED,OWNER_TITLE_BROADER_BUT_APPROVED,governed_identity_qualifiers_in_final_title
1833,1178-300,DIGITAL INSIDE GROOVE CALIPERS,INTERNAL_GROOVE_CALIPER,کولیس دیجیتال اینسایز (Insize) 30 سانتی متر داخل سنج مدل 300-1178,کولیس شیار داخلی اینسایز کد 1178-300، 25–300 میلی‌متر,دیجیتال,کولیس دیجیتال شیار داخلی,25–300 میلی‌متر,APPROVED,OWNER_TITLE_BROADER_BUT_APPROVED,governed_identity_qualifiers_in_final_title
1878,2142-101,DIGITAL DEPTH GAUGES,DEPTH_GAUGE,عمق سنج سوزنی دیجیتال اینسایز (Insize) 0-10 میلیمتر مدل 101-2142,عمق‌سنج اینسایز کد 2142-101، 0–12.7 میلی‌متر,دیجیتال,عمق‌سنج دیجیتال,0–12.7 میلی‌متر,APPROVED,OWNER_TITLE_BROADER_BUT_APPROVED,governed_identity_qualifiers_in_final_title
1879,2142-102,DIGITAL DEPTH GAUGES,DEPTH_GAUGE,عمق سنج دیجیتال سوزنی اینسایز( INSIZE) مدل 102-2142,عمق‌سنج اینسایز کد 2142-102، 0–12.7 میلی‌متر,دیجیتال,عمق‌سنج دیجیتال,0–12.7 میلی‌متر,APPROVED,OWNER_TITLE_BROADER_BUT_APPROVED,governed_identity_qualifiers_in_final_title
1880,2171-250,DIGITAL PROTRACTOR,PROTRACTOR,زاویه سنج دیجیتال 25سانت اینسایز مدل 2171-250,زاویه‌سنج اینسایز کد 2171-250,دیجیتال,زاویه‌سنج دیجیتال,,APPROVED,OWNER_TITLE_BROADER_BUT_APPROVED,governed_identity_qualifiers_in_final_title
1883,2174-225,WATERPROOF DIGITAL PROTRACTOR (HEAVY DUTY),PROTRACTOR,زاویه سنج دیجیتال اینسایز (Insize) 46 سانت آب تراز دار مدل 225-2174,زاویه‌سنج اینسایز کد 2174-225,دیجیتال,زاویه‌سنج دیجیتال,,APPROVED,OWNER_TITLE_BROADER_BUT_APPROVED,governed_identity_qualifiers_in_final_title
1889,2223-153,INTERNAL DIAL CALIPER GAUGES WITH INTERCHANGEABLE POINTS,INDICATING_CALIPER,پرگار ساعتی داخل 55-153 میلی متری اینسایز (Insize) مدل 153-2223,پرگار نشان‌گر اینسایز کد 2223-153، 55–153 میلی‌متر,,,55–153 میلی‌متر,HOLD,OWNER_TITLE_HOLD,internal_dial_interchangeable_phrase_not_governed
1892,2281-360,PLASTIC ANGLE SQUARE,ANGLE_GAUGE,زاویه سنج اینسایز (Insize) 20 سانت مدل 360-2281,گیج زاویه اینسایز کد 2281-360,,گیج زاویه,,APPROVED,OWNER_TITLE_EXACT,matches_base_and_current
1901,2372-360,UNIVERSAL PROTRACTOR,PROTRACTOR,زاویه سنج ذره بینی اینسایز مدل 2372-360,زاویه‌سنج اینسایز کد 2372-360,یونیورسال,زاویه‌سنج یونیورسال,,APPROVED,OWNER_TITLE_BROADER_BUT_APPROVED,governed_identity_qualifiers_in_final_title
1902,2373-360,DIAL PROTRACTOR,PROTRACTOR,زاویه سنج ساعتی اینسایز (Insize) مدل 360-2373,زاویه‌سنج اینسایز کد 2373-360,ساعتی,زاویه‌سنج ساعتی,,APPROVED,OWNER_TITLE_BROADER_BUT_APPROVED,governed_identity_qualifiers_in_final_title
1904,2381-021,DIAL TEST INDICATORS,TEST_INDICATOR,ساعت شیطانکی هزارم صفحه بزرگ اینسایز مدل 2381-021,ساعت اهرمی اینسایز کد 2381-021، 0–0.2 میلی‌متر,,ساعت اهرمی,0–0.2 میلی‌متر,APPROVED,OWNER_TITLE_EXACT,matches_base_and_current
1905,2711-165,DIGITAL INTERNAL CALIPER GAUGES (ECONOMIC TYPE),INDICATING_CALIPER,پرگار دیجیتال داخل اینسایز (Insize) 12.7-165 میلی متر مدل 165-2711,پرگار نشان‌گر اینسایز کد 2711-165، 12.7–165 میلی‌متر,دیجیتال داخل‌سنج,پرگار دیجیتال داخل‌سنج,12.7–165 میلی‌متر,APPROVED,OWNER_TITLE_BROADER_BUT_APPROVED,governed_identity_qualifiers_in_final_title
1906,2711-216,DIGITAL INTERNAL CALIPER GAUGES (ECONOMIC TYPE),INDICATING_CALIPER,پرگار دیجیتال اینسایز (Insize) مدل 216-2711,پرگار نشان‌گر اینسایز کد 2711-216، 12.7–216 میلی‌متر,دیجیتال داخل‌سنج,پرگار دیجیتال داخل‌سنج,12.7–216 میلی‌متر,APPROVED,OWNER_TITLE_BROADER_BUT_APPROVED,governed_identity_qualifiers_in_final_title
1907,2771-360,DIGITAL PROTRACTOR,PROTRACTOR,زاویه‌ سنج دیجیتال 360 درجه اینسایز (Insize) مدل 360-2771,زاویه‌سنج اینسایز کد 2771-360,دیجیتال,زاویه‌سنج دیجیتال,,APPROVED,OWNER_TITLE_BROADER_BUT_APPROVED,governed_identity_qualifiers_in_final_title
2028,4799-1300,PROTRACTOR (ECONOMIC TYPE),PROTRACTOR,زاویه سنج 50سانت اینسایز مدل 4799-1300,زاویه‌سنج اینسایز کد 4799-1300,,زاویه‌سنج,,APPROVED,OWNER_TITLE_EXACT,matches_base_and_current
2032,4820-230,PITCH GAUGES,THREAD_PITCH_GAUGE,شابلون دنده 60 درجه اینسایز (Insize) مدل 230-4820,شابلون گام رزوه اینسایز کد 4820-230,,شابلون گام رزوه,,APPROVED,OWNER_TITLE_EXACT,matches_base_and_current
2034,4820-552,PITCH GAUGES,THREAD_PITCH_GAUGE,شابلون رزوه اینچ و میلیمتر 60درجه از اینسایز مدل 4820-552,شابلون گام رزوه اینسایز کد 4820-552,,شابلون گام رزوه,,APPROVED,OWNER_TITLE_EXACT,matches_base_and_current
2101,8602-200,ELECTRONIC POCKET SCALE (ECONOMIC TYPE),DIGITAL_SCALE,ترازو دیجیتال 0.2گرم تا 200گرم اینسایز مدل 8602-200,ترازوی دیجیتال اینسایز کد 8602-200,جیبی,ترازوی جیبی دیجیتال,,APPROVED,OWNER_TITLE_BROADER_BUT_APPROVED,governed_identity_qualifiers_in_final_title
2102,9225-405,CONTACT/NON-CONTACT TACHOMETER,TACHOMETER,تاکومتر ( دور سنج ) اینسایز مدل 9225-405,دورسنج اینسایز کد 9225-405,تماسی و غیرتماسی,دورسنج تماسی و غیرتماسی,,APPROVED,OWNER_TITLE_BROADER_BUT_APPROVED,governed_identity_qualifiers_in_final_title
3575,3400-25,OUTSIDE MICROMETERS WITH COUNTER,OUTSIDE_MICROMETER,میکرومتر کنتور دار خارج سنج اینسایز مدل 3400-25,میکرومتر خارج‌سنج اینسایز کد 3400-25، 0–25 میلی‌متر,کنتوردار,میکرومتر خارج‌سنج کنتوردار,0–25 میلی‌متر,APPROVED,OWNER_TITLE_BROADER_BUT_APPROVED,governed_identity_qualifiers_in_final_title
3578,1240-1501,VERNIER DEPTH GAUGES (STANDARD TYPE),DEPTH_GAUGE,کولیس معمولی 15 سانتی متر عمق سنج استن استیل اینسایز مدل 1240-1501,عمق‌سنج اینسایز کد 1240-1501، 0–150 میلی‌متر,ورنیه,عمق‌سنج ورنیه,0–150 میلی‌متر,APPROVED,OWNER_TITLE_BROADER_BUT_APPROVED,governed_identity_qualifiers_in_final_title
3580,1240-2001,VERNIER DEPTH GAUGES (STANDARD TYPE),DEPTH_GAUGE,کولیس معمولی 20 سانتی متر عمق سنج استن استیل اینسایز مدل 1240-2001,عمق‌سنج اینسایز کد 1240-2001، 0–200 میلی‌متر,ورنیه,عمق‌سنج ورنیه,0–200 میلی‌متر,APPROVED,OWNER_TITLE_BROADER_BUT_APPROVED,governed_identity_qualifiers_in_final_title
3581,1240-3001,VERNIER DEPTH GAUGES (STANDARD TYPE),DEPTH_GAUGE,کولیس عمق سنج 30 سانتی متر اینسایز مدل 1240-3001,عمق‌سنج اینسایز کد 1240-3001، 0–300 میلی‌متر,ورنیه,عمق‌سنج ورنیه,0–300 میلی‌متر,APPROVED,OWNER_TITLE_BROADER_BUT_APPROVED,governed_identity_qualifiers_in_final_title
3583,1240-5001,VERNIER DEPTH GAUGES (STANDARD TYPE),DEPTH_GAUGE,کولیس معمولی اینسایز (Insize) 50 سانتی متر عمق سنج استن استیل مدل 5001-1240,عمق‌سنج اینسایز کد 1240-5001، 0–500 میلی‌متر,ورنیه,عمق‌سنج ورنیه,0–500 میلی‌متر,APPROVED,OWNER_TITLE_BROADER_BUT_APPROVED,governed_identity_qualifiers_in_final_title
3614,2380-08,DIAL TEST INDICATORS,TEST_INDICATOR,ساعت شیطانکی اینسایز مدل 2380-08,ساعت اهرمی اینسایز کد 2380-08، 0–0.8 میلی‌متر,,ساعت اهرمی,0–0.8 میلی‌متر,APPROVED,OWNER_TITLE_EXACT,matches_base_and_current
3615,2381-08,DIAL TEST INDICATORS,TEST_INDICATOR,ساعت شیطانکی صفحه بزرگ اینسایز مدل 2381-08,ساعت اهرمی اینسایز کد 2381-08، 0–0.8 میلی‌متر,,ساعت اهرمی,0–0.8 میلی‌متر,APPROVED,OWNER_TITLE_EXACT,matches_base_and_current
3616,2381-02,DIAL TEST INDICATORS,TEST_INDICATOR,ساعت شیطانکی صفحه بزرگ دو هزارم اینسایز مدل 2381-02,ساعت اهرمی اینسایز کد 2381-02، 0–0.2 میلی‌متر,,ساعت اهرمی,0–0.2 میلی‌متر,APPROVED,OWNER_TITLE_EXACT,matches_base_and_current
3619,2309-50,DIAL INDICATORS (LONG STROKE),DIAL_INDICATOR,ساعت اندیکاتور کورس 50میلیمتر اینسایز مدل 2309-50,ساعت اندازه‌گیری اینسایز کد 2309-50، 0–50 میلی‌متر,,ساعت اندیکاتور,0–50 میلی‌متر,APPROVED,OWNER_TITLE_BROADER_BUT_APPROVED,owner_approved_final_canonical_title
3621,2311-5,COMPACT DIAL INDICATORS,DIAL_INDICATOR,ساعت اندیکاتور دور کوچک کورس 5میلیمتر اینسایز مدل 2311-5,ساعت اندازه‌گیری اینسایز کد 2311-5، 0–5 میلی‌متر,,ساعت اندیکاتور,0–5 میلی‌متر,APPROVED,OWNER_TITLE_BROADER_BUT_APPROVED,owner_approved_final_canonical_title
3622,2301-10,DIAL INDICATORS (BASIC TYPE),DIAL_INDICATOR,ساعت اندیکاتور (جعبه مقوایی) اینسایز مدل 2301-10,ساعت اندازه‌گیری اینسایز کد 2301-10، 0–10 میلی‌متر,,ساعت اندیکاتور,0–10 میلی‌متر,APPROVED,OWNER_TITLE_BROADER_BUT_APPROVED,owner_approved_final_canonical_title
3678,4838-1,WELDING GAUGES,WELDING_GAUGE,گیج جوشکاری اینسایز مدل 4838-1,گیج جوش اینسایز کد 4838-1,,گیج جوش,,APPROVED,OWNER_TITLE_EXACT,matches_base_and_current
3680,4836-1,FILLET WELDING GAUGES,FILLET_WELD_GAUGE,گیج جوش فلت اینسایز (Insize) مدل 1-4836,گیج جوش نبشی اینسایز کد 4836-1,,گیج جوش نبشی,,APPROVED,OWNER_TITLE_EXACT,matches_base_and_current
3720,9341-50,DIGITAL MOISTURE METER,MOISTURE_METER,رطوبت سنج چوب اینسایز (Insize) مدل 50-9341,رطوبت‌سنج اینسایز کد 9341-50,دیجیتال,رطوبت‌سنج دیجیتال,,APPROVED,OWNER_TITLE_BROADER_BUT_APPROVED,governed_identity_qualifiers_in_final_title
3721,8003-3,WEIGHING SCALES (ECONOMIC TYPE),DIGITAL_SCALE,ترازو دیجیتال 2گرم تا 3کیلوگرم اینسایز مدل 8003-3,ترازوی دیجیتال اینسایز کد 8003-3,,ترازوی دیجیتال,,APPROVED,OWNER_TITLE_EXACT,matches_base_and_current
3756,2309-100D,DIAL INDICATORS (LONG STROKE),DIAL_INDICATOR,ساعت اندیکاتور اینسایز (Insize) مدل 100D-2309,ساعت اندازه‌گیری اینسایز کد 2309-100D، 0–100 میلی‌متر,,ساعت اندیکاتور,0–100 میلی‌متر,APPROVED,OWNER_TITLE_BROADER_BUT_APPROVED,owner_approved_final_canonical_title
3757,2321-35,INTERNAL DIAL CALIPER GAUGES,INDICATING_CALIPER,پرگار داخل سنج ساعتی اینسایز (Insize) 35 میلی متر مدل 35-2321,پرگار نشان‌گر اینسایز کد 2321-35، 15–35 میلی‌متر,ساعتی داخل‌سنج,پرگار ساعتی داخل‌سنج,15–35 میلی‌متر,APPROVED,OWNER_TITLE_BROADER_BUT_APPROVED,governed_identity_qualifiers_in_final_title
3814,6557-50,DIGITAL ZERO SETTER,ZERO_SETTER,زد سنج (رفرنس یاب محور Z) مگنت دار اینسایز (Insize) مدل 50-6557,صفرکن محور Z اینسایز کد 6557-50,دیجیتال,صفرکن دیجیتال محور Z,,APPROVED,OWNER_TITLE_BROADER_BUT_APPROVED,governed_identity_qualifiers_in_final_title
3825,9501-1200,COATING THICKNESS GAUGES (STANDARD TYPE),COATING_THICKNESS_GAUGE,ضخامت سنج رنگ و پوشش اینسایز (Insize) مدل 1200-9501,ضخامت‌سنج پوشش اینسایز کد 9501-1200,,ضخامت‌سنج پوشش,,APPROVED,OWNER_TITLE_EXACT,matches_base_and_current
3826,9561-50B,LASER DISTANCE METERS,LASER_DISTANCE_METER,متر لیزری 50متری اینسایز مدل 9561-50B,متر لیزری اینسایز کد 9561-50B، 0.2–50 متر,,متر لیزری,0.2–50 متر,APPROVED,OWNER_TITLE_EXACT,matches_base_and_current
3827,9561-70B,LASER DISTANCE METERS,LASER_DISTANCE_METER,متر لیزری 70متری اینسایز مدل 9561-70B,متر لیزری اینسایز کد 9561-70B، 0.2–70 متر,,متر لیزری,0.2–70 متر,APPROVED,OWNER_TITLE_EXACT,matches_base_and_current
3841,4608-31,INCH FEELER GAUGE,FEELER_GAUGE,فیلر اینچی 0.0015 - 0.035اینچ اینسایز مدل 4608-31,فیلر نواری اینسایز کد 4608-31,اینچی,فیلر اینچی,,APPROVED,OWNER_TITLE_BROADER_BUT_APPROVED,governed_identity_qualifiers_in_final_title
4036,4832-1,FILLET WELDING GAUGE,FILLET_WELD_GAUGE,گیج جوشکاری فلت اینسایز (Insize) مدل 1-4832,گیج جوش نبشی اینسایز کد 4832-1,,گیج جوش نبشی,,APPROVED,OWNER_TITLE_EXACT,matches_base_and_current
4046,4841-1,PIPE WELDING GAUGE,WELDING_GAUGE,گیج هایلو سینگل اینسایز (Insize) مدل 1-4841,گیج جوش اینسایز کد 4841-1,لوله,گیج جوش لوله,,APPROVED,OWNER_TITLE_BROADER_BUT_APPROVED,governed_identity_qualifiers_in_final_title
4076,6832-1,WELDING GAUGE,WELDING_GAUGE,گیج جوشکاری اینسایز (Insize) مدل 1-6832,گیج جوش اینسایز کد 6832-1,,گیج جوش,,APPROVED,OWNER_TITLE_EXACT,matches_base_and_current
4082,7144-1,MEASURING WHEEL (BASIC TYPE),MEASURING_WHEEL,چرخ متر اینسایز (Insize) 0.1 – 9999.9 متر مدل 1-7144,چرخ‌متر اینسایز کد 7144-1، 0.1–9999.9 متر,,چرخ‌متر,0.1–9999.9 متر,APPROVED,OWNER_TITLE_EXACT,matches_base_and_current
4084,7145-1,MEASURING WHEEL,MEASURING_WHEEL,چرخ متر اینسایز (Insize) 0.1 – 9999.9 متر همراه با کوله پشتی مدل 1-7145,چرخ‌متر اینسایز کد 7145-1، 0.1–9999.9 متر,,چرخ‌متر,0.1–9999.9 متر,APPROVED,OWNER_TITLE_EXACT,matches_base_and_current
4112,8604-40,PORTABLE CRANE SCALE,DIGITAL_SCALE,ترازو دیجیتال اینسایز (Insize) 40kg مدل 40-8604,ترازوی دیجیتال اینسایز کد 8604-40,جرثقیلی,ترازوی جرثقیلی دیجیتال,,APPROVED,OWNER_TITLE_BROADER_BUT_APPROVED,governed_identity_qualifiers_in_final_title
