sha256,preview_path,product_count,product_ids,skus,brands
004a72b3bcafacc1d380911f7a4e9db0a641718a1de61a2812602c03cedb8b49,/var/tmp/karzar-image-review/prior-batches/img02a02-batch-002/previews/004a72b3bcafacc1d380911f7a4e9db0a641718a1de61a2812602c03cedb8b49.jpg,3,"1381,1382,1383","4410-1110,4410-1115,4410-1120",Dasqua | داسکوا
018c4c19cec920cc73b075d3a370aa3e337bdef561adc3fc7d6cfef1b652c447,/var/tmp/karzar-image-review/prior-batches/img02a02-pilot-001/previews/018c4c19cec920cc73b075d3a370aa3e337bdef561adc3fc7d6cfef1b652c447.jpg,1,3258,AST-F14,ASTPOWER | ای اس تی پاور
02aa1573a272164ff3f1bf51e7251c50267b9231393bb512300e5d05bc223635,/var/tmp/karzar-image-review/prior-batches/img02a02-pilot-001/previews/02aa1573a272164ff3f1bf51e7251c50267b9231393bb512300e5d05bc223635.png,1,4522,IDE111M-50,TERMA | ترما
05975760897e0f083b5a91486c451ff7e79b23b294ed680ab5d1f39c72f5291b,/var/tmp/karzar-image-review/prior-batches/img02a02-pilot-001/previews/05975760897e0f083b5a91486c451ff7e79b23b294ed680ab5d1f39c72f5291b.png,1,3351,AST-COR355P,ASTPOWER | ای اس تی پاور
07c198068ca0f3075c0e8f3535aed6161c520261d64c74a85d408442ad0cea9f,/var/tmp/karzar-image-review/prior-batches/img02a02-pilot-001/previews/07c198068ca0f3075c0e8f3535aed6161c520261d64c74a85d408442ad0cea9f.png,1,4657,TD230B,TERMA | ترما
094d7e3827fbf3bc6e2fe5303b7fc34ef85dea8a055b19a60ef2325c04e59178,/var/tmp/karzar-image-review/prior-batches/img02a02-pilot-001/previews/094d7e3827fbf3bc6e2fe5303b7fc34ef85dea8a055b19a60ef2325c04e59178.png,1,1487,4911-8115,Dasqua | داسکوا
0f0d1b9d9d1ce7011bbbf913f76b097aed4200a8e16c5754487f1c84cdce0e9e,/var/tmp/karzar-image-review/prior-batches/img02a02-pilot-001/previews/0f0d1b9d9d1ce7011bbbf913f76b097aed4200a8e16c5754487f1c84cdce0e9e.png,1,6586,AST-COR205P,ASTPOWER | ای اس تی پاور
0fbf4cdefb4d45ae0bcf833d2c729b927ec6a5190dd9aec85f589ab2e7cbb911,/var/tmp/karzar-image-review/prior-batches/img02a02-pilot-001/previews/0fbf4cdefb4d45ae0bcf833d2c729b927ec6a5190dd9aec85f589ab2e7cbb911.png,1,3355,TU-TCOR255,ASTPOWER | ای اس تی پاور
10b721ab5ee8c5008ec4d6e1b1373a8fc15c746e67ef121cec0e71c9612d514f,/var/tmp/karzar-image-review/prior-batches/img02a02-pilot-001/previews/10b721ab5ee8c5008ec4d6e1b1373a8fc15c746e67ef121cec0e71c9612d514f.png,4,"4561,4562,4563,4564","MD310-25,MD310-50,MD310-75,MD310-100",TERMA | ترما
11346661a1b5986336b162d2cc1ffe21eae715aea35d6beb834fbf1c80ac780d,/var/tmp/karzar-image-review/prior-batches/img02a02-pilot-001/previews/11346661a1b5986336b162d2cc1ffe21eae715aea35d6beb834fbf1c80ac780d.png,13,"4251,4252,4253,4254,4255,4256,4258,4259,4260,4261,4262,4263,4353","SO-13605,SO-13606,SO-13607,SO-13608,SO-13609,SO-13610,SO-13613,SO-13612,SO-13614,SO-13615,SO-13616,SO-13617,SO-13545",SAN OU | سانو
11d6688315ca76a8f10a66f675af38dd685730428098a98eef200d511be44bbe,/var/tmp/karzar-image-review/prior-batches/img02a02-pilot-001/previews/11d6688315ca76a8f10a66f675af38dd685730428098a98eef200d511be44bbe.png,1,3350,AST-COR80,ASTPOWER | ای اس تی پاور
1321ed30b502a80917490db1433cb64b4299e5825496b17ce978759dfe411557,/var/tmp/karzar-image-review/prior-batches/img02a02-batch-002/previews/1321ed30b502a80917490db1433cb64b4299e5825496b17ce978759dfe411557.png,3,"4669,4670,4671","LD260-6,LD260-9,LD260-24",TERMA | ترما
1352fbc22ca1fc0157ba5c7476e0fef997f31bd71ab8f53c7b41140bf571a110,/var/tmp/karzar-image-review/prior-batches/img02a02-pilot-001/previews/1352fbc22ca1fc0157ba5c7476e0fef997f31bd71ab8f53c7b41140bf571a110.png,6,"4198,4199,4200,4203,4400,4408","SO-336,SO-376,SO-420,SO-494,SO-13514,SO-14087",SAN OU | سانو
13a01cc6a6b877c6c9b7b1fdf32d0f9fc8649503c4b8a5d4cef3df0606d37e03,/var/tmp/karzar-image-review/prior-batches/img02a02-pilot-001/previews/13a01cc6a6b877c6c9b7b1fdf32d0f9fc8649503c4b8a5d4cef3df0606d37e03.jpg,1,4206,SO-551,SAN OU | سانو
13b06b6538f735a6e58a73bab84992f9cc850490bea2be9ae4e8fb8868671198,/var/tmp/karzar-image-review/prior-batches/img02a02-pilot-001/previews/13b06b6538f735a6e58a73bab84992f9cc850490bea2be9ae4e8fb8868671198.png,5,"3363,3412,3414,6534,6535","DR313-3,DR313-2,DR313,CBN-DR313,SDC-DR313",ASTPOWER | ای اس تی پاور
164b3616d84ec4d415f7f2de734832d6bf9b78a73f08c57d88e6262a52b197c5,/var/tmp/karzar-image-review/prior-batches/img02a02-pilot-001/previews/164b3616d84ec4d415f7f2de734832d6bf9b78a73f08c57d88e6262a52b197c5.png,8,"6151,6152,6153,6154,6155,6156,6157,6158","AST-RAP6,AST-RAP8,AST-RAP10,AST-RAP12,AST-RAP14,AST-RAP16,AST-RAP18,AST-RAP20",ASTPOWER | ای اس تی پاور
184d803293768e064212b0d19aafd1e96a3506b5755aef69e7cbfd92fee3e3b8,/var/tmp/karzar-image-review/prior-batches/img02a02-pilot-001/previews/184d803293768e064212b0d19aafd1e96a3506b5755aef69e7cbfd92fee3e3b8.png,1,4665,TD270-25,TERMA | ترما
1867d1ba040bec410422db4e7d850e04335d3317e981efa55c3a7453495e9ac2,/var/tmp/karzar-image-review/prior-batches/img02a02-pilot-001/previews/1867d1ba040bec410422db4e7d850e04335d3317e981efa55c3a7453495e9ac2.png,1,4518,IDA920N,TERMA | ترما
19d7eccd2af67b67d1d3c6e6635faab331fe2e2d664ac44bce180cec15ef9515,/var/tmp/karzar-image-review/img02a02-remainder-all-pkg/previews/19d7eccd2af67b67d1d3c6e6635faab331fe2e2d664ac44bce180cec15ef9515.jpg,2,"5843,5844","AST-TAPCHUCK19,AST-TAPCHUCK31",ASTPOWER | ای اس تی پاور
19f51b5d4488d44691c86ed763cd373a1a8efdc9545b4ef7ccf3ab4f06aaa8c7,/var/tmp/karzar-image-review/prior-batches/img02a02-batch-002/previews/19f51b5d4488d44691c86ed763cd373a1a8efdc9545b4ef7ccf3ab4f06aaa8c7.png,3,"4672,4673,4674","PD290-100,PD290-200,PD290-300",TERMA | ترما
1af05194fd1d7409707aa2f3938fc0d7302849566e29e7cc0cac4f0891b6e9ca,/var/tmp/karzar-image-review/prior-batches/img02a02-pilot-001/previews/1af05194fd1d7409707aa2f3938fc0d7302849566e29e7cc0cac4f0891b6e9ca.png,1,4601,MA230,TERMA | ترما
1c3cdb32541a69bacf33298fcc07f6c0abddcc03bf602e53840ddaacb4245e71,/var/tmp/karzar-image-review/prior-batches/img02a02-pilot-001/previews/1c3cdb32541a69bacf33298fcc07f6c0abddcc03bf602e53840ddaacb4245e71.jpg,5,"3364,3409,3411,6532,6533","DR230,TU-DR230-2,TU-DR230,SDC-DR230,CBN-DR230",ASTPOWER | ای اس تی پاور
21a899645fc740ebecb4fa5e5d0af179e92e293125d38e3cf342d4457722fc3e,/var/tmp/karzar-image-review/prior-batches/img02a02-pilot-001/previews/21a899645fc740ebecb4fa5e5d0af179e92e293125d38e3cf342d4457722fc3e.png,1,4526,IDA910N-25,TERMA | ترما
23ac6c3287f561b761e7ffe323362ceee0dbb4d68525d9d036fe9f15c577d055,/var/tmp/karzar-image-review/prior-batches/img02a02-pilot-001/previews/23ac6c3287f561b761e7ffe323362ceee0dbb4d68525d9d036fe9f15c577d055.png,1,3352,AST-COR255P,ASTPOWER | ای اس تی پاور
267d41f8936cd21d8b81eaeaa6a1a7b200eab60f0fd31aae227a00fb896500cc,/var/tmp/karzar-image-review/img02a02-remainder-all-pkg/previews/267d41f8936cd21d8b81eaeaa6a1a7b200eab60f0fd31aae227a00fb896500cc.png,2,"5841,5842","AST-T800500,AST-T900600",ASTPOWER | ای اس تی پاور
28236a1fa83bd7a29fd719df057e6e89e21adc89a7adf91c5f05dd9f2e332a1c,/var/tmp/karzar-image-review/prior-batches/img02a02-pilot-001/previews/28236a1fa83bd7a29fd719df057e6e89e21adc89a7adf91c5f05dd9f2e332a1c.jpg,1,4205,SO-546,SAN OU | سانو
28af61865b7b73578b0d48c5ebe569ff47f1dbf7e97a8ffc2c05ecdd72d52cf5,/var/tmp/karzar-image-review/prior-batches/img02a02-pilot-001/previews/28af61865b7b73578b0d48c5ebe569ff47f1dbf7e97a8ffc2c05ecdd72d52cf5.png,1,4513,IDE111N-12,TERMA | ترما
2934457a440393a3c270104829b4e29741d44957ed277dd3d324a76115b4a81b,/var/tmp/karzar-image-review/prior-batches/img02a02-pilot-001/previews/2934457a440393a3c270104829b4e29741d44957ed277dd3d324a76115b4a81b.png,1,4303,SO-13569,SAN OU | سانو
29a9af411f0447e3a303be43446b026003c5c482ab8abb27c6c90e3bf8a216ea,/var/tmp/karzar-image-review/prior-batches/img02a02-pilot-001/previews/29a9af411f0447e3a303be43446b026003c5c482ab8abb27c6c90e3bf8a216ea.png,5,"5891,5892,5893,5894,5895","33A-S5,33A-S7,33A-S10,33A-S12,33A-S16",ASTPOWER | ای اس تی پاور
2c8ff37a3516c61c3da630b65fed647f00cb5393f5f5f60a76347a791458e206,/var/tmp/karzar-image-review/prior-batches/img02a02-pilot-001/previews/2c8ff37a3516c61c3da630b65fed647f00cb5393f5f5f60a76347a791458e206.png,1,3257,AST-20MG,ASTPOWER | ای اس تی پاور
2c917274d863a02e8abbcef9deddb1a7a3defa3b9ec178716fd4d418384f7765,/var/tmp/karzar-image-review/prior-batches/img02a02-pilot-001/previews/2c917274d863a02e8abbcef9deddb1a7a3defa3b9ec178716fd4d418384f7765.jpg,1,3361,TU-D13E12,ASTPOWER | ای اس تی پاور
2d57b678c5544e88162bf43b5fa0890f7d8166bceb34e9aaf9db9debcb692598,/var/tmp/karzar-image-review/prior-batches/img02a02-pilot-001/previews/2d57b678c5544e88162bf43b5fa0890f7d8166bceb34e9aaf9db9debcb692598.png,1,3356,TU-TCOR355,ASTPOWER | ای اس تی پاور
2d95ada70f1ead7858bc2e6b6d22241ecd7c4f1b07050a1aa47ef120171c44b0,/var/tmp/karzar-image-review/img02a02-remainder-all-pkg/previews/2d95ada70f1ead7858bc2e6b6d22241ecd7c4f1b07050a1aa47ef120171c44b0.png,2,"4631,4632","MD320H-25,MD320H-50",TERMA | ترما
2ea98a76f244977581361612e736b9646311a5b15191594ba1d38f8839fd0ae3,/var/tmp/karzar-image-review/prior-batches/img02a02-pilot-001/previews/2ea98a76f244977581361612e736b9646311a5b15191594ba1d38f8839fd0ae3.png,1,3353,TU-TCOR205,ASTPOWER | ای اس تی پاور
2eb06385141f303bd71391a2357311f5056801aace771f59f0404edd5069f75b,/var/tmp/karzar-image-review/prior-batches/img02a02-pilot-001/previews/2eb06385141f303bd71391a2357311f5056801aace771f59f0404edd5069f75b.png,1,4656,TD230A,TERMA | ترما
320ba3295d7efa8245132072974109eb1942c2033ef3a2f9418c4ee5b0e8ffa9,/var/tmp/karzar-image-review/img02a02-remainder-all-pkg/previews/320ba3295d7efa8245132072974109eb1942c2033ef3a2f9418c4ee5b0e8ffa9.png,2,"4509,4510","CA920-500,CA920-600",TERMA | ترما
322104d241aecaa2fae5f97d7bbb79ea459faa4165bb78494b687cafe54840d6,/var/tmp/karzar-image-review/prior-batches/img02a02-pilot-001/previews/322104d241aecaa2fae5f97d7bbb79ea459faa4165bb78494b687cafe54840d6.png,4,"4443,4444,4445,4446","SO-13574,SO-13575,SO-13576,SO-13577",SAN OU | سانو
33dba09e70bd06849e69a0a80d1eb6b3684ac0f261148fbc79fa70f404ee5e60,/var/tmp/karzar-image-review/prior-batches/img02a02-pilot-001/previews/33dba09e70bd06849e69a0a80d1eb6b3684ac0f261148fbc79fa70f404ee5e60.png,1,4523,IDE111M-100,TERMA | ترما
3425d1cb39ec5528e9d47c0352d37116d1760afb761ce36f8b3bd0b1918a9ed5,/var/tmp/karzar-image-review/prior-batches/img02a02-batch-002/previews/3425d1cb39ec5528e9d47c0352d37116d1760afb761ce36f8b3bd0b1918a9ed5.png,1,4684,RDE111-3000,TERMA | ترما
3495e565d83bab3b46503b32717789e61fb8193459a88a7af07acc26787138f7,/var/tmp/karzar-image-review/prior-batches/img02a02-batch-002/previews/3495e565d83bab3b46503b32717789e61fb8193459a88a7af07acc26787138f7.png,1,3429,FB620,ASTPOWER | ای اس تی پاور
357f3f7286e117b82879a05f6dd2ede72fc8dd1116de2a54c80978ba53708ba3,/var/tmp/karzar-image-review/prior-batches/img02a02-batch-002/previews/357f3f7286e117b82879a05f6dd2ede72fc8dd1116de2a54c80978ba53708ba3.jpg,1,3294,AST-EH614,ASTPOWER | ای اس تی پاور
37e87fcbbd9564d17c4b22f91570814db1bd5f4660eab084f0473a1d213c83e4,/var/tmp/karzar-image-review/prior-batches/img02a02-batch-002/previews/37e87fcbbd9564d17c4b22f91570814db1bd5f4660eab084f0473a1d213c83e4.png,1,4668,LD290,TERMA | ترما
3b81a1e3948a398313d0f4bd64021163f7e176e72c64375878faaa69951b8f0c,/var/tmp/karzar-image-review/prior-batches/img02a02-batch-002/previews/3b81a1e3948a398313d0f4bd64021163f7e176e72c64375878faaa69951b8f0c.jpg,1,3297,AST-STW,ASTPOWER | ای اس تی پاور
3c73cc6776954a724340eafedb9f3578299cfd1284b0b7f08748bf1d9f974d19,/var/tmp/karzar-image-review/prior-batches/img02a02-batch-002/previews/3c73cc6776954a724340eafedb9f3578299cfd1284b0b7f08748bf1d9f974d19.png,1,4573,MD730C-25,TERMA | ترما
3e07de23eecc0aae2b0d796e041c54315552d6bd96399facb6441709a12a144d,/var/tmp/karzar-image-review/prior-batches/img02a02-batch-002/previews/3e07de23eecc0aae2b0d796e041c54315552d6bd96399facb6441709a12a144d.png,1,4552,CD520D,TERMA | ترما
4171985027b8452c22f0f1794b4ffb1b517a43b2ffbe852fa1ba75d632921be0,/var/tmp/karzar-image-review/prior-batches/img02a02-batch-002/previews/4171985027b8452c22f0f1794b4ffb1b517a43b2ffbe852fa1ba75d632921be0.png,1,4575,MD730F-25,TERMA | ترما
444f6866d7fbc73d413c8c21b8c172df303108c8e5a5b8e81dfd42f88091c2aa,/var/tmp/karzar-image-review/prior-batches/img02a02-batch-002/previews/444f6866d7fbc73d413c8c21b8c172df303108c8e5a5b8e81dfd42f88091c2aa.png,1,3293,AST-PRO/T150,ASTPOWER | ای اس تی پاور
486bca61284e8d54712ea12ef311ba7252c20a7c9b59e06824ef8126c5043943,/var/tmp/karzar-image-review/img02a02-remainder-all-pkg/previews/486bca61284e8d54712ea12ef311ba7252c20a7c9b59e06824ef8126c5043943.jpg,2,"3327,3431","AST-FTV313,FTV313",ASTPOWER | ای اس تی پاور
4871ceae8db43c1343de3fb1449b532783ed81375fab01be2c20a16fd40902ce,/var/tmp/karzar-image-review/prior-batches/img02a02-batch-002/previews/4871ceae8db43c1343de3fb1449b532783ed81375fab01be2c20a16fd40902ce.png,3,"4486,4487,4488","SDA100C-150,SDA100C-200,SDA100C-300",TERMA | ترما
4ae8ddc2df4a82101e17b6b6bb1d3c552e0b16960b0469c8524ec5c57c3c8375,/var/tmp/karzar-image-review/prior-batches/img02a02-batch-002/previews/4ae8ddc2df4a82101e17b6b6bb1d3c552e0b16960b0469c8524ec5c57c3c8375.png,1,4577,MD710DD-150,TERMA | ترما
4f2e7f3a59b54bb60e541dc8ab9d344a4f795acd9479e1288df417f6264f99e7,/var/tmp/karzar-image-review/prior-batches/img02a02-batch-002/previews/4f2e7f3a59b54bb60e541dc8ab9d344a4f795acd9479e1288df417f6264f99e7.png,1,3349,AST-PRO/T100,ASTPOWER | ای اس تی پاور
50958417d10549a5db017222ce23f7223fc4dcc4511f695cf39c27ebec8ab8a8,/var/tmp/karzar-image-review/prior-batches/img02a02-batch-002/previews/50958417d10549a5db017222ce23f7223fc4dcc4511f695cf39c27ebec8ab8a8.jpg,3,"3357,3359,6538","AST-E312,AST-E425,AST-E316",ASTPOWER | ای اس تی پاور
514c7f5543979716359f910abb44fa922cb6403297c2b78247c9be4a35875730,/var/tmp/karzar-image-review/img02a02-remainder-all-pkg/previews/514c7f5543979716359f910abb44fa922cb6403297c2b78247c9be4a35875730.png,2,"6202,6203","AST-GDI75,AST-GDI95",ASTPOWER | ای اس تی پاور
5334e7096915bc763289771e351ce746b0bed236e29e611d1c7b513816273106,/var/tmp/karzar-image-review/img02a02-remainder-all-pkg/previews/5334e7096915bc763289771e351ce746b0bed236e29e611d1c7b513816273106.jpg,2,"3298,6563","3001-1903-C,AST-SM",ASTPOWER | ای اس تی پاور
53d7bb1c87376841f6c79ec599b5a91a3d7cc55d4c30ca4da105a132e9f14095,/var/tmp/karzar-image-review/prior-batches/img02a02-batch-002/previews/53d7bb1c87376841f6c79ec599b5a91a3d7cc55d4c30ca4da105a132e9f14095.png,3,"6181,6182,6183","AST-GAT7,AST-GAT12,AST-GAT20",ASTPOWER | ای اس تی پاور
5456095d928548dea143f4b7a7de2f13cbde64432742b63318550dde1e91e30b,/var/tmp/karzar-image-review/prior-batches/img02a02-batch-002/previews/5456095d928548dea143f4b7a7de2f13cbde64432742b63318550dde1e91e30b.png,3,"4478,4479,4480","YDA100F-150,YDA100F-200,YDA100F-300",TERMA | ترما
5529fc26c04383a0380bf506554f97b5868cdc3d0f386a9e56bbb1e58fbbc555,/var/tmp/karzar-image-review/prior-batches/img02a02-batch-002/previews/5529fc26c04383a0380bf506554f97b5868cdc3d0f386a9e56bbb1e58fbbc555.jpg,1,3326,AST-32MG,ASTPOWER | ای اس تی پاور
5cbc4c651ba38475d911d48c315499c922c2a95e3cfbe9a45ca09803adbb2b20,/var/tmp/karzar-image-review/img02a02-remainder-all-pkg/previews/5cbc4c651ba38475d911d48c315499c922c2a95e3cfbe9a45ca09803adbb2b20.png,2,"4516,4517","IDA910-10,IDA910N-10",TERMA | ترما
5d02ece93459d2352d0eda19392be1a7704163ad652061ba1658bb154a9ddfe9,/var/tmp/karzar-image-review/prior-batches/img02a02-batch-002/previews/5d02ece93459d2352d0eda19392be1a7704163ad652061ba1658bb154a9ddfe9.png,1,4679,PD211,TERMA | ترما
5f8e2762c1c2b5ea35b16e708f2903e98c318dd487ee8096c37181b141b84ac5,/var/tmp/karzar-image-review/prior-batches/img02a02-batch-002/previews/5f8e2762c1c2b5ea35b16e708f2903e98c318dd487ee8096c37181b141b84ac5.png,1,4572,MD730B-25,TERMA | ترما
61970f5b24f944a9b5ab84ffa7f889d30e8a4f8ff49ca86f507950e240c01ec4,/var/tmp/karzar-image-review/prior-batches/img02a02-pilot-001/previews/61970f5b24f944a9b5ab84ffa7f889d30e8a4f8ff49ca86f507950e240c01ec4.png,4,"4646,4647,4648,4649","TDE111A-40,TDE111A-60,TDE111A-80,TDE111A-100",TERMA | ترما
61993a133adee23626db6061a0c655ec56d00e602500cb159a48fa87909fb28b,/var/tmp/karzar-image-review/prior-batches/img02a02-batch-002/previews/61993a133adee23626db6061a0c655ec56d00e602500cb159a48fa87909fb28b.png,1,6213,AST-VTVG1080,ASTPOWER | ای اس تی پاور
62e4674bae994301afafa0e5d5b68ad7a58b366e60612aa6509399759c35fff5,/var/tmp/karzar-image-review/prior-batches/img02a02-pilot-001/previews/62e4674bae994301afafa0e5d5b68ad7a58b366e60612aa6509399759c35fff5.png,1,4304,SO-13570,SAN OU | سانو
655c2aa8b1d1c9b286dc7976414de5a3760c704728b08f7a532d93a89bc4e34f,/var/tmp/karzar-image-review/img02a02-remainder-all-pkg/previews/655c2aa8b1d1c9b286dc7976414de5a3760c704728b08f7a532d93a89bc4e34f.png,2,"3256,3452","AST-13MA-2,AST-13MA",ASTPOWER | ای اس تی پاور
685768684ba281d2728638101815c6e10a85b87e8eac436a5edf7761402f950a,/var/tmp/karzar-image-review/prior-batches/img02a02-batch-002/previews/685768684ba281d2728638101815c6e10a85b87e8eac436a5edf7761402f950a.jpg,3,"4207,4208,4209","SO-574,SO-624,SO-626",SAN OU | سانو
6876b1b598984ac3160c5ceb6ca1e4fc05b8a7065cb586c30135b90f9692976a,/var/tmp/karzar-image-review/prior-batches/img02a02-batch-002/previews/6876b1b598984ac3160c5ceb6ca1e4fc05b8a7065cb586c30135b90f9692976a.png,1,4525,IDE111N-50,TERMA | ترما
6a6171de0f2b575c08e5e1d66834a9c79ea840b65dabede269e6c12838b2b576,/var/tmp/karzar-image-review/prior-batches/img02a02-batch-002/previews/6a6171de0f2b575c08e5e1d66834a9c79ea840b65dabede269e6c12838b2b576.png,1,4514,IDE110M-12,TERMA | ترما
6a80aaf7edeffba6e511ca90880dc6ff7b48ea664066d9076f3ccedacd34536e,/var/tmp/karzar-image-review/prior-batches/img02a02-pilot-001/previews/6a80aaf7edeffba6e511ca90880dc6ff7b48ea664066d9076f3ccedacd34536e.png,6,"4640,4641,4642,4643,4644,4645","TDE130B-15,TDE130B-30,TDE130B-50,TDE130B-100,TDE130B-150,TDE130B-200",TERMA | ترما
7196ce677b9d63ebe5b98a5210d66f30bb87f32dca5d1d8306470c4a30d0fe4e,/var/tmp/karzar-image-review/prior-batches/img02a02-pilot-001/previews/7196ce677b9d63ebe5b98a5210d66f30bb87f32dca5d1d8306470c4a30d0fe4e.png,5,"4565,4566,4567,4568,4569","MD730-25,MD730-50,MD730-75,MD730-100,MD730-125",TERMA | ترما
72bfef1b0f140a5291667426cd2fd1c43d4d0821333820df47a0e7ce33066f03,/var/tmp/karzar-image-review/img02a02-remainder-all-pkg/previews/72bfef1b0f140a5291667426cd2fd1c43d4d0821333820df47a0e7ce33066f03.png,2,"6144,6145","AST-CS-6,AST-CS-8",ASTPOWER | ای اس تی پاور
7338918e511946e288b0bbaee8e48c9440cc26cd95ef42b0748f9fdd2f45a8f8,/var/tmp/karzar-image-review/img02a02-remainder-all-pkg/previews/7338918e511946e288b0bbaee8e48c9440cc26cd95ef42b0748f9fdd2f45a8f8.png,1,4658,TD230C,TERMA | ترما
7626aa6df3107b9db222a9aba31eba8fcb6e1db649b712db60cc44d29afd37a7,/var/tmp/karzar-image-review/prior-batches/img02a02-batch-002/previews/7626aa6df3107b9db222a9aba31eba8fcb6e1db649b712db60cc44d29afd37a7.png,3,"4492,4493,4494","YDA100A-150,YDA100A-200,YDA100A-300",TERMA | ترما
7a781e502e8d2435a75542a598d55e35af08ed83d9a023708c3dc09613b66fcb,/var/tmp/karzar-image-review/prior-batches/img02a02-pilot-001/previews/7a781e502e8d2435a75542a598d55e35af08ed83d9a023708c3dc09613b66fcb.png,5,"5896,5897,5898,5899,5900","4A-S5,4A-S7,4A-S10,4A-S12,4A-S16",ASTPOWER | ای اس تی پاور
7ac6d500a683eafabb31e96f6a1de7195be210898126be6ada784b6fce11f509,/var/tmp/karzar-image-review/prior-batches/img02a02-batch-002/previews/7ac6d500a683eafabb31e96f6a1de7195be210898126be6ada784b6fce11f509.png,1,6134,AST-BS1-8,ASTPOWER | ای اس تی پاور
7b6aca216062999a9b07b587aeef23cdad755761afb011878a259b9ef5486503,/var/tmp/karzar-image-review/img02a02-remainder-all-pkg/previews/7b6aca216062999a9b07b587aeef23cdad755761afb011878a259b9ef5486503.png,1,4685,SD710,TERMA | ترما
82a2dd6b0518fc42e47860006b9bcbc3045099d9d55b4204203f457b766f8a65,/var/tmp/karzar-image-review/prior-batches/img02a02-pilot-001/previews/82a2dd6b0518fc42e47860006b9bcbc3045099d9d55b4204203f457b766f8a65.png,6,"4578,4579,4580,4581,4582,4583","MA210-25,MA210-50,MA210-75,MA210-100,MA210-125,MA210-150",TERMA | ترما
837df6139a912e620aed291c816b8b7d40d930f527d3295ffbdab1b8dc91f351,/var/tmp/karzar-image-review/img02a02-remainder-all-pkg/previews/837df6139a912e620aed291c816b8b7d40d930f527d3295ffbdab1b8dc91f351.png,1,4633,MA310,TERMA | ترما
83ebc797b130545e015db082d40c777bc79b94c8a336b9b7c418f65bc2ba751e,/var/tmp/karzar-image-review/prior-batches/img02a02-batch-002/previews/83ebc797b130545e015db082d40c777bc79b94c8a336b9b7c418f65bc2ba751e.png,3,"4472,4473,4474","CDA100-150,CDA100-200,CDA100-300",TERMA | ترما
897eefa1e8f70c5ce0c481f4dfcdb380ca64a8ff6158bf71ad2ae4af0c7d95e7,/var/tmp/karzar-image-review/prior-batches/img02a02-batch-002/previews/897eefa1e8f70c5ce0c481f4dfcdb380ca64a8ff6158bf71ad2ae4af0c7d95e7.png,4,"6204,6205,6206,6207","AST-DV76,AST-DV102,AST-DV152,AST-DV203",ASTPOWER | ای اس تی پاور
8a37236ea105bcd53c954b9051bee412ae744c6f1bd2b1cc403293414ef04328,/var/tmp/karzar-image-review/prior-batches/img02a02-batch-002/previews/8a37236ea105bcd53c954b9051bee412ae744c6f1bd2b1cc403293414ef04328.jpg,1,3330,AST-230MA,ASTPOWER | ای اس تی پاور
8b15bd5a1cd6c2f22b3d5419ef8599b29a795b0088272fa886b31b1279152db2,/var/tmp/karzar-image-review/prior-batches/img02a02-pilot-001/previews/8b15bd5a1cd6c2f22b3d5419ef8599b29a795b0088272fa886b31b1279152db2.png,6,"4650,4651,4652,4653,4654,4655","TDE111B-35,TDE111B-55,TDE111B-75,TDE111B-95,TDE111B-115,TDE111B-135",TERMA | ترما
8bbd623fb4cdc257161df7760c2fb6d6f4d1b982d0b77c7834865fb495e4670b,/var/tmp/karzar-image-review/img02a02-remainder-all-pkg/previews/8bbd623fb4cdc257161df7760c2fb6d6f4d1b982d0b77c7834865fb495e4670b.png,1,4597,MA210C-25,TERMA | ترما
8d257f0e41c1e70b6a3cf1f321121e84ada2cfa5a22ea52f4d9cfb44a2ad9a3b,/var/tmp/karzar-image-review/img02a02-remainder-all-pkg/previews/8d257f0e41c1e70b6a3cf1f321121e84ada2cfa5a22ea52f4d9cfb44a2ad9a3b.png,1,4687,IDE120,TERMA | ترما
8e1c1b9ab80e6cd6c39b4929476b7a51cb3751f6a9626d6a08fd60dceda750f5,/var/tmp/karzar-image-review/img02a02-remainder-all-pkg/previews/8e1c1b9ab80e6cd6c39b4929476b7a51cb3751f6a9626d6a08fd60dceda750f5.png,2,"6147,6148","AST-VUT-150,AST-VUT-200",ASTPOWER | ای اس تی پاور
8e363931e2e039083c14f6cd0eaee633d11781344f9f7c813a45d8275157e5af,/var/tmp/karzar-image-review/prior-batches/img02a02-batch-002/previews/8e363931e2e039083c14f6cd0eaee633d11781344f9f7c813a45d8275157e5af.png,4,"4625,4626,4627,4628","MD710-25,MD710-50,MD710-75,MD710-100",TERMA | ترما
913cf8b1a9d942ff7e6dfa9301700f3c3cba48874137c5fe0db483681dca2b53,/var/tmp/karzar-image-review/img02a02-remainder-all-pkg/previews/913cf8b1a9d942ff7e6dfa9301700f3c3cba48874137c5fe0db483681dca2b53.png,2,"4512,4521","IDE111M-12,IDE111M-25",TERMA | ترما
924faf4dca3a33b621fa5e640c8d6992cfba9b4d7ddff16436707b215308b206,/var/tmp/karzar-image-review/prior-batches/img02a02-batch-002/previews/924faf4dca3a33b621fa5e640c8d6992cfba9b4d7ddff16436707b215308b206.jpg,1,3424,AST-EH14,ASTPOWER | ای اس تی پاور
925cf104f1e843d37a6808f03c5af4664cd18467b30406739468781759c469dc,/var/tmp/karzar-image-review/img02a02-remainder-all-pkg/previews/925cf104f1e843d37a6808f03c5af4664cd18467b30406739468781759c469dc.png,1,4681,TGE280,TERMA | ترما
92bfa582d917b5e4da6df116634f02116c49b40616e789843fe8013e4fff4b70,/var/tmp/karzar-image-review/prior-batches/img02a02-batch-002/previews/92bfa582d917b5e4da6df116634f02116c49b40616e789843fe8013e4fff4b70.png,3,"4466,4467,4468","CB210-150,CB210-200,CB210-300",TERMA | ترما
9768d1b7ea2afec37b0650bf1b91c5479bd3869a2127b087d829dca5d69bdb09,/var/tmp/karzar-image-review/prior-batches/img02a02-pilot-001/previews/9768d1b7ea2afec37b0650bf1b91c5479bd3869a2127b087d829dca5d69bdb09.png,5,"4688,4689,4690,4691,4692","IB210N-20,IB210N-25,IB210N-30,IB210N-50,IB210N-100",TERMA | ترما
983669fd13627b924cd92ba33942d14e3b0d0a210c9cbeb8fac3da75944f64e4,/var/tmp/karzar-image-review/prior-batches/img02a02-batch-002/previews/983669fd13627b924cd92ba33942d14e3b0d0a210c9cbeb8fac3da75944f64e4.png,3,"4469,4470,4471","CD185-150,CD185-200,CD185-300",TERMA | ترما
99ee47990930f72c2b3ff17857f502ad7a588b502fb3fa7e16e187e975be2bfa,/var/tmp/karzar-image-review/img02a02-remainder-all-pkg/previews/99ee47990930f72c2b3ff17857f502ad7a588b502fb3fa7e16e187e975be2bfa.png,1,6587,AST-COR305P,ASTPOWER | ای اس تی پاور
9a5f818cbbeeaa310b923109c12f1053d0457dd419bc647f389370ede552519f,/var/tmp/karzar-image-review/img02a02-remainder-all-pkg/previews/9a5f818cbbeeaa310b923109c12f1053d0457dd419bc647f389370ede552519f.png,1,3331,AST-SPARK3000,ASTPOWER | ای اس تی پاور
9b312159710fa21c4e37329d7f4fd76261a822c7111db92fa8c5c11c5cedf321,/var/tmp/karzar-image-review/img02a02-remainder-all-pkg/previews/9b312159710fa21c4e37329d7f4fd76261a822c7111db92fa8c5c11c5cedf321.png,1,3324,AST-15MA,ASTPOWER | ای اس تی پاور
9c780c976dbe6066d853a1ff4513c15916e30011bd28f26547e2f8edea3d71b1,/var/tmp/karzar-image-review/img02a02-remainder-all-pkg/previews/9c780c976dbe6066d853a1ff4513c15916e30011bd28f26547e2f8edea3d71b1.jpg,2,"3263,3439","AST-TS42,TS42",ASTPOWER | ای اس تی پاور
9e33becf2f3644406da3e5ff369f8a8b5421c176c4fd8feb843a7e5eca6be0c4,/var/tmp/karzar-image-review/prior-batches/img02a02-batch-002/previews/9e33becf2f3644406da3e5ff369f8a8b5421c176c4fd8feb843a7e5eca6be0c4.png,3,"4637,4638,4639","TDE130A-30,TDE130A-50,TDE130A-100",TERMA | ترما
9e4a6b261038e30979e34015ef43ba46c9ea0b3b3f9640c15446afc96b595a1a,/var/tmp/karzar-image-review/img02a02-remainder-all-pkg/previews/9e4a6b261038e30979e34015ef43ba46c9ea0b3b3f9640c15446afc96b595a1a.jpg,2,"3325,3453","AST-26MA-2,AST-26MA",ASTPOWER | ای اس تی پاور
9f741b9c707483b0f3da59e2116e4b0c47939f5e58775136e394cd5cd4aaeedb,/var/tmp/karzar-image-review/img02a02-remainder-all-pkg/previews/9f741b9c707483b0f3da59e2116e4b0c47939f5e58775136e394cd5cd4aaeedb.png,1,4596,MA210B-25,TERMA | ترما
a0ab6089ee6521e1888fa66e68c09b9a45bf5200eb661561cb72fe7d957709e2,/var/tmp/karzar-image-review/img02a02-remainder-all-pkg/previews/a0ab6089ee6521e1888fa66e68c09b9a45bf5200eb661561cb72fe7d957709e2.jpg,2,"3329,6530","AST-830MA,AST-832MA",ASTPOWER | ای اس تی پاور
a25fab1f210725ad124a13264a5102b9e11d7f9a5baf8c5d98309917fb8815cd,/var/tmp/karzar-image-review/img02a02-remainder-all-pkg/previews/a25fab1f210725ad124a13264a5102b9e11d7f9a5baf8c5d98309917fb8815cd.png,2,"4558,4559","HDE650-300,HDE650-600",TERMA | ترما
a2ca499fde90b83c2162ba8556bf93e94294982b36920ea14599c5d07f023b79,/var/tmp/karzar-image-review/prior-batches/img02a02-pilot-001/previews/a2ca499fde90b83c2162ba8556bf93e94294982b36920ea14599c5d07f023b79.png,12,"4584,4585,4586,4587,4588,4589,4590,4591,4592,4593,4594,4595","MA220-25,MA220-50,MA220-75,MA220-100,MA220-125,MA220-150,MA220-175,MA220-200,MA220-225,MA220-250,MA220-275,MA220-300",TERMA | ترما
a3f4c0146d25c74e57787c2dee0e77cf0f19ebd75dd90d8a76f7bdc092927477,/var/tmp/karzar-image-review/prior-batches/img02a02-pilot-001/previews/a3f4c0146d25c74e57787c2dee0e77cf0f19ebd75dd90d8a76f7bdc092927477.png,5,"4456,4457,4458,4459,4460","SO-13632,SO-13633,SO-13634,SO-13635,SO-13636",SAN OU | سانو
a4abd7147489029ea0385b9e32bbe294c21e613432a78df620086f8b526befc5,/var/tmp/karzar-image-review/img02a02-remainder-all-pkg/previews/a4abd7147489029ea0385b9e32bbe294c21e613432a78df620086f8b526befc5.png,1,4686,MD710H,TERMA | ترما
a4c22a8da2045c710272813739335c6bea9c2237c258acb44b8458e8f7038444,/var/tmp/karzar-image-review/img02a02-remainder-all-pkg/previews/a4c22a8da2045c710272813739335c6bea9c2237c258acb44b8458e8f7038444.png,1,3303,AST-BS2-8,ASTPOWER | ای اس تی پاور
a526e30117f7f5eb6fdd3e82eeaef76cb3671278ce41a0e5d0cf8fd1b9018b71,/var/tmp/karzar-image-review/prior-batches/img02a02-pilot-001/previews/a526e30117f7f5eb6fdd3e82eeaef76cb3671278ce41a0e5d0cf8fd1b9018b71.png,10,"4422,4423,4424,4425,4426,4427,4428,4429,4432,4433","SO-13619,SO-13620,SO-13621,SO-13622,SO-13623,SO-13624,SO-13625,SO-13626,SO-13630,SO-13631",SAN OU | سانو
a77b7671abad696b54b1d025d261016056eeade386d1c313c864e362f881a6d5,/var/tmp/karzar-image-review/img02a02-remainder-all-pkg/previews/a77b7671abad696b54b1d025d261016056eeade386d1c313c864e362f881a6d5.png,1,4504,CD960A-500,TERMA | ترما
a80ad0d1645d81adc1c002b3a4507d4e6d9bc019c511d88dfc11569b9ac12efa,/var/tmp/karzar-image-review/img02a02-remainder-all-pkg/previews/a80ad0d1645d81adc1c002b3a4507d4e6d9bc019c511d88dfc11569b9ac12efa.png,1,4664,SN730-25,TERMA | ترما
a9219431ba4278aa9797089c7cbfbd88300cbebc5d38e241e2eee71f7707eb35,/var/tmp/karzar-image-review/img02a02-remainder-all-pkg/previews/a9219431ba4278aa9797089c7cbfbd88300cbebc5d38e241e2eee71f7707eb35.png,2,"5845,5846","AST-DP19,AST-DP31",ASTPOWER | ای اس تی پاور
aa8057e886f5fa24f38b3a79cb6afcfd2133933ed063008a25ed4148535e4123,/var/tmp/karzar-image-review/img02a02-remainder-all-pkg/previews/aa8057e886f5fa24f38b3a79cb6afcfd2133933ed063008a25ed4148535e4123.png,1,4553,CD580D,TERMA | ترما
aabba172a72b01112874f2d387dd52a25ff6cc9f383d007def3191c30e490a72,/var/tmp/karzar-image-review/img02a02-remainder-all-pkg/previews/aabba172a72b01112874f2d387dd52a25ff6cc9f383d007def3191c30e490a72.png,1,4511,IDE111N-100,TERMA | ترما
aaec4036c77d145129c7e5613abd14e768c92e0cde25799ffb4952c085c58072,/var/tmp/karzar-image-review/img02a02-remainder-all-pkg/previews/aaec4036c77d145129c7e5613abd14e768c92e0cde25799ffb4952c085c58072.png,1,4524,IDE111N-25,TERMA | ترما
ab0bb088e57e68eac1513901123b4939787450c38ce39dbfa4b31bc5537b716f,/var/tmp/karzar-image-review/img02a02-remainder-all-pkg/previews/ab0bb088e57e68eac1513901123b4939787450c38ce39dbfa4b31bc5537b716f.png,1,1518,5223-3105,Dasqua | داسکوا
b55fed824f43277af6baf33ec665ff558dfd049834c1b035f9ab828ec7e8e488,/var/tmp/karzar-image-review/img02a02-remainder-all-pkg/previews/b55fed824f43277af6baf33ec665ff558dfd049834c1b035f9ab828ec7e8e488.png,1,1221,2020-1005,Dasqua | داسکوا
b5a8f42af6099ee6494fb093246ad8bf735973e391789bbdd55320656639a827,/var/tmp/karzar-image-review/img02a02-remainder-all-pkg/previews/b5a8f42af6099ee6494fb093246ad8bf735973e391789bbdd55320656639a827.png,1,3374,AST-COR100,ASTPOWER | ای اس تی پاور
b6a0fa4bcc23cecca4a4ad6bcf9c6fdfc536a9ddf0681dbc706e22f83d482042,/var/tmp/karzar-image-review/img02a02-remainder-all-pkg/previews/b6a0fa4bcc23cecca4a4ad6bcf9c6fdfc536a9ddf0681dbc706e22f83d482042.png,1,3354,TU-TCOR305,ASTPOWER | ای اس تی پاور
bb71c18c3f9d6eff5240cf3351d2e544612a86940db3db73edcb304144a9ba9b,/var/tmp/karzar-image-review/img02a02-remainder-all-pkg/previews/bb71c18c3f9d6eff5240cf3351d2e544612a86940db3db73edcb304144a9ba9b.png,3,"4300,4301,4302","SO-13538,SO-13529,SO-13534",SAN OU | سانو
be2a7105a272c9c88e2debbfe1f048eab1b4b54152e9c2fe5fae66c46002c653,/var/tmp/karzar-image-review/prior-batches/img02a02-pilot-001/previews/be2a7105a272c9c88e2debbfe1f048eab1b4b54152e9c2fe5fae66c46002c653.png,6,"1354,1355,1356,1357,1358,1359","4210-2135,4210-2140,4210-2145,4210-2150,4210-2155,4210-2160",Dasqua | داسکوا
be73caabe22aea3b61171756b5905d4119de23a47c6d6698ff509584138f2af9,/var/tmp/karzar-image-review/img02a02-remainder-all-pkg/previews/be73caabe22aea3b61171756b5905d4119de23a47c6d6698ff509584138f2af9.png,2,"4682,4683","DS220A,DS220D",TERMA | ترما
befd8bb9414dfed54417812190c90da51383148857e3e8ceecf748777435de48,/var/tmp/karzar-image-review/prior-batches/img02a02-pilot-001/previews/befd8bb9414dfed54417812190c90da51383148857e3e8ceecf748777435de48.png,5,"6208,6209,6210,6211,6212","AST-TSG76,AST-TSG102,AST-TSG125,AST-TSG152,AST-TSG203",ASTPOWER | ای اس تی پاور
c0a5bc1610ad30bb36687bad3cf7f2148732b31e62ee67da72f9792b9a22805d,/var/tmp/karzar-image-review/img02a02-remainder-all-pkg/previews/c0a5bc1610ad30bb36687bad3cf7f2148732b31e62ee67da72f9792b9a22805d.png,1,4531,IB220N,TERMA | ترما
c0d45bfc5b9c4edf6a7c61237182ea60c6287473ae3b03ca46251f7af7da4685,/var/tmp/karzar-image-review/img02a02-remainder-all-pkg/previews/c0d45bfc5b9c4edf6a7c61237182ea60c6287473ae3b03ca46251f7af7da4685.png,1,4667,LD280,TERMA | ترما
c2aa2fbdc4fa4c599ec8dc09803cebadeb01b811e4f2478f4003dfd29af9e063,/var/tmp/karzar-image-review/prior-batches/img02a02-pilot-001/previews/c2aa2fbdc4fa4c599ec8dc09803cebadeb01b811e4f2478f4003dfd29af9e063.png,11,"4345,4349,4350,4351,4352,4355,4361,4362,4363,4369,4370","SO-13558,SO-13559,SO-13560,SO-13563,SO-13564,SO-13544,SO-13548,SO-13533,SO-13550,SO-13552,SO-13539",SAN OU | سانو
c3cd418c874b3c23f7e6caf72f6231fecbad14c377def6a020d7bba9eb54761c,/var/tmp/karzar-image-review/prior-batches/img02a02-pilot-001/previews/c3cd418c874b3c23f7e6caf72f6231fecbad14c377def6a020d7bba9eb54761c.png,5,"1570,1571,1572,1573,1574","5511-2105,5511-2110,5511-2115,5511-2120,5511-2130",Dasqua | داسکوا
c3e6ce02126f35680d2ef2973a7c7c65299de18b7736a2be0127cba35362adec,/var/tmp/karzar-image-review/img02a02-remainder-all-pkg/previews/c3e6ce02126f35680d2ef2973a7c7c65299de18b7736a2be0127cba35362adec.png,1,4527,IDA910N-50,TERMA | ترما
c79c11a60abe45c01e8e7dd29665a97a1f15b0ac5a80dd502c5c7b3875c91430,/var/tmp/karzar-image-review/img02a02-remainder-all-pkg/previews/c79c11a60abe45c01e8e7dd29665a97a1f15b0ac5a80dd502c5c7b3875c91430.png,1,6133,AST-BS1-6,ASTPOWER | ای اس تی پاور
c7fd47f316b960802719da4150f4c9ddcf9dd0c2c3a5416b1dc92ac65050eeb4,/var/tmp/karzar-image-review/img02a02-remainder-all-pkg/previews/c7fd47f316b960802719da4150f4c9ddcf9dd0c2c3a5416b1dc92ac65050eeb4.png,3,"4495,4496,4497","YDA100C-150,YDA100C-200,YDA100C-300",TERMA | ترما
c8128087fbc9658dc5e1e433b3c22dcb38cf073ceaf29f450d8d0386bbcac1d1,/var/tmp/karzar-image-review/prior-batches/img02a02-pilot-001/previews/c8128087fbc9658dc5e1e433b3c22dcb38cf073ceaf29f450d8d0386bbcac1d1.png,10,"5847,5848,5849,5850,5851,5852,5853,5854,5855,5856","AST-DID19/20,AST-DID19/25,AST-DID19/30,AST-DID19/38,AST-DID31/20,AST-DID31/25,AST-DID31/30,AST-DID31/38,AST-DID31/45,AST-DID31/55",ASTPOWER | ای اس تی پاور
c8ea63c30ac48f50bb43d01f175fa4c6d85c40ac6d601dbe917ff6a9b6946134,/var/tmp/karzar-image-review/img02a02-remainder-all-pkg/previews/c8ea63c30ac48f50bb43d01f175fa4c6d85c40ac6d601dbe917ff6a9b6946134.jpg,2,"3259,3260","AST-F20,AST-F30",ASTPOWER | ای اس تی پاور
ca1357d4e646068cd1f63cc6eadcab72d497d3fbccfae3aa87f2aedd6bfd5e12,/var/tmp/karzar-image-review/img02a02-remainder-all-pkg/previews/ca1357d4e646068cd1f63cc6eadcab72d497d3fbccfae3aa87f2aedd6bfd5e12.png,2,"4629,4630","MDA910-25,MDA910-100",TERMA | ترما
cbf88aa6f2687c576e91723ed22b79ef2482e8f3a02b194fd400137b323c9746,/var/tmp/karzar-image-review/img02a02-remainder-all-pkg/previews/cbf88aa6f2687c576e91723ed22b79ef2482e8f3a02b194fd400137b323c9746.jpg,1,3296,AST-TMS20,ASTPOWER | ای اس تی پاور
ccc867d093cc03fd42a6e60432d36fd043507c3008f1fe7ad4e2825130bf76f5,/var/tmp/karzar-image-review/prior-batches/img02a02-pilot-001/previews/ccc867d093cc03fd42a6e60432d36fd043507c3008f1fe7ad4e2825130bf76f5.png,5,"5886,5887,5888,5889,5890","3A-S5,3A-S7,3A-S10,3A-S12,3A-S16",ASTPOWER | ای اس تی پاور
ce6592636518455ca0b9b00ae59e4cc5526ebee1be792bca3decdb859fe231d8,/var/tmp/karzar-image-review/img02a02-remainder-all-pkg/previews/ce6592636518455ca0b9b00ae59e4cc5526ebee1be792bca3decdb859fe231d8.png,3,"4475,4476,4477","YDA100E-150,YDA100E-200,YDA100E-300",TERMA | ترما
d39c05115c8d789c5d0295c9fdbeaa1b9e05ce1df7ab52e1a0fe9660e07ab963,/var/tmp/karzar-image-review/img02a02-remainder-all-pkg/previews/d39c05115c8d789c5d0295c9fdbeaa1b9e05ce1df7ab52e1a0fe9660e07ab963.png,1,3328,AST-MF14,ASTPOWER | ای اس تی پاور
d47a14c6da56be733e90cb8e4696cf94ee292f68d63014dda136db278e08d33b,/var/tmp/karzar-image-review/prior-batches/img02a02-batch-002/previews/d47a14c6da56be733e90cb8e4696cf94ee292f68d63014dda136db278e08d33b.png,4,"4675,4676,4677,4678","PD270D-150,PD270D-200,PD270D-300,PD270D-600",TERMA | ترما
d4a63b2da60c5ad44dbf8285f7a602d454607903ac39ccc7cb841f6d69e42514,/var/tmp/karzar-image-review/img02a02-remainder-all-pkg/previews/d4a63b2da60c5ad44dbf8285f7a602d454607903ac39ccc7cb841f6d69e42514.png,1,4666,LD250,TERMA | ترما
d587d7db2a258cef460ee576ad55171ab44cb7a3f29e5d88b0749745e8ac11bc,/var/tmp/karzar-image-review/img02a02-remainder-all-pkg/previews/d587d7db2a258cef460ee576ad55171ab44cb7a3f29e5d88b0749745e8ac11bc.png,1,4680,TG710M-25,TERMA | ترما
d693c72c81c8b66fcf8e8ef88daaad1b2a2730153dfad5a7b9170b6220f055fe,/var/tmp/karzar-image-review/img02a02-remainder-all-pkg/previews/d693c72c81c8b66fcf8e8ef88daaad1b2a2730153dfad5a7b9170b6220f055fe.png,1,4560,HDA620-300,TERMA | ترما
d75d544ff952a07cc321aaaea2577ba78b63e0352bb856119aaba9ec8d3c2b68,/var/tmp/karzar-image-review/img02a02-remainder-all-pkg/previews/d75d544ff952a07cc321aaaea2577ba78b63e0352bb856119aaba9ec8d3c2b68.png,3,"6197,6198,6199","AST-GZD160,AST-GZD210,AST-GZD270",ASTPOWER | ای اس تی پاور
d8366f6533da3a6c89941f6e25fd90c18a7ddc6c71dcf65f55f31fbbd46bdc98,/var/tmp/karzar-image-review/img02a02-remainder-all-pkg/previews/d8366f6533da3a6c89941f6e25fd90c18a7ddc6c71dcf65f55f31fbbd46bdc98.png,3,"4483,4484,4485","CDE210-150,CDE210-200,CDE210-300",TERMA | ترما
d8f180f785cb7a3d50136e2051bbc6947002980591636885e763e5da6f02b9af,/var/tmp/karzar-image-review/prior-batches/img02a02-pilot-001/previews/d8f180f785cb7a3d50136e2051bbc6947002980591636885e763e5da6f02b9af.png,9,"6135,6136,6137,6138,6139,6140,6141,6142,6143","AST-HV-4,AST-HV-5,AST-HV-6,AST-HV-8,AST-HV-10,AST-HV-12,AST-HV-14,AST-HV-16,AST-HV-20",ASTPOWER | ای اس تی پاور
d93cb0b692b6a7e021ce9f526081e388f9ac811695f742f231564d0d5b54249c,/var/tmp/karzar-image-review/img02a02-remainder-all-pkg/previews/d93cb0b692b6a7e021ce9f526081e388f9ac811695f742f231564d0d5b54249c.png,1,3299,AST-BSB,ASTPOWER | ای اس تی پاور
da4cfba10f40496f17ce16d7b354af707b65efbaa7068d5ad29e546e0441403d,/var/tmp/karzar-image-review/img02a02-remainder-all-pkg/previews/da4cfba10f40496f17ce16d7b354af707b65efbaa7068d5ad29e546e0441403d.png,1,4515,IDE110N-12,TERMA | ترما
deec248a3ebf999e94a936b064ff81aa963d68c2aaa5acef30fa39caaeb99f7b,/var/tmp/karzar-image-review/img02a02-remainder-all-pkg/previews/deec248a3ebf999e94a936b064ff81aa963d68c2aaa5acef30fa39caaeb99f7b.png,1,6149,AST-VUT-250,ASTPOWER | ای اس تی پاور
e026c56e6356f733f53082e8580c91b6b605d5a06b1b3118d77a901400333e14,/var/tmp/karzar-image-review/img02a02-remainder-all-pkg/previews/e026c56e6356f733f53082e8580c91b6b605d5a06b1b3118d77a901400333e14.png,1,3332,AST-SPARK600,ASTPOWER | ای اس تی پاور
e248f9e52dd8e28b4c30ce440abbff66ad595e531ce3b9b04efc1d5740120f0d,/var/tmp/karzar-image-review/prior-batches/img02a02-pilot-001/previews/e248f9e52dd8e28b4c30ce440abbff66ad595e531ce3b9b04efc1d5740120f0d.png,23,"4602,4603,4604,4605,4606,4607,4608,4609,4610,4611,4612,4613,4614,4615,4616,4617,4618,4619,4620,4621,4622,4623,4624","MA250H-6,MA250H-8,MA250H-10,MA250H-12,MA250H-16,MA250H-20,MA250H-25,MA250H-30,MA250H-40,MA250H-50,MA250H-62,MA250H-75,MA250H-87,MA250H-100,MA250H-125,MA250H-150,MA250H-175,MA250H-200,MA250H-225,MA250H-250,MA250H-275,MA250H-300,MA250H-325",TERMA | ترما
e49006527899e86a9d302700f12b74bda2585fe50467fe4b89b95974cb8a6542,/var/tmp/karzar-image-review/img02a02-remainder-all-pkg/previews/e49006527899e86a9d302700f12b74bda2585fe50467fe4b89b95974cb8a6542.jpg,2,"3262,3438","AST-TS20,TS20",ASTPOWER | ای اس تی پاور
e655a0fea27f80d501aafc9ba28e56f788e6622fbf6292d29f26c9ef49eb0a17,/var/tmp/karzar-image-review/img02a02-remainder-all-pkg/previews/e655a0fea27f80d501aafc9ba28e56f788e6622fbf6292d29f26c9ef49eb0a17.png,1,3292,AST-PRO/T65,ASTPOWER | ای اس تی پاور
e6b0b6dbe1ad23b5c63ba425bb1ae70f0271a13a28f4ffe37ba1b6aff8b76f33,/var/tmp/karzar-image-review/img02a02-remainder-all-pkg/previews/e6b0b6dbe1ad23b5c63ba425bb1ae70f0271a13a28f4ffe37ba1b6aff8b76f33.png,1,3301,AST-BS0-5,ASTPOWER | ای اس تی پاور
e6dd1d3bba1ceda59edf9819ff0e92b4605d0b5a2df0c788471ebec683de8d7d,/var/tmp/karzar-image-review/img02a02-remainder-all-pkg/previews/e6dd1d3bba1ceda59edf9819ff0e92b4605d0b5a2df0c788471ebec683de8d7d.png,1,4555,DG950B,TERMA | ترما
e6df0aea6da078163fe8186e46b01bfa9c8dd44e297a90740aeb83d362072378,/var/tmp/karzar-image-review/img02a02-remainder-all-pkg/previews/e6df0aea6da078163fe8186e46b01bfa9c8dd44e297a90740aeb83d362072378.png,2,"4599,4600","MA210E-25,MA210F-25",TERMA | ترما
e80a855fd9533f6a085797ee26a8a56ac1c0303a30a60a6732dde25d518af12e,/var/tmp/karzar-image-review/img02a02-remainder-all-pkg/previews/e80a855fd9533f6a085797ee26a8a56ac1c0303a30a60a6732dde25d518af12e.jpg,1,3261,AST-T20,ASTPOWER | ای اس تی پاور
e916569b8b722346416b77a0b2d84a20b51d3e176348570a1bcab041948ecd6d,/var/tmp/karzar-image-review/prior-batches/img02a02-pilot-001/previews/e916569b8b722346416b77a0b2d84a20b51d3e176348570a1bcab041948ecd6d.png,6,"5880,5881,5882,5883,5884,5885","2A-S5,2A-S7,2A-S8,2A-S10,2A-S12,2A-S16",ASTPOWER | ای اس تی پاور
ed1b8de9a24b149692a4792735432024c6157b419321ae281d67898db1ea7bfb,/var/tmp/karzar-image-review/img02a02-remainder-all-pkg/previews/ed1b8de9a24b149692a4792735432024c6157b419321ae281d67898db1ea7bfb.png,1,4576,MD730G-25,TERMA | ترما
ed4d16fc879f09dfbc5f5c39c861be90ac919e8836dedeb0a6d713b83e83e1b3,/var/tmp/karzar-image-review/img02a02-remainder-all-pkg/previews/ed4d16fc879f09dfbc5f5c39c861be90ac919e8836dedeb0a6d713b83e83e1b3.png,3,"4185,4186,4187","SO-13637,SO-13638,SO-13639",SAN OU | سانو
edae5df10eb27be0a8654db4b7db8a19658ea93bd8fb79fbfc66487af9f31ee2,/var/tmp/karzar-image-review/prior-batches/img02a02-pilot-001/previews/edae5df10eb27be0a8654db4b7db8a19658ea93bd8fb79fbfc66487af9f31ee2.png,7,"1561,1562,1563,1566,1567,1568,1569","5511-1100,5511-1105,5511-1110,5511-1121,5511-1130,5511-1135,5511-1140",Dasqua | داسکوا
f1f30443ce3e493dec671e795b95ac9c06a2f4aecf0db7caaf49cae8589a8e75,/var/tmp/karzar-image-review/img02a02-remainder-all-pkg/previews/f1f30443ce3e493dec671e795b95ac9c06a2f4aecf0db7caaf49cae8589a8e75.png,3,"4506,4507,4508","CA210-150,CA210-200,CA210-300",TERMA | ترما
f274755a72a757889c188df38091f22fde4c6befae04d8d6840c7cf40bd51a93,/var/tmp/karzar-image-review/img02a02-remainder-all-pkg/previews/f274755a72a757889c188df38091f22fde4c6befae04d8d6840c7cf40bd51a93.png,1,4554,DG950,TERMA | ترما
f5b83e7cae10c68b924d3c04c2ea515fc2bc5cc98d571e1a86d2d49957ccb5e3,/var/tmp/karzar-image-review/img02a02-remainder-all-pkg/previews/f5b83e7cae10c68b924d3c04c2ea515fc2bc5cc98d571e1a86d2d49957ccb5e3.png,1,6200,AST-VW105,ASTPOWER | ای اس تی پاور
f5ba5b323eeb9c782ada4908cc23e5639baef610ecb32b764510c703357ed61a,/var/tmp/karzar-image-review/img02a02-remainder-all-pkg/previews/f5ba5b323eeb9c782ada4908cc23e5639baef610ecb32b764510c703357ed61a.png,2,"4556,4557","HD220-300,HD220-600",TERMA | ترما
f9301a4b45666c4b818fb10dbbb7666043d02719847d27f372b1cb059267f9d6,/var/tmp/karzar-image-review/img02a02-remainder-all-pkg/previews/f9301a4b45666c4b818fb10dbbb7666043d02719847d27f372b1cb059267f9d6.png,3,"6194,6195,6196","AST-VH320,AST-VH345,AST-VH430",ASTPOWER | ای اس تی پاور
fade48861a1a20a7007581d794b92ba2773ec3b6465192101b059af1e955c9b9,/var/tmp/karzar-image-review/img02a02-remainder-all-pkg/previews/fade48861a1a20a7007581d794b92ba2773ec3b6465192101b059af1e955c9b9.png,1,4499,CD950A-300,TERMA | ترما
fcd5572f96e8f627f08da3662fd2016ea1312efc1d6802f9cc3ff354de53256a,/var/tmp/karzar-image-review/img02a02-remainder-all-pkg/previews/fcd5572f96e8f627f08da3662fd2016ea1312efc1d6802f9cc3ff354de53256a.png,1,4598,MA210D-25,TERMA | ترما
fe05d6137904faa16c3321f7d099c9bf570af5a44dd37212e1280931d7d958bc,/var/tmp/karzar-image-review/img02a02-remainder-all-pkg/previews/fe05d6137904faa16c3321f7d099c9bf570af5a44dd37212e1280931d7d958bc.png,1,4659,TD230D,TERMA | ترما
