sha256_original,output_path,post_detected,post_confidence,remaining_logo_yellow,verification_status,product_count
004a72b3bcafacc1d380911f7a4e9db0a641718a1de61a2812602c03cedb8b49,/var/tmp/karzar-shopmill-cleanup/repaired_assets/004a72b3bcafacc1d380911f7a4e9db0a641718a1de61a2812602c03cedb8b49.jpg,False,none,0,clean,3
018c4c19cec920cc73b075d3a370aa3e337bdef561adc3fc7d6cfef1b652c447,/var/tmp/karzar-shopmill-cleanup/repaired_assets/018c4c19cec920cc73b075d3a370aa3e337bdef561adc3fc7d6cfef1b652c447.jpg,False,none,0,clean,1
02aa1573a272164ff3f1bf51e7251c50267b9231393bb512300e5d05bc223635,/var/tmp/karzar-shopmill-cleanup/repaired_assets/02aa1573a272164ff3f1bf51e7251c50267b9231393bb512300e5d05bc223635.png,False,none,0,clean,1
05975760897e0f083b5a91486c451ff7e79b23b294ed680ab5d1f39c72f5291b,/var/tmp/karzar-shopmill-cleanup/repaired_assets/05975760897e0f083b5a91486c451ff7e79b23b294ed680ab5d1f39c72f5291b.png,False,low,0,clean,1
07c198068ca0f3075c0e8f3535aed6161c520261d64c74a85d408442ad0cea9f,/var/tmp/karzar-shopmill-cleanup/repaired_assets/07c198068ca0f3075c0e8f3535aed6161c520261d64c74a85d408442ad0cea9f.png,False,none,0,clean,1
094d7e3827fbf3bc6e2fe5303b7fc34ef85dea8a055b19a60ef2325c04e59178,/var/tmp/karzar-shopmill-cleanup/repaired_assets/094d7e3827fbf3bc6e2fe5303b7fc34ef85dea8a055b19a60ef2325c04e59178.png,False,none,0,clean,1
0f0d1b9d9d1ce7011bbbf913f76b097aed4200a8e16c5754487f1c84cdce0e9e,/var/tmp/karzar-shopmill-cleanup/repaired_assets/0f0d1b9d9d1ce7011bbbf913f76b097aed4200a8e16c5754487f1c84cdce0e9e.png,False,none,0,clean,1
0fbf4cdefb4d45ae0bcf833d2c729b927ec6a5190dd9aec85f589ab2e7cbb911,/var/tmp/karzar-shopmill-cleanup/repaired_assets/0fbf4cdefb4d45ae0bcf833d2c729b927ec6a5190dd9aec85f589ab2e7cbb911.png,False,none,0,clean,1
10b721ab5ee8c5008ec4d6e1b1373a8fc15c746e67ef121cec0e71c9612d514f,/var/tmp/karzar-shopmill-cleanup/repaired_assets/10b721ab5ee8c5008ec4d6e1b1373a8fc15c746e67ef121cec0e71c9612d514f.png,False,none,0,clean,4
11346661a1b5986336b162d2cc1ffe21eae715aea35d6beb834fbf1c80ac780d,/var/tmp/karzar-shopmill-cleanup/repaired_assets/11346661a1b5986336b162d2cc1ffe21eae715aea35d6beb834fbf1c80ac780d.png,False,none,0,clean,13
11d6688315ca76a8f10a66f675af38dd685730428098a98eef200d511be44bbe,/var/tmp/karzar-shopmill-cleanup/repaired_assets/11d6688315ca76a8f10a66f675af38dd685730428098a98eef200d511be44bbe.png,False,none,0,clean,1
1321ed30b502a80917490db1433cb64b4299e5825496b17ce978759dfe411557,/var/tmp/karzar-shopmill-cleanup/repaired_assets/1321ed30b502a80917490db1433cb64b4299e5825496b17ce978759dfe411557.png,False,none,0,clean,3
1352fbc22ca1fc0157ba5c7476e0fef997f31bd71ab8f53c7b41140bf571a110,/var/tmp/karzar-shopmill-cleanup/repaired_assets/1352fbc22ca1fc0157ba5c7476e0fef997f31bd71ab8f53c7b41140bf571a110.png,False,none,0,clean,6
13a01cc6a6b877c6c9b7b1fdf32d0f9fc8649503c4b8a5d4cef3df0606d37e03,/var/tmp/karzar-shopmill-cleanup/repaired_assets/13a01cc6a6b877c6c9b7b1fdf32d0f9fc8649503c4b8a5d4cef3df0606d37e03.jpg,False,none,0,clean,1
13b06b6538f735a6e58a73bab84992f9cc850490bea2be9ae4e8fb8868671198,/var/tmp/karzar-shopmill-cleanup/repaired_assets/13b06b6538f735a6e58a73bab84992f9cc850490bea2be9ae4e8fb8868671198.png,False,none,0,clean,5
164b3616d84ec4d415f7f2de734832d6bf9b78a73f08c57d88e6262a52b197c5,/var/tmp/karzar-shopmill-cleanup/repaired_assets/164b3616d84ec4d415f7f2de734832d6bf9b78a73f08c57d88e6262a52b197c5.png,False,none,0,clean,8
184d803293768e064212b0d19aafd1e96a3506b5755aef69e7cbfd92fee3e3b8,/var/tmp/karzar-shopmill-cleanup/repaired_assets/184d803293768e064212b0d19aafd1e96a3506b5755aef69e7cbfd92fee3e3b8.png,False,none,0,clean,1
1867d1ba040bec410422db4e7d850e04335d3317e981efa55c3a7453495e9ac2,/var/tmp/karzar-shopmill-cleanup/repaired_assets/1867d1ba040bec410422db4e7d850e04335d3317e981efa55c3a7453495e9ac2.png,False,none,0,clean,1
19d7eccd2af67b67d1d3c6e6635faab331fe2e2d664ac44bce180cec15ef9515,/var/tmp/karzar-shopmill-cleanup/repaired_assets/19d7eccd2af67b67d1d3c6e6635faab331fe2e2d664ac44bce180cec15ef9515.jpg,False,none,0,clean,2
19f51b5d4488d44691c86ed763cd373a1a8efdc9545b4ef7ccf3ab4f06aaa8c7,/var/tmp/karzar-shopmill-cleanup/repaired_assets/19f51b5d4488d44691c86ed763cd373a1a8efdc9545b4ef7ccf3ab4f06aaa8c7.png,False,none,0,clean,3
1af05194fd1d7409707aa2f3938fc0d7302849566e29e7cc0cac4f0891b6e9ca,/var/tmp/karzar-shopmill-cleanup/repaired_assets/1af05194fd1d7409707aa2f3938fc0d7302849566e29e7cc0cac4f0891b6e9ca.png,False,none,0,clean,1
1c3cdb32541a69bacf33298fcc07f6c0abddcc03bf602e53840ddaacb4245e71,/var/tmp/karzar-shopmill-cleanup/repaired_assets/1c3cdb32541a69bacf33298fcc07f6c0abddcc03bf602e53840ddaacb4245e71.jpg,False,none,0,clean,5
21a899645fc740ebecb4fa5e5d0af179e92e293125d38e3cf342d4457722fc3e,/var/tmp/karzar-shopmill-cleanup/repaired_assets/21a899645fc740ebecb4fa5e5d0af179e92e293125d38e3cf342d4457722fc3e.png,False,none,0,clean,1
23ac6c3287f561b761e7ffe323362ceee0dbb4d68525d9d036fe9f15c577d055,/var/tmp/karzar-shopmill-cleanup/repaired_assets/23ac6c3287f561b761e7ffe323362ceee0dbb4d68525d9d036fe9f15c577d055.png,False,none,0,clean,1
267d41f8936cd21d8b81eaeaa6a1a7b200eab60f0fd31aae227a00fb896500cc,/var/tmp/karzar-shopmill-cleanup/repaired_assets/267d41f8936cd21d8b81eaeaa6a1a7b200eab60f0fd31aae227a00fb896500cc.png,False,none,0,clean,2
28236a1fa83bd7a29fd719df057e6e89e21adc89a7adf91c5f05dd9f2e332a1c,/var/tmp/karzar-shopmill-cleanup/repaired_assets/28236a1fa83bd7a29fd719df057e6e89e21adc89a7adf91c5f05dd9f2e332a1c.jpg,False,none,0,clean,1
28af61865b7b73578b0d48c5ebe569ff47f1dbf7e97a8ffc2c05ecdd72d52cf5,/var/tmp/karzar-shopmill-cleanup/repaired_assets/28af61865b7b73578b0d48c5ebe569ff47f1dbf7e97a8ffc2c05ecdd72d52cf5.png,False,none,0,clean,1
2934457a440393a3c270104829b4e29741d44957ed277dd3d324a76115b4a81b,/var/tmp/karzar-shopmill-cleanup/repaired_assets/2934457a440393a3c270104829b4e29741d44957ed277dd3d324a76115b4a81b.png,False,none,0,clean,1
29a9af411f0447e3a303be43446b026003c5c482ab8abb27c6c90e3bf8a216ea,/var/tmp/karzar-shopmill-cleanup/repaired_assets/29a9af411f0447e3a303be43446b026003c5c482ab8abb27c6c90e3bf8a216ea.png,False,none,0,clean,5
2c8ff37a3516c61c3da630b65fed647f00cb5393f5f5f60a76347a791458e206,/var/tmp/karzar-shopmill-cleanup/repaired_assets/2c8ff37a3516c61c3da630b65fed647f00cb5393f5f5f60a76347a791458e206.png,False,none,0,clean,1
2c917274d863a02e8abbcef9deddb1a7a3defa3b9ec178716fd4d418384f7765,/var/tmp/karzar-shopmill-cleanup/repaired_assets/2c917274d863a02e8abbcef9deddb1a7a3defa3b9ec178716fd4d418384f7765.jpg,False,none,0,clean,1
2d57b678c5544e88162bf43b5fa0890f7d8166bceb34e9aaf9db9debcb692598,/var/tmp/karzar-shopmill-cleanup/repaired_assets/2d57b678c5544e88162bf43b5fa0890f7d8166bceb34e9aaf9db9debcb692598.png,False,none,0,clean,1
2d95ada70f1ead7858bc2e6b6d22241ecd7c4f1b07050a1aa47ef120171c44b0,/var/tmp/karzar-shopmill-cleanup/repaired_assets/2d95ada70f1ead7858bc2e6b6d22241ecd7c4f1b07050a1aa47ef120171c44b0.png,False,none,0,clean,2
2ea98a76f244977581361612e736b9646311a5b15191594ba1d38f8839fd0ae3,/var/tmp/karzar-shopmill-cleanup/repaired_assets/2ea98a76f244977581361612e736b9646311a5b15191594ba1d38f8839fd0ae3.png,False,none,0,clean,1
2eb06385141f303bd71391a2357311f5056801aace771f59f0404edd5069f75b,/var/tmp/karzar-shopmill-cleanup/repaired_assets/2eb06385141f303bd71391a2357311f5056801aace771f59f0404edd5069f75b.png,False,none,0,clean,1
320ba3295d7efa8245132072974109eb1942c2033ef3a2f9418c4ee5b0e8ffa9,/var/tmp/karzar-shopmill-cleanup/repaired_assets/320ba3295d7efa8245132072974109eb1942c2033ef3a2f9418c4ee5b0e8ffa9.png,False,none,0,clean,2
322104d241aecaa2fae5f97d7bbb79ea459faa4165bb78494b687cafe54840d6,/var/tmp/karzar-shopmill-cleanup/repaired_assets/322104d241aecaa2fae5f97d7bbb79ea459faa4165bb78494b687cafe54840d6.png,False,none,0,clean,4
33dba09e70bd06849e69a0a80d1eb6b3684ac0f261148fbc79fa70f404ee5e60,/var/tmp/karzar-shopmill-cleanup/repaired_assets/33dba09e70bd06849e69a0a80d1eb6b3684ac0f261148fbc79fa70f404ee5e60.png,False,none,0,clean,1
3425d1cb39ec5528e9d47c0352d37116d1760afb761ce36f8b3bd0b1918a9ed5,/var/tmp/karzar-shopmill-cleanup/repaired_assets/3425d1cb39ec5528e9d47c0352d37116d1760afb761ce36f8b3bd0b1918a9ed5.png,False,none,0,clean,1
3495e565d83bab3b46503b32717789e61fb8193459a88a7af07acc26787138f7,/var/tmp/karzar-shopmill-cleanup/repaired_assets/3495e565d83bab3b46503b32717789e61fb8193459a88a7af07acc26787138f7.png,False,none,0,clean,1
357f3f7286e117b82879a05f6dd2ede72fc8dd1116de2a54c80978ba53708ba3,/var/tmp/karzar-shopmill-cleanup/repaired_assets/357f3f7286e117b82879a05f6dd2ede72fc8dd1116de2a54c80978ba53708ba3.jpg,False,none,0,clean,1
37e87fcbbd9564d17c4b22f91570814db1bd5f4660eab084f0473a1d213c83e4,/var/tmp/karzar-shopmill-cleanup/repaired_assets/37e87fcbbd9564d17c4b22f91570814db1bd5f4660eab084f0473a1d213c83e4.png,False,none,0,clean,1
3b81a1e3948a398313d0f4bd64021163f7e176e72c64375878faaa69951b8f0c,/var/tmp/karzar-shopmill-cleanup/repaired_assets/3b81a1e3948a398313d0f4bd64021163f7e176e72c64375878faaa69951b8f0c.jpg,False,none,0,clean,1
3c73cc6776954a724340eafedb9f3578299cfd1284b0b7f08748bf1d9f974d19,/var/tmp/karzar-shopmill-cleanup/repaired_assets/3c73cc6776954a724340eafedb9f3578299cfd1284b0b7f08748bf1d9f974d19.png,False,none,0,clean,1
3e07de23eecc0aae2b0d796e041c54315552d6bd96399facb6441709a12a144d,/var/tmp/karzar-shopmill-cleanup/repaired_assets/3e07de23eecc0aae2b0d796e041c54315552d6bd96399facb6441709a12a144d.png,False,none,0,clean,1
4171985027b8452c22f0f1794b4ffb1b517a43b2ffbe852fa1ba75d632921be0,/var/tmp/karzar-shopmill-cleanup/repaired_assets/4171985027b8452c22f0f1794b4ffb1b517a43b2ffbe852fa1ba75d632921be0.png,False,none,0,clean,1
444f6866d7fbc73d413c8c21b8c172df303108c8e5a5b8e81dfd42f88091c2aa,/var/tmp/karzar-shopmill-cleanup/repaired_assets/444f6866d7fbc73d413c8c21b8c172df303108c8e5a5b8e81dfd42f88091c2aa.png,False,none,0,clean,1
486bca61284e8d54712ea12ef311ba7252c20a7c9b59e06824ef8126c5043943,/var/tmp/karzar-shopmill-cleanup/repaired_assets/486bca61284e8d54712ea12ef311ba7252c20a7c9b59e06824ef8126c5043943.jpg,False,none,0,clean,2
4871ceae8db43c1343de3fb1449b532783ed81375fab01be2c20a16fd40902ce,/var/tmp/karzar-shopmill-cleanup/repaired_assets/4871ceae8db43c1343de3fb1449b532783ed81375fab01be2c20a16fd40902ce.png,False,none,0,clean,3
4ae8ddc2df4a82101e17b6b6bb1d3c552e0b16960b0469c8524ec5c57c3c8375,/var/tmp/karzar-shopmill-cleanup/repaired_assets/4ae8ddc2df4a82101e17b6b6bb1d3c552e0b16960b0469c8524ec5c57c3c8375.png,False,none,0,clean,1
4f2e7f3a59b54bb60e541dc8ab9d344a4f795acd9479e1288df417f6264f99e7,/var/tmp/karzar-shopmill-cleanup/repaired_assets/4f2e7f3a59b54bb60e541dc8ab9d344a4f795acd9479e1288df417f6264f99e7.png,False,none,0,clean,1
50958417d10549a5db017222ce23f7223fc4dcc4511f695cf39c27ebec8ab8a8,/var/tmp/karzar-shopmill-cleanup/repaired_assets/50958417d10549a5db017222ce23f7223fc4dcc4511f695cf39c27ebec8ab8a8.jpg,False,none,0,clean,3
514c7f5543979716359f910abb44fa922cb6403297c2b78247c9be4a35875730,/var/tmp/karzar-shopmill-cleanup/repaired_assets/514c7f5543979716359f910abb44fa922cb6403297c2b78247c9be4a35875730.png,False,none,0,clean,2
5334e7096915bc763289771e351ce746b0bed236e29e611d1c7b513816273106,/var/tmp/karzar-shopmill-cleanup/repaired_assets/5334e7096915bc763289771e351ce746b0bed236e29e611d1c7b513816273106.jpg,False,none,0,clean,2
53d7bb1c87376841f6c79ec599b5a91a3d7cc55d4c30ca4da105a132e9f14095,/var/tmp/karzar-shopmill-cleanup/repaired_assets/53d7bb1c87376841f6c79ec599b5a91a3d7cc55d4c30ca4da105a132e9f14095.png,False,none,0,clean,3
5456095d928548dea143f4b7a7de2f13cbde64432742b63318550dde1e91e30b,/var/tmp/karzar-shopmill-cleanup/repaired_assets/5456095d928548dea143f4b7a7de2f13cbde64432742b63318550dde1e91e30b.png,False,none,0,clean,3
5529fc26c04383a0380bf506554f97b5868cdc3d0f386a9e56bbb1e58fbbc555,/var/tmp/karzar-shopmill-cleanup/repaired_assets/5529fc26c04383a0380bf506554f97b5868cdc3d0f386a9e56bbb1e58fbbc555.jpg,False,none,0,clean,1
5cbc4c651ba38475d911d48c315499c922c2a95e3cfbe9a45ca09803adbb2b20,/var/tmp/karzar-shopmill-cleanup/repaired_assets/5cbc4c651ba38475d911d48c315499c922c2a95e3cfbe9a45ca09803adbb2b20.png,False,none,0,clean,2
5d02ece93459d2352d0eda19392be1a7704163ad652061ba1658bb154a9ddfe9,/var/tmp/karzar-shopmill-cleanup/repaired_assets/5d02ece93459d2352d0eda19392be1a7704163ad652061ba1658bb154a9ddfe9.png,False,none,0,clean,1
5f8e2762c1c2b5ea35b16e708f2903e98c318dd487ee8096c37181b141b84ac5,/var/tmp/karzar-shopmill-cleanup/repaired_assets/5f8e2762c1c2b5ea35b16e708f2903e98c318dd487ee8096c37181b141b84ac5.png,False,none,0,clean,1
61970f5b24f944a9b5ab84ffa7f889d30e8a4f8ff49ca86f507950e240c01ec4,/var/tmp/karzar-shopmill-cleanup/repaired_assets/61970f5b24f944a9b5ab84ffa7f889d30e8a4f8ff49ca86f507950e240c01ec4.png,False,none,0,clean,4
61993a133adee23626db6061a0c655ec56d00e602500cb159a48fa87909fb28b,/var/tmp/karzar-shopmill-cleanup/repaired_assets/61993a133adee23626db6061a0c655ec56d00e602500cb159a48fa87909fb28b.png,False,none,0,clean,1
62e4674bae994301afafa0e5d5b68ad7a58b366e60612aa6509399759c35fff5,/var/tmp/karzar-shopmill-cleanup/repaired_assets/62e4674bae994301afafa0e5d5b68ad7a58b366e60612aa6509399759c35fff5.png,False,none,0,clean,1
655c2aa8b1d1c9b286dc7976414de5a3760c704728b08f7a532d93a89bc4e34f,/var/tmp/karzar-shopmill-cleanup/repaired_assets/655c2aa8b1d1c9b286dc7976414de5a3760c704728b08f7a532d93a89bc4e34f.png,False,none,0,clean,2
685768684ba281d2728638101815c6e10a85b87e8eac436a5edf7761402f950a,/var/tmp/karzar-shopmill-cleanup/repaired_assets/685768684ba281d2728638101815c6e10a85b87e8eac436a5edf7761402f950a.jpg,False,none,0,clean,3
6876b1b598984ac3160c5ceb6ca1e4fc05b8a7065cb586c30135b90f9692976a,/var/tmp/karzar-shopmill-cleanup/repaired_assets/6876b1b598984ac3160c5ceb6ca1e4fc05b8a7065cb586c30135b90f9692976a.png,False,none,0,clean,1
6a6171de0f2b575c08e5e1d66834a9c79ea840b65dabede269e6c12838b2b576,/var/tmp/karzar-shopmill-cleanup/repaired_assets/6a6171de0f2b575c08e5e1d66834a9c79ea840b65dabede269e6c12838b2b576.png,False,none,0,clean,1
6a80aaf7edeffba6e511ca90880dc6ff7b48ea664066d9076f3ccedacd34536e,/var/tmp/karzar-shopmill-cleanup/repaired_assets/6a80aaf7edeffba6e511ca90880dc6ff7b48ea664066d9076f3ccedacd34536e.png,False,none,0,clean,6
7196ce677b9d63ebe5b98a5210d66f30bb87f32dca5d1d8306470c4a30d0fe4e,/var/tmp/karzar-shopmill-cleanup/repaired_assets/7196ce677b9d63ebe5b98a5210d66f30bb87f32dca5d1d8306470c4a30d0fe4e.png,False,none,0,clean,5
72bfef1b0f140a5291667426cd2fd1c43d4d0821333820df47a0e7ce33066f03,/var/tmp/karzar-shopmill-cleanup/repaired_assets/72bfef1b0f140a5291667426cd2fd1c43d4d0821333820df47a0e7ce33066f03.png,False,none,0,clean,2
7338918e511946e288b0bbaee8e48c9440cc26cd95ef42b0748f9fdd2f45a8f8,/var/tmp/karzar-shopmill-cleanup/repaired_assets/7338918e511946e288b0bbaee8e48c9440cc26cd95ef42b0748f9fdd2f45a8f8.png,False,none,0,clean,1
7626aa6df3107b9db222a9aba31eba8fcb6e1db649b712db60cc44d29afd37a7,/var/tmp/karzar-shopmill-cleanup/repaired_assets/7626aa6df3107b9db222a9aba31eba8fcb6e1db649b712db60cc44d29afd37a7.png,False,none,0,clean,3
7a781e502e8d2435a75542a598d55e35af08ed83d9a023708c3dc09613b66fcb,/var/tmp/karzar-shopmill-cleanup/repaired_assets/7a781e502e8d2435a75542a598d55e35af08ed83d9a023708c3dc09613b66fcb.png,False,none,0,clean,5
7ac6d500a683eafabb31e96f6a1de7195be210898126be6ada784b6fce11f509,/var/tmp/karzar-shopmill-cleanup/repaired_assets/7ac6d500a683eafabb31e96f6a1de7195be210898126be6ada784b6fce11f509.png,False,none,0,clean,1
7b6aca216062999a9b07b587aeef23cdad755761afb011878a259b9ef5486503,/var/tmp/karzar-shopmill-cleanup/repaired_assets/7b6aca216062999a9b07b587aeef23cdad755761afb011878a259b9ef5486503.png,False,none,0,clean,1
82a2dd6b0518fc42e47860006b9bcbc3045099d9d55b4204203f457b766f8a65,/var/tmp/karzar-shopmill-cleanup/repaired_assets/82a2dd6b0518fc42e47860006b9bcbc3045099d9d55b4204203f457b766f8a65.png,False,none,0,clean,6
837df6139a912e620aed291c816b8b7d40d930f527d3295ffbdab1b8dc91f351,/var/tmp/karzar-shopmill-cleanup/repaired_assets/837df6139a912e620aed291c816b8b7d40d930f527d3295ffbdab1b8dc91f351.png,False,none,0,clean,1
83ebc797b130545e015db082d40c777bc79b94c8a336b9b7c418f65bc2ba751e,/var/tmp/karzar-shopmill-cleanup/repaired_assets/83ebc797b130545e015db082d40c777bc79b94c8a336b9b7c418f65bc2ba751e.png,False,none,0,clean,3
897eefa1e8f70c5ce0c481f4dfcdb380ca64a8ff6158bf71ad2ae4af0c7d95e7,/var/tmp/karzar-shopmill-cleanup/repaired_assets/897eefa1e8f70c5ce0c481f4dfcdb380ca64a8ff6158bf71ad2ae4af0c7d95e7.png,False,none,0,clean,4
8a37236ea105bcd53c954b9051bee412ae744c6f1bd2b1cc403293414ef04328,/var/tmp/karzar-shopmill-cleanup/repaired_assets/8a37236ea105bcd53c954b9051bee412ae744c6f1bd2b1cc403293414ef04328.jpg,False,none,0,clean,1
8b15bd5a1cd6c2f22b3d5419ef8599b29a795b0088272fa886b31b1279152db2,/var/tmp/karzar-shopmill-cleanup/repaired_assets/8b15bd5a1cd6c2f22b3d5419ef8599b29a795b0088272fa886b31b1279152db2.png,False,none,0,clean,6
8bbd623fb4cdc257161df7760c2fb6d6f4d1b982d0b77c7834865fb495e4670b,/var/tmp/karzar-shopmill-cleanup/repaired_assets/8bbd623fb4cdc257161df7760c2fb6d6f4d1b982d0b77c7834865fb495e4670b.png,False,none,0,clean,1
8d257f0e41c1e70b6a3cf1f321121e84ada2cfa5a22ea52f4d9cfb44a2ad9a3b,/var/tmp/karzar-shopmill-cleanup/repaired_assets/8d257f0e41c1e70b6a3cf1f321121e84ada2cfa5a22ea52f4d9cfb44a2ad9a3b.png,False,none,0,clean,1
8e1c1b9ab80e6cd6c39b4929476b7a51cb3751f6a9626d6a08fd60dceda750f5,/var/tmp/karzar-shopmill-cleanup/repaired_assets/8e1c1b9ab80e6cd6c39b4929476b7a51cb3751f6a9626d6a08fd60dceda750f5.png,False,none,0,clean,2
8e363931e2e039083c14f6cd0eaee633d11781344f9f7c813a45d8275157e5af,/var/tmp/karzar-shopmill-cleanup/repaired_assets/8e363931e2e039083c14f6cd0eaee633d11781344f9f7c813a45d8275157e5af.png,False,none,0,clean,4
913cf8b1a9d942ff7e6dfa9301700f3c3cba48874137c5fe0db483681dca2b53,/var/tmp/karzar-shopmill-cleanup/repaired_assets/913cf8b1a9d942ff7e6dfa9301700f3c3cba48874137c5fe0db483681dca2b53.png,False,none,0,clean,2
924faf4dca3a33b621fa5e640c8d6992cfba9b4d7ddff16436707b215308b206,/var/tmp/karzar-shopmill-cleanup/repaired_assets/924faf4dca3a33b621fa5e640c8d6992cfba9b4d7ddff16436707b215308b206.jpg,False,none,0,clean,1
925cf104f1e843d37a6808f03c5af4664cd18467b30406739468781759c469dc,/var/tmp/karzar-shopmill-cleanup/repaired_assets/925cf104f1e843d37a6808f03c5af4664cd18467b30406739468781759c469dc.png,False,none,0,clean,1
92bfa582d917b5e4da6df116634f02116c49b40616e789843fe8013e4fff4b70,/var/tmp/karzar-shopmill-cleanup/repaired_assets/92bfa582d917b5e4da6df116634f02116c49b40616e789843fe8013e4fff4b70.png,False,none,0,clean,3
9768d1b7ea2afec37b0650bf1b91c5479bd3869a2127b087d829dca5d69bdb09,/var/tmp/karzar-shopmill-cleanup/repaired_assets/9768d1b7ea2afec37b0650bf1b91c5479bd3869a2127b087d829dca5d69bdb09.png,False,none,0,clean,5
983669fd13627b924cd92ba33942d14e3b0d0a210c9cbeb8fac3da75944f64e4,/var/tmp/karzar-shopmill-cleanup/repaired_assets/983669fd13627b924cd92ba33942d14e3b0d0a210c9cbeb8fac3da75944f64e4.png,False,none,0,clean,3
99ee47990930f72c2b3ff17857f502ad7a588b502fb3fa7e16e187e975be2bfa,/var/tmp/karzar-shopmill-cleanup/repaired_assets/99ee47990930f72c2b3ff17857f502ad7a588b502fb3fa7e16e187e975be2bfa.png,False,none,0,clean,1
9a5f818cbbeeaa310b923109c12f1053d0457dd419bc647f389370ede552519f,/var/tmp/karzar-shopmill-cleanup/repaired_assets/9a5f818cbbeeaa310b923109c12f1053d0457dd419bc647f389370ede552519f.png,False,low,0,clean,1
9b312159710fa21c4e37329d7f4fd76261a822c7111db92fa8c5c11c5cedf321,/var/tmp/karzar-shopmill-cleanup/repaired_assets/9b312159710fa21c4e37329d7f4fd76261a822c7111db92fa8c5c11c5cedf321.png,False,none,0,clean,1
9c780c976dbe6066d853a1ff4513c15916e30011bd28f26547e2f8edea3d71b1,/var/tmp/karzar-shopmill-cleanup/repaired_assets/9c780c976dbe6066d853a1ff4513c15916e30011bd28f26547e2f8edea3d71b1.jpg,False,none,0,clean,2
9e33becf2f3644406da3e5ff369f8a8b5421c176c4fd8feb843a7e5eca6be0c4,/var/tmp/karzar-shopmill-cleanup/repaired_assets/9e33becf2f3644406da3e5ff369f8a8b5421c176c4fd8feb843a7e5eca6be0c4.png,False,none,0,clean,3
9e4a6b261038e30979e34015ef43ba46c9ea0b3b3f9640c15446afc96b595a1a,/var/tmp/karzar-shopmill-cleanup/repaired_assets/9e4a6b261038e30979e34015ef43ba46c9ea0b3b3f9640c15446afc96b595a1a.jpg,False,none,0,clean,2
9f741b9c707483b0f3da59e2116e4b0c47939f5e58775136e394cd5cd4aaeedb,/var/tmp/karzar-shopmill-cleanup/repaired_assets/9f741b9c707483b0f3da59e2116e4b0c47939f5e58775136e394cd5cd4aaeedb.png,False,none,0,clean,1
a0ab6089ee6521e1888fa66e68c09b9a45bf5200eb661561cb72fe7d957709e2,/var/tmp/karzar-shopmill-cleanup/repaired_assets/a0ab6089ee6521e1888fa66e68c09b9a45bf5200eb661561cb72fe7d957709e2.jpg,False,none,0,clean,2
a25fab1f210725ad124a13264a5102b9e11d7f9a5baf8c5d98309917fb8815cd,/var/tmp/karzar-shopmill-cleanup/repaired_assets/a25fab1f210725ad124a13264a5102b9e11d7f9a5baf8c5d98309917fb8815cd.png,False,none,0,clean,2
a2ca499fde90b83c2162ba8556bf93e94294982b36920ea14599c5d07f023b79,/var/tmp/karzar-shopmill-cleanup/repaired_assets/a2ca499fde90b83c2162ba8556bf93e94294982b36920ea14599c5d07f023b79.png,False,none,0,clean,12
a3f4c0146d25c74e57787c2dee0e77cf0f19ebd75dd90d8a76f7bdc092927477,/var/tmp/karzar-shopmill-cleanup/repaired_assets/a3f4c0146d25c74e57787c2dee0e77cf0f19ebd75dd90d8a76f7bdc092927477.png,False,none,0,clean,5
a4abd7147489029ea0385b9e32bbe294c21e613432a78df620086f8b526befc5,/var/tmp/karzar-shopmill-cleanup/repaired_assets/a4abd7147489029ea0385b9e32bbe294c21e613432a78df620086f8b526befc5.png,False,none,0,clean,1
a4c22a8da2045c710272813739335c6bea9c2237c258acb44b8458e8f7038444,/var/tmp/karzar-shopmill-cleanup/repaired_assets/a4c22a8da2045c710272813739335c6bea9c2237c258acb44b8458e8f7038444.png,False,none,0,clean,1
a526e30117f7f5eb6fdd3e82eeaef76cb3671278ce41a0e5d0cf8fd1b9018b71,/var/tmp/karzar-shopmill-cleanup/repaired_assets/a526e30117f7f5eb6fdd3e82eeaef76cb3671278ce41a0e5d0cf8fd1b9018b71.png,False,none,0,clean,10
a77b7671abad696b54b1d025d261016056eeade386d1c313c864e362f881a6d5,/var/tmp/karzar-shopmill-cleanup/repaired_assets/a77b7671abad696b54b1d025d261016056eeade386d1c313c864e362f881a6d5.png,False,none,0,clean,1
a80ad0d1645d81adc1c002b3a4507d4e6d9bc019c511d88dfc11569b9ac12efa,/var/tmp/karzar-shopmill-cleanup/repaired_assets/a80ad0d1645d81adc1c002b3a4507d4e6d9bc019c511d88dfc11569b9ac12efa.png,False,none,0,clean,1
a9219431ba4278aa9797089c7cbfbd88300cbebc5d38e241e2eee71f7707eb35,/var/tmp/karzar-shopmill-cleanup/repaired_assets/a9219431ba4278aa9797089c7cbfbd88300cbebc5d38e241e2eee71f7707eb35.png,False,none,0,clean,2
aa8057e886f5fa24f38b3a79cb6afcfd2133933ed063008a25ed4148535e4123,/var/tmp/karzar-shopmill-cleanup/repaired_assets/aa8057e886f5fa24f38b3a79cb6afcfd2133933ed063008a25ed4148535e4123.png,False,none,0,clean,1
aabba172a72b01112874f2d387dd52a25ff6cc9f383d007def3191c30e490a72,/var/tmp/karzar-shopmill-cleanup/repaired_assets/aabba172a72b01112874f2d387dd52a25ff6cc9f383d007def3191c30e490a72.png,False,none,0,clean,1
aaec4036c77d145129c7e5613abd14e768c92e0cde25799ffb4952c085c58072,/var/tmp/karzar-shopmill-cleanup/repaired_assets/aaec4036c77d145129c7e5613abd14e768c92e0cde25799ffb4952c085c58072.png,False,none,0,clean,1
ab0bb088e57e68eac1513901123b4939787450c38ce39dbfa4b31bc5537b716f,/var/tmp/karzar-shopmill-cleanup/repaired_assets/ab0bb088e57e68eac1513901123b4939787450c38ce39dbfa4b31bc5537b716f.png,False,none,0,clean,1
b55fed824f43277af6baf33ec665ff558dfd049834c1b035f9ab828ec7e8e488,/var/tmp/karzar-shopmill-cleanup/repaired_assets/b55fed824f43277af6baf33ec665ff558dfd049834c1b035f9ab828ec7e8e488.png,False,none,0,clean,1
b5a8f42af6099ee6494fb093246ad8bf735973e391789bbdd55320656639a827,/var/tmp/karzar-shopmill-cleanup/repaired_assets/b5a8f42af6099ee6494fb093246ad8bf735973e391789bbdd55320656639a827.png,False,none,0,clean,1
b6a0fa4bcc23cecca4a4ad6bcf9c6fdfc536a9ddf0681dbc706e22f83d482042,/var/tmp/karzar-shopmill-cleanup/repaired_assets/b6a0fa4bcc23cecca4a4ad6bcf9c6fdfc536a9ddf0681dbc706e22f83d482042.png,False,none,0,clean,1
bb71c18c3f9d6eff5240cf3351d2e544612a86940db3db73edcb304144a9ba9b,/var/tmp/karzar-shopmill-cleanup/repaired_assets/bb71c18c3f9d6eff5240cf3351d2e544612a86940db3db73edcb304144a9ba9b.png,False,none,0,clean,3
be2a7105a272c9c88e2debbfe1f048eab1b4b54152e9c2fe5fae66c46002c653,/var/tmp/karzar-shopmill-cleanup/repaired_assets/be2a7105a272c9c88e2debbfe1f048eab1b4b54152e9c2fe5fae66c46002c653.png,False,none,0,clean,6
be73caabe22aea3b61171756b5905d4119de23a47c6d6698ff509584138f2af9,/var/tmp/karzar-shopmill-cleanup/repaired_assets/be73caabe22aea3b61171756b5905d4119de23a47c6d6698ff509584138f2af9.png,False,none,0,clean,2
befd8bb9414dfed54417812190c90da51383148857e3e8ceecf748777435de48,/var/tmp/karzar-shopmill-cleanup/repaired_assets/befd8bb9414dfed54417812190c90da51383148857e3e8ceecf748777435de48.png,False,none,0,clean,5
c0a5bc1610ad30bb36687bad3cf7f2148732b31e62ee67da72f9792b9a22805d,/var/tmp/karzar-shopmill-cleanup/repaired_assets/c0a5bc1610ad30bb36687bad3cf7f2148732b31e62ee67da72f9792b9a22805d.png,False,none,0,clean,1
c0d45bfc5b9c4edf6a7c61237182ea60c6287473ae3b03ca46251f7af7da4685,/var/tmp/karzar-shopmill-cleanup/repaired_assets/c0d45bfc5b9c4edf6a7c61237182ea60c6287473ae3b03ca46251f7af7da4685.png,False,none,0,clean,1
c2aa2fbdc4fa4c599ec8dc09803cebadeb01b811e4f2478f4003dfd29af9e063,/var/tmp/karzar-shopmill-cleanup/repaired_assets/c2aa2fbdc4fa4c599ec8dc09803cebadeb01b811e4f2478f4003dfd29af9e063.png,False,none,0,clean,11
c3cd418c874b3c23f7e6caf72f6231fecbad14c377def6a020d7bba9eb54761c,/var/tmp/karzar-shopmill-cleanup/repaired_assets/c3cd418c874b3c23f7e6caf72f6231fecbad14c377def6a020d7bba9eb54761c.png,False,none,0,clean,5
c3e6ce02126f35680d2ef2973a7c7c65299de18b7736a2be0127cba35362adec,/var/tmp/karzar-shopmill-cleanup/repaired_assets/c3e6ce02126f35680d2ef2973a7c7c65299de18b7736a2be0127cba35362adec.png,False,none,0,clean,1
c79c11a60abe45c01e8e7dd29665a97a1f15b0ac5a80dd502c5c7b3875c91430,/var/tmp/karzar-shopmill-cleanup/repaired_assets/c79c11a60abe45c01e8e7dd29665a97a1f15b0ac5a80dd502c5c7b3875c91430.png,False,none,0,clean,1
c7fd47f316b960802719da4150f4c9ddcf9dd0c2c3a5416b1dc92ac65050eeb4,/var/tmp/karzar-shopmill-cleanup/repaired_assets/c7fd47f316b960802719da4150f4c9ddcf9dd0c2c3a5416b1dc92ac65050eeb4.png,False,none,0,clean,3
c8128087fbc9658dc5e1e433b3c22dcb38cf073ceaf29f450d8d0386bbcac1d1,/var/tmp/karzar-shopmill-cleanup/repaired_assets/c8128087fbc9658dc5e1e433b3c22dcb38cf073ceaf29f450d8d0386bbcac1d1.png,False,none,0,clean,10
c8ea63c30ac48f50bb43d01f175fa4c6d85c40ac6d601dbe917ff6a9b6946134,/var/tmp/karzar-shopmill-cleanup/repaired_assets/c8ea63c30ac48f50bb43d01f175fa4c6d85c40ac6d601dbe917ff6a9b6946134.jpg,False,none,0,clean,2
ca1357d4e646068cd1f63cc6eadcab72d497d3fbccfae3aa87f2aedd6bfd5e12,/var/tmp/karzar-shopmill-cleanup/repaired_assets/ca1357d4e646068cd1f63cc6eadcab72d497d3fbccfae3aa87f2aedd6bfd5e12.png,False,none,0,clean,2
cbf88aa6f2687c576e91723ed22b79ef2482e8f3a02b194fd400137b323c9746,/var/tmp/karzar-shopmill-cleanup/repaired_assets/cbf88aa6f2687c576e91723ed22b79ef2482e8f3a02b194fd400137b323c9746.jpg,False,none,0,clean,1
ccc867d093cc03fd42a6e60432d36fd043507c3008f1fe7ad4e2825130bf76f5,/var/tmp/karzar-shopmill-cleanup/repaired_assets/ccc867d093cc03fd42a6e60432d36fd043507c3008f1fe7ad4e2825130bf76f5.png,False,none,0,clean,5
ce6592636518455ca0b9b00ae59e4cc5526ebee1be792bca3decdb859fe231d8,/var/tmp/karzar-shopmill-cleanup/repaired_assets/ce6592636518455ca0b9b00ae59e4cc5526ebee1be792bca3decdb859fe231d8.png,False,none,0,clean,3
d39c05115c8d789c5d0295c9fdbeaa1b9e05ce1df7ab52e1a0fe9660e07ab963,/var/tmp/karzar-shopmill-cleanup/repaired_assets/d39c05115c8d789c5d0295c9fdbeaa1b9e05ce1df7ab52e1a0fe9660e07ab963.png,False,none,0,clean,1
d47a14c6da56be733e90cb8e4696cf94ee292f68d63014dda136db278e08d33b,/var/tmp/karzar-shopmill-cleanup/repaired_assets/d47a14c6da56be733e90cb8e4696cf94ee292f68d63014dda136db278e08d33b.png,False,none,0,clean,4
d4a63b2da60c5ad44dbf8285f7a602d454607903ac39ccc7cb841f6d69e42514,/var/tmp/karzar-shopmill-cleanup/repaired_assets/d4a63b2da60c5ad44dbf8285f7a602d454607903ac39ccc7cb841f6d69e42514.png,False,none,0,clean,1
d587d7db2a258cef460ee576ad55171ab44cb7a3f29e5d88b0749745e8ac11bc,/var/tmp/karzar-shopmill-cleanup/repaired_assets/d587d7db2a258cef460ee576ad55171ab44cb7a3f29e5d88b0749745e8ac11bc.png,False,none,0,clean,1
d693c72c81c8b66fcf8e8ef88daaad1b2a2730153dfad5a7b9170b6220f055fe,/var/tmp/karzar-shopmill-cleanup/repaired_assets/d693c72c81c8b66fcf8e8ef88daaad1b2a2730153dfad5a7b9170b6220f055fe.png,False,none,0,clean,1
d75d544ff952a07cc321aaaea2577ba78b63e0352bb856119aaba9ec8d3c2b68,/var/tmp/karzar-shopmill-cleanup/repaired_assets/d75d544ff952a07cc321aaaea2577ba78b63e0352bb856119aaba9ec8d3c2b68.png,False,none,0,clean,3
d8366f6533da3a6c89941f6e25fd90c18a7ddc6c71dcf65f55f31fbbd46bdc98,/var/tmp/karzar-shopmill-cleanup/repaired_assets/d8366f6533da3a6c89941f6e25fd90c18a7ddc6c71dcf65f55f31fbbd46bdc98.png,False,none,0,clean,3
d8f180f785cb7a3d50136e2051bbc6947002980591636885e763e5da6f02b9af,/var/tmp/karzar-shopmill-cleanup/repaired_assets/d8f180f785cb7a3d50136e2051bbc6947002980591636885e763e5da6f02b9af.png,False,none,0,clean,9
d93cb0b692b6a7e021ce9f526081e388f9ac811695f742f231564d0d5b54249c,/var/tmp/karzar-shopmill-cleanup/repaired_assets/d93cb0b692b6a7e021ce9f526081e388f9ac811695f742f231564d0d5b54249c.png,False,none,0,clean,1
da4cfba10f40496f17ce16d7b354af707b65efbaa7068d5ad29e546e0441403d,/var/tmp/karzar-shopmill-cleanup/repaired_assets/da4cfba10f40496f17ce16d7b354af707b65efbaa7068d5ad29e546e0441403d.png,False,none,0,clean,1
deec248a3ebf999e94a936b064ff81aa963d68c2aaa5acef30fa39caaeb99f7b,/var/tmp/karzar-shopmill-cleanup/repaired_assets/deec248a3ebf999e94a936b064ff81aa963d68c2aaa5acef30fa39caaeb99f7b.png,False,none,0,clean,1
e026c56e6356f733f53082e8580c91b6b605d5a06b1b3118d77a901400333e14,/var/tmp/karzar-shopmill-cleanup/repaired_assets/e026c56e6356f733f53082e8580c91b6b605d5a06b1b3118d77a901400333e14.png,False,none,0,clean,1
e248f9e52dd8e28b4c30ce440abbff66ad595e531ce3b9b04efc1d5740120f0d,/var/tmp/karzar-shopmill-cleanup/repaired_assets/e248f9e52dd8e28b4c30ce440abbff66ad595e531ce3b9b04efc1d5740120f0d.png,False,none,0,clean,23
e49006527899e86a9d302700f12b74bda2585fe50467fe4b89b95974cb8a6542,/var/tmp/karzar-shopmill-cleanup/repaired_assets/e49006527899e86a9d302700f12b74bda2585fe50467fe4b89b95974cb8a6542.jpg,False,none,0,clean,2
e655a0fea27f80d501aafc9ba28e56f788e6622fbf6292d29f26c9ef49eb0a17,/var/tmp/karzar-shopmill-cleanup/repaired_assets/e655a0fea27f80d501aafc9ba28e56f788e6622fbf6292d29f26c9ef49eb0a17.png,False,none,0,clean,1
e6b0b6dbe1ad23b5c63ba425bb1ae70f0271a13a28f4ffe37ba1b6aff8b76f33,/var/tmp/karzar-shopmill-cleanup/repaired_assets/e6b0b6dbe1ad23b5c63ba425bb1ae70f0271a13a28f4ffe37ba1b6aff8b76f33.png,False,none,0,clean,1
e6dd1d3bba1ceda59edf9819ff0e92b4605d0b5a2df0c788471ebec683de8d7d,/var/tmp/karzar-shopmill-cleanup/repaired_assets/e6dd1d3bba1ceda59edf9819ff0e92b4605d0b5a2df0c788471ebec683de8d7d.png,False,none,0,clean,1
e6df0aea6da078163fe8186e46b01bfa9c8dd44e297a90740aeb83d362072378,/var/tmp/karzar-shopmill-cleanup/repaired_assets/e6df0aea6da078163fe8186e46b01bfa9c8dd44e297a90740aeb83d362072378.png,False,none,0,clean,2
e80a855fd9533f6a085797ee26a8a56ac1c0303a30a60a6732dde25d518af12e,/var/tmp/karzar-shopmill-cleanup/repaired_assets/e80a855fd9533f6a085797ee26a8a56ac1c0303a30a60a6732dde25d518af12e.jpg,False,none,0,clean,1
e916569b8b722346416b77a0b2d84a20b51d3e176348570a1bcab041948ecd6d,/var/tmp/karzar-shopmill-cleanup/repaired_assets/e916569b8b722346416b77a0b2d84a20b51d3e176348570a1bcab041948ecd6d.png,False,none,0,clean,6
ed1b8de9a24b149692a4792735432024c6157b419321ae281d67898db1ea7bfb,/var/tmp/karzar-shopmill-cleanup/repaired_assets/ed1b8de9a24b149692a4792735432024c6157b419321ae281d67898db1ea7bfb.png,False,none,0,clean,1
ed4d16fc879f09dfbc5f5c39c861be90ac919e8836dedeb0a6d713b83e83e1b3,/var/tmp/karzar-shopmill-cleanup/repaired_assets/ed4d16fc879f09dfbc5f5c39c861be90ac919e8836dedeb0a6d713b83e83e1b3.png,False,none,0,clean,3
edae5df10eb27be0a8654db4b7db8a19658ea93bd8fb79fbfc66487af9f31ee2,/var/tmp/karzar-shopmill-cleanup/repaired_assets/edae5df10eb27be0a8654db4b7db8a19658ea93bd8fb79fbfc66487af9f31ee2.png,False,none,0,clean,7
f1f30443ce3e493dec671e795b95ac9c06a2f4aecf0db7caaf49cae8589a8e75,/var/tmp/karzar-shopmill-cleanup/repaired_assets/f1f30443ce3e493dec671e795b95ac9c06a2f4aecf0db7caaf49cae8589a8e75.png,False,none,0,clean,3
f274755a72a757889c188df38091f22fde4c6befae04d8d6840c7cf40bd51a93,/var/tmp/karzar-shopmill-cleanup/repaired_assets/f274755a72a757889c188df38091f22fde4c6befae04d8d6840c7cf40bd51a93.png,False,none,0,clean,1
f5b83e7cae10c68b924d3c04c2ea515fc2bc5cc98d571e1a86d2d49957ccb5e3,/var/tmp/karzar-shopmill-cleanup/repaired_assets/f5b83e7cae10c68b924d3c04c2ea515fc2bc5cc98d571e1a86d2d49957ccb5e3.png,False,none,0,clean,1
f5ba5b323eeb9c782ada4908cc23e5639baef610ecb32b764510c703357ed61a,/var/tmp/karzar-shopmill-cleanup/repaired_assets/f5ba5b323eeb9c782ada4908cc23e5639baef610ecb32b764510c703357ed61a.png,False,low,0,clean,2
f9301a4b45666c4b818fb10dbbb7666043d02719847d27f372b1cb059267f9d6,/var/tmp/karzar-shopmill-cleanup/repaired_assets/f9301a4b45666c4b818fb10dbbb7666043d02719847d27f372b1cb059267f9d6.png,False,none,0,clean,3
fade48861a1a20a7007581d794b92ba2773ec3b6465192101b059af1e955c9b9,/var/tmp/karzar-shopmill-cleanup/repaired_assets/fade48861a1a20a7007581d794b92ba2773ec3b6465192101b059af1e955c9b9.png,False,none,0,clean,1
fcd5572f96e8f627f08da3662fd2016ea1312efc1d6802f9cc3ff354de53256a,/var/tmp/karzar-shopmill-cleanup/repaired_assets/fcd5572f96e8f627f08da3662fd2016ea1312efc1d6802f9cc3ff354de53256a.png,False,none,0,clean,1
fe05d6137904faa16c3321f7d099c9bf570af5a44dd37212e1280931d7d958bc,/var/tmp/karzar-shopmill-cleanup/repaired_assets/fe05d6137904faa16c3321f7d099c9bf570af5a44dd37212e1280931d7d958bc.png,False,none,0,clean,1
