brand_id,brand_name,total_products,active,inactive,active_pct,available,unavailable,available_pct,priced,unpriced,zero_price,priced_pct,with_image,without_image,image_pct,product_image_rows,visible,visible_pct,sellable,sellable_pct,with_legacy_specs,without_legacy_specs,with_kb_facts,without_kb_facts,product_type_assigned,product_type_missing,required_kb_complete,required_kb_incomplete,evidence_backed,evidence_missing,with_description,without_description,with_short_description,without_short_description,category_count,duplicate_sku_products,soft_deleted_products,min_price,max_price,median_price,p25_price,p75_price,original_price_present,discounted,products_with_multiple_images,average_images_per_imaged_product,max_images_per_product,median_spec_key_count,top_spec_keys,T0,T1,T2,T3,T4,T5,cohort_active_available_priced_imaged,cohort_active_available_priced_no_image,cohort_active_available_unpriced,cohort_active_unavailable_priced_imaged,cohort_inactive_available_priced_imaged,cohort_inactive_unavailable_priced_imaged,cohort_inactive_unavailable_unpriced_imaged,cohort_inactive_unavailable_priced_no_image,cohort_inactive_unavailable_unpriced_no_image,READY_EXCEPT_ACTIVATION,READY_EXCEPT_IMAGE,READY_EXCEPT_PRICE,READY_EXCEPT_AVAILABILITY,MISSING_MULTIPLE_COMMERCIAL_FIELDS,SELLABLE_NOW,BLOCKED_ONLY_BY_ACTIVATION,BLOCKED_ONLY_BY_AVAILABILITY,BLOCKED_ONLY_BY_PRICE,BLOCKED_ONLY_BY_IMAGE,BLOCKED_BY_PRICE_AND_IMAGE,BLOCKED_BY_PRICE_AND_AVAILABILITY,BLOCKED_BY_IMAGE_AND_AVAILABILITY,BLOCKED_BY_3_OR_MORE_FIELDS,sellable_tech_strong,sellable_tech_weak,blocked_tech_strong,blocked_tech_weak,products_non_leaf_category,source_authority
13,ASTPOWER | ای اس تی پاور,975,143,832,14.7%,752,223,77.1%,819,156,0,84.0%,143,832,14.7%,143,143,14.7%,83,8.5%,975,0,0,975,0,975,0,975,0,975,0,975,0,975,29,0,0,43135.00,662662550.00,7530000.00,2895000.000,24367750.000,0,0,0,1.0,1,10,features:975|dimensions:975|technical_specs:975|optional_accessories:975|markup:802|list_toman:802|price_rial:802|price_list_source:802|markup_tag:542|origin_country:523,0,975,0,0,0,0,83,0,0,53,0,0,0,14,149,0,0,0,53,839,83,0,53,0,0,0,7,0,163,0,83,0,892,0,PARTIAL_SOURCE
3,INSIZE | اینسایز,872,643,229,73.7%,159,713,18.2%,487,385,0,55.8%,643,229,73.7%,643,643,73.7%,159,18.2%,871,1,15,857,15,857,15,857,15,857,869,3,864,8,22,0,0,220000.00,197640000.00,11950000.00,4722500.000,23740000.000,0,0,0,1.0,1,5,features:871|technical_specs:871|dimensions:715|optional_accessories:715|source_attributes:708|authority:156,1,856,0,0,15,0,159,0,0,226,0,0,0,102,127,0,0,0,226,487,159,0,226,0,0,0,258,0,229,10,149,5,708,0,AUTHORITATIVE_SOURCE_AVAILABLE
4,Dasqua | داسکوا,727,270,457,37.1%,488,239,67.1%,727,0,0,100.0%,53,674,7.3%,53,53,7.3%,31,4.3%,655,72,0,727,0,727,0,727,0,727,727,0,349,378,18,0,0,425000.00,422360000.00,20385000.00,7933000.000,46400000.000,0,0,0,1.0,1,4,features:655|dimensions:655|technical_specs:655|optional_accessories:655,72,655,0,0,0,0,31,0,0,22,0,0,0,0,0,0,0,0,22,674,31,0,22,0,0,0,0,217,0,0,31,0,696,0,AUTHORITATIVE_SOURCE_AVAILABLE
8,ZCC.CT | زد سی‌سی,583,175,408,30.0%,175,408,30.0%,258,325,0,44.3%,247,336,42.4%,274,175,30.0%,175,30.0%,583,0,0,583,0,583,0,583,0,583,0,583,0,583,9,0,0,370000.00,67040000.00,2236000.00,1167500.0000,5941000.0000,0,0,23,1.11,3,7,features:583|dimensions:583|technical_specs:583|optional_accessories:583|source_url:484|source_timestamp:309|source_attributes:309|grade:175|model:175|pilot:175,0,583,0,0,0,0,175,0,0,0,0,61,11,22,314,0,0,0,0,408,175,0,0,0,0,0,0,0,347,0,175,0,408,0,PARTIAL_SOURCE
22,TIGER TEC | تایگرتک,517,0,517,0.0%,517,0,100.0%,517,0,0,100.0%,0,517,0.0%,0,0,0.0%,0,0.0%,517,0,0,517,0,517,0,517,0,517,0,517,0,517,6,0,0,280000.00,120000000.00,3500000.00,1500000.000,12500000.000,0,0,0,0,0,9,hrc:517|family:517|features:517|dimensions:517|price_source:517|list_price_rial:517|technical_specs:517|price_list_sources:517|optional_accessories:517,0,517,0,0,0,0,0,0,0,0,0,0,0,0,0,0,0,0,0,517,0,0,0,0,0,0,0,0,0,0,0,0,517,0,NO_REGISTERED_SOURCE
48,YOWAX | یواکس,353,0,353,0.0%,350,3,99.2%,350,3,0,99.2%,0,353,0.0%,0,0,0.0%,0,0.0%,353,0,0,353,0,353,0,353,0,353,0,353,0,353,6,0,0,366000.00,8980000.00,700000.00,620000.0000,946000.0000,0,0,0,0,0,7,features:353|dimensions:353|insert_code:353|price_source:353|technical_specs:353|price_list_source:353|optional_accessories:353,0,353,0,0,0,0,0,0,0,0,0,0,0,0,3,0,0,0,0,353,0,0,0,0,0,0,0,0,3,0,0,0,353,0,NO_REGISTERED_SOURCE
33,Chumpower | چام‌پاور,347,0,347,0.0%,315,32,90.8%,315,32,0,90.8%,0,347,0.0%,0,0,0.0%,0,0.0%,347,0,0,347,0,347,0,347,0,347,9,338,9,338,5,0,0,341000.00,64823000.00,9652500.00,3899500.000,20680000.000,0,0,0,0,0,10,features:347|dimensions:347|technical_specs:347|optional_accessories:347|markup:310|list_toman:310|markup_tag:310|price_rial:310|price_list_source:310|origin_country:307,0,347,0,0,0,0,0,0,0,0,0,0,0,0,32,0,0,0,0,347,0,0,0,0,0,0,0,0,32,0,0,0,347,0,NO_REGISTERED_SOURCE
20,SAN OU | سانو,317,62,255,19.6%,85,232,26.8%,141,176,0,44.5%,86,231,27.1%,86,62,19.6%,22,6.9%,317,0,0,317,0,317,0,317,0,317,10,307,10,307,5,0,0,455000.00,695000000.00,3977000.00,920000.000,13524000.000,0,0,0,1.0,1,7,features:317|dimensions:317|technical_specs:317|optional_accessories:317|price_source:271|distributor_code:271|price_list_source:271,0,317,0,0,0,0,22,0,0,24,0,21,3,11,157,0,0,0,24,271,22,0,24,0,0,0,16,0,171,0,22,0,295,0,PARTIAL_SOURCE
5,TERMA | ترما,312,181,131,58.0%,308,4,98.7%,312,0,0,100.0%,181,131,58.0%,181,181,58.0%,177,56.7%,312,0,0,312,0,312,0,312,0,312,0,312,0,312,19,0,0,619500.00,294000000.00,17947500.00,7875000.0000,36309750.0000,0,0,0,1.0,1,11.0,markup:312|section:312|features:312|rounding:312|dimensions:312|price_source:312|list_price_rial:312|technical_specs:312|list_price_toman:312|price_list_source:312,0,312,0,0,0,0,177,0,0,4,0,0,0,0,0,0,0,0,4,131,177,0,4,0,0,0,0,0,0,0,177,0,135,0,AUTHORITATIVE_SOURCE_AVAILABLE
2,Mitutoyo | میتوتویو,304,111,193,36.5%,174,130,57.2%,190,114,0,62.5%,111,193,36.5%,111,111,36.5%,69,22.7%,304,0,0,304,0,304,0,304,0,304,37,267,37,267,12,0,0,405000.00,541612500.00,44612500.00,22451875.0000,102113750.0000,0,0,0,1.0,1,5.0,features:304|dimensions:304|technical_specs:304|optional_accessories:304|source_attributes:267|leaflet_evidence:37,0,304,0,0,0,0,69,0,0,1,0,0,0,15,73,0,0,0,1,234,69,0,1,0,0,0,41,0,88,0,69,0,235,0,PARTIAL_SOURCE
,[NO BRAND],295,0,295,0.0%,7,288,2.4%,7,288,0,2.4%,0,295,0.0%,0,0,0.0%,0,0.0%,295,0,0,295,0,295,0,295,0,295,0,295,0,295,27,0,1,902000.00,7568000.00,7568000.00,7568000.000,7568000.000,7,7,0,0,0,5,features:295|dimensions:295|technical_specs:295|optional_accessories:295|source_attributes:288,0,295,0,0,0,0,0,0,0,0,0,0,0,0,288,0,0,0,0,295,0,0,0,0,0,0,0,0,288,0,0,0,295,0,NO_REGISTERED_SOURCE
6,ASIMETO | آسیمتو,235,0,235,0.0%,0,235,0.0%,0,235,0,0.0%,0,235,0.0%,0,0,0.0%,0,0.0%,235,0,0,235,0,235,0,235,0,235,0,235,0,235,18,0,0,,,,,,0,0,0,0,0,5,features:235|dimensions:235|technical_specs:235|source_attributes:235|optional_accessories:235,0,235,0,0,0,0,0,0,0,0,0,0,0,0,235,0,0,0,0,235,0,0,0,0,0,0,0,0,235,0,0,0,235,0,NO_REGISTERED_SOURCE
50,ET | ای تی,227,0,227,0.0%,221,6,97.4%,221,6,0,97.4%,0,227,0.0%,0,0,0.0%,0,0.0%,227,0,0,227,0,227,0,227,0,227,0,227,0,227,1,0,0,51112.00,20889000.00,2816000.00,1996500.000,4301000.000,0,0,0,0,0,10,markup:227|features:227|dimensions:227|list_toman:227|markup_tag:227|price_rial:227|origin_country:227|technical_specs:227|price_list_source:227|optional_accessories:227,0,227,0,0,0,0,0,0,0,0,0,0,0,0,6,0,0,0,0,227,0,0,0,0,0,0,0,0,6,0,0,0,227,0,NO_REGISTERED_SOURCE
49,Mighty Seven | مایتی سون,182,0,182,0.0%,182,0,100.0%,182,0,0,100.0%,0,182,0.0%,0,0,0.0%,0,0.0%,182,0,0,182,0,182,0,182,0,182,0,182,0,182,3,0,0,550000.00,147800000.00,22250000.00,13900000.0000,33925000.0000,0,0,0,0,0,9.0,model:182|features:182|dimensions:182|import_notes:182|price_source:182|technical_specs:182|price_list_source:182|optional_accessories:182|price_list_date_jalali:182,0,182,0,0,0,0,0,0,0,0,0,0,0,0,0,0,0,0,0,182,0,0,0,0,0,0,0,0,0,0,0,0,182,0,NO_REGISTERED_SOURCE
43,Groz | گروز,127,0,127,0.0%,0,127,0.0%,0,127,0,0.0%,0,127,0.0%,0,0,0.0%,0,0.0%,127,0,0,127,0,127,0,127,0,127,0,127,0,127,19,0,0,,,,,,0,0,0,0,0,5,features:127|dimensions:127|technical_specs:127|source_attributes:127|optional_accessories:127,0,127,0,0,0,0,0,0,0,0,0,0,0,0,127,0,0,0,0,127,0,0,0,0,0,0,0,0,127,0,0,0,127,0,NO_REGISTERED_SOURCE
36,Chagan | چاگان,27,0,27,0.0%,0,27,0.0%,0,27,0,0.0%,0,27,0.0%,0,0,0.0%,0,0.0%,27,0,0,27,0,27,0,27,0,27,0,27,0,27,2,0,0,,,,,,0,0,0,0,0,5,features:27|dimensions:27|technical_specs:27|source_attributes:27|optional_accessories:27,0,27,0,0,0,0,0,0,0,0,0,0,0,0,27,0,0,0,0,27,0,0,0,0,0,0,0,0,27,0,0,0,27,0,NO_REGISTERED_SOURCE
47,SHAMS | شمس,27,0,27,0.0%,22,5,81.5%,26,1,0,96.3%,0,27,0.0%,0,0,0.0%,0,0.0%,19,8,0,27,0,27,0,27,0,27,19,8,0,27,1,0,0,400000.00,3500000.00,1050000.00,650000.0000,1625000.0000,0,0,0,0,0,4,features:19|dimensions:19|technical_specs:19|optional_accessories:19,8,19,0,0,0,0,0,0,0,0,0,0,0,5,0,0,0,0,0,27,0,0,0,0,0,0,0,0,6,0,0,0,27,0,PARTIAL_SOURCE
32,Winstar | وینستار,21,0,21,0.0%,0,21,0.0%,0,21,0,0.0%,0,21,0.0%,0,0,0.0%,0,0.0%,21,0,0,21,0,21,0,21,0,21,0,21,0,21,2,0,0,,,,,,0,0,0,0,0,5,features:21|dimensions:21|technical_specs:21|source_attributes:21|optional_accessories:21,0,21,0,0,0,0,0,0,0,0,0,0,0,0,21,0,0,0,0,21,0,0,0,0,0,0,0,0,21,0,0,0,21,0,NO_REGISTERED_SOURCE
37,MPA | ام پی ای,14,0,14,0.0%,0,14,0.0%,0,14,0,0.0%,0,14,0.0%,0,0,0.0%,0,0.0%,14,0,0,14,0,14,0,14,0,14,0,14,0,14,2,0,0,,,,,,0,0,0,0,0,5.0,features:14|dimensions:14|technical_specs:14|source_attributes:14|optional_accessories:14,0,14,0,0,0,0,0,0,0,0,0,0,0,0,14,0,0,0,0,14,0,0,0,0,0,0,0,0,14,0,0,0,14,0,NO_REGISTERED_SOURCE
31,Transmex | ترنمکس,11,0,11,0.0%,0,11,0.0%,0,11,0,0.0%,0,11,0.0%,0,0,0.0%,0,0.0%,11,0,0,11,0,11,0,11,0,11,0,11,0,11,1,0,0,,,,,,0,0,0,0,0,5,features:11|dimensions:11|technical_specs:11|source_attributes:11|optional_accessories:11,0,11,0,0,0,0,0,0,0,0,0,0,0,0,11,0,0,0,0,11,0,0,0,0,0,0,0,0,11,0,0,0,11,0,NO_REGISTERED_SOURCE
35,3Keego | کیگو,10,0,10,0.0%,0,10,0.0%,0,10,0,0.0%,0,10,0.0%,0,0,0.0%,0,0.0%,10,0,0,10,0,10,0,10,0,10,0,10,0,10,2,0,0,,,,,,0,0,0,0,0,5.0,features:10|dimensions:10|technical_specs:10|source_attributes:10|optional_accessories:10,0,10,0,0,0,0,0,0,0,0,0,0,0,0,10,0,0,0,0,10,0,0,0,0,0,0,0,0,10,0,0,0,10,0,NO_REGISTERED_SOURCE
42,Vertex | ورتکس,10,0,10,0.0%,0,10,0.0%,0,10,0,0.0%,0,10,0.0%,0,0,0.0%,0,0.0%,10,0,0,10,0,10,0,10,0,10,0,10,0,10,5,0,0,,,,,,0,0,0,0,0,5.0,features:10|dimensions:10|technical_specs:10|source_attributes:10|optional_accessories:10,0,10,0,0,0,0,0,0,0,0,0,0,0,0,10,0,0,0,0,10,0,0,0,0,0,0,0,0,10,0,0,0,10,0,NO_REGISTERED_SOURCE
30,Viyer | ویر,9,0,9,0.0%,0,9,0.0%,0,9,0,0.0%,0,9,0.0%,0,0,0.0%,0,0.0%,9,0,0,9,0,9,0,9,0,9,0,9,0,9,1,0,0,,,,,,0,0,0,0,0,5,features:9|dimensions:9|technical_specs:9|source_attributes:9|optional_accessories:9,0,9,0,0,0,0,0,0,0,0,0,0,0,0,9,0,0,0,0,9,0,0,0,0,0,0,0,0,9,0,0,0,9,0,NO_REGISTERED_SOURCE
46,ZPS | زد پی‌اس,6,0,6,0.0%,0,6,0.0%,0,6,0,0.0%,0,6,0.0%,0,0,0.0%,0,0.0%,6,0,0,6,0,6,0,6,0,6,0,6,0,6,1,0,0,,,,,,0,0,0,0,0,5.0,features:6|dimensions:6|technical_specs:6|source_attributes:6|optional_accessories:6,0,6,0,0,0,0,0,0,0,0,0,0,0,0,6,0,0,0,0,6,0,0,0,0,0,0,0,0,6,0,0,0,6,0,NO_REGISTERED_SOURCE
40,CP-GRAT | سی‌پی‌گرات,4,0,4,0.0%,0,4,0.0%,0,4,0,0.0%,0,4,0.0%,0,0,0.0%,0,0.0%,4,0,0,4,0,4,0,4,0,4,0,4,0,4,1,0,0,,,,,,0,0,0,0,0,5.0,features:4|dimensions:4|technical_specs:4|source_attributes:4|optional_accessories:4,0,4,0,0,0,0,0,0,0,0,0,0,0,0,4,0,0,0,0,4,0,0,0,0,0,0,0,0,4,0,0,0,4,0,NO_REGISTERED_SOURCE
29,LI-HSUN | لی‌سان,4,0,4,0.0%,0,4,0.0%,0,4,0,0.0%,0,4,0.0%,0,0,0.0%,0,0.0%,4,0,0,4,0,4,0,4,0,4,0,4,0,4,1,0,0,,,,,,0,0,0,0,0,5.0,features:4|dimensions:4|technical_specs:4|source_attributes:4|optional_accessories:4,0,4,0,0,0,0,0,0,0,0,0,0,0,0,4,0,0,0,0,4,0,0,0,0,0,0,0,0,4,0,0,0,4,0,NO_REGISTERED_SOURCE
27,Narex | نارکس,4,0,4,0.0%,0,4,0.0%,0,4,0,0.0%,0,4,0.0%,0,0,0.0%,0,0.0%,4,0,0,4,0,4,0,4,0,4,0,4,0,4,1,0,0,,,,,,0,0,0,0,0,5.0,features:4|dimensions:4|technical_specs:4|source_attributes:4|optional_accessories:4,0,4,0,0,0,0,0,0,0,0,0,0,0,0,4,0,0,0,0,4,0,0,0,0,0,0,0,0,4,0,0,0,4,0,NO_REGISTERED_SOURCE
44,OMG | او ام جی,3,0,3,0.0%,0,3,0.0%,0,3,0,0.0%,0,3,0.0%,0,0,0.0%,0,0.0%,3,0,0,3,0,3,0,3,0,3,0,3,0,3,1,0,0,,,,,,0,0,0,0,0,5,features:3|dimensions:3|technical_specs:3|source_attributes:3|optional_accessories:3,0,3,0,0,0,0,0,0,0,0,0,0,0,0,3,0,0,0,0,3,0,0,0,0,0,0,0,0,3,0,0,0,3,0,NO_REGISTERED_SOURCE
34,Deniz | دنیز,2,0,2,0.0%,0,2,0.0%,0,2,0,0.0%,0,2,0.0%,0,0,0.0%,0,0.0%,2,0,0,2,0,2,0,2,0,2,0,2,0,2,1,0,0,,,,,,0,0,0,0,0,5.0,features:2|dimensions:2|technical_specs:2|source_attributes:2|optional_accessories:2,0,2,0,0,0,0,0,0,0,0,0,0,0,0,2,0,0,0,0,2,0,0,0,0,0,0,0,0,2,0,0,0,2,0,NO_REGISTERED_SOURCE
26,Jaguar | جگوار,2,0,2,0.0%,0,2,0.0%,0,2,0,0.0%,0,2,0.0%,0,0,0.0%,0,0.0%,2,0,0,2,0,2,0,2,0,2,0,2,0,2,1,0,0,,,,,,0,0,0,0,0,5.0,features:2|dimensions:2|technical_specs:2|source_attributes:2|optional_accessories:2,0,2,0,0,0,0,0,0,0,0,0,0,0,0,2,0,0,0,0,2,0,0,0,0,0,0,0,0,2,0,0,0,2,0,NO_REGISTERED_SOURCE
39,Promax | پرومکس,2,0,2,0.0%,0,2,0.0%,0,2,0,0.0%,0,2,0.0%,0,0,0.0%,0,0.0%,2,0,0,2,0,2,0,2,0,2,0,2,0,2,1,0,0,,,,,,0,0,0,0,0,5.0,features:2|dimensions:2|technical_specs:2|source_attributes:2|optional_accessories:2,0,2,0,0,0,0,0,0,0,0,0,0,0,0,2,0,0,0,0,2,0,0,0,0,0,0,0,0,2,0,0,0,2,0,NO_REGISTERED_SOURCE
45,RÖHM | رهم,2,0,2,0.0%,0,2,0.0%,0,2,0,0.0%,0,2,0.0%,0,0,0.0%,0,0.0%,2,0,0,2,0,2,0,2,0,2,0,2,0,2,1,0,0,,,,,,0,0,0,0,0,5.0,features:2|dimensions:2|technical_specs:2|source_attributes:2|optional_accessories:2,0,2,0,0,0,0,0,0,0,0,0,0,0,0,2,0,0,0,0,2,0,0,0,0,0,0,0,0,2,0,0,0,2,0,NO_REGISTERED_SOURCE
38,Sahand | سهند,2,0,2,0.0%,0,2,0.0%,0,2,0,0.0%,0,2,0.0%,0,0,0.0%,0,0.0%,2,0,0,2,0,2,0,2,0,2,0,2,0,2,1,0,0,,,,,,0,0,0,0,0,5.0,features:2|dimensions:2|technical_specs:2|source_attributes:2|optional_accessories:2,0,2,0,0,0,0,0,0,0,0,0,0,0,0,2,0,0,0,0,2,0,0,0,0,0,0,0,0,2,0,0,0,2,0,NO_REGISTERED_SOURCE
41,Acrobat | آکروبات,1,0,1,0.0%,0,1,0.0%,0,1,0,0.0%,0,1,0.0%,0,0,0.0%,0,0.0%,1,0,0,1,0,1,0,1,0,1,0,1,0,1,1,0,0,,,,,,0,0,0,0,0,5,features:1|dimensions:1|technical_specs:1|source_attributes:1|optional_accessories:1,0,1,0,0,0,0,0,0,0,0,0,0,0,0,1,0,0,0,0,1,0,0,0,0,0,0,0,0,1,0,0,0,1,0,NO_REGISTERED_SOURCE
24,UTEX | یوتکس,1,0,1,0.0%,0,1,0.0%,0,1,0,0.0%,0,1,0.0%,0,0,0.0%,0,0.0%,1,0,0,1,0,1,0,1,0,1,0,1,0,1,1,0,0,,,,,,0,0,0,0,0,5,features:1|dimensions:1|technical_specs:1|source_attributes:1|optional_accessories:1,0,1,0,0,0,0,0,0,0,0,0,0,0,0,1,0,0,0,0,1,0,0,0,0,0,0,0,0,1,0,0,0,1,0,NO_REGISTERED_SOURCE
28,Vogel | وگل,1,0,1,0.0%,0,1,0.0%,0,1,0,0.0%,0,1,0.0%,0,0,0.0%,0,0.0%,1,0,0,1,0,1,0,1,0,1,0,1,0,1,1,0,0,,,,,,0,0,0,0,0,5,features:1|dimensions:1|technical_specs:1|source_attributes:1|optional_accessories:1,0,1,0,0,0,0,0,0,0,0,0,0,0,0,1,0,0,0,0,1,0,0,0,0,0,0,0,0,1,0,0,0,1,0,NO_REGISTERED_SOURCE
9,DOHRE | دوهره,0,0,0,0.0%,0,0,0.0%,0,0,0,0.0%,0,0,0.0%,0,0,0.0%,0,0.0%,0,0,0,0,0,0,0,0,0,0,0,0,0,0,0,0,0,,,,,,0,0,0,0,0,,,0,0,0,0,0,0,0,0,0,0,0,0,0,0,0,0,0,0,0,0,0,0,0,0,0,0,0,0,0,0,0,0,0,0,NO_REGISTERED_SOURCE
23,Emkay | امکای,0,0,0,0.0%,0,0,0.0%,0,0,0,0.0%,0,0,0.0%,0,0,0.0%,0,0.0%,0,0,0,0,0,0,0,0,0,0,0,0,0,0,0,0,0,,,,,,0,0,0,0,0,,,0,0,0,0,0,0,0,0,0,0,0,0,0,0,0,0,0,0,0,0,0,0,0,0,0,0,0,0,0,0,0,0,0,0,NO_REGISTERED_SOURCE
7,GUANGLU | گوانگلو,0,0,0,0.0%,0,0,0.0%,0,0,0,0.0%,0,0,0.0%,0,0,0.0%,0,0.0%,0,0,0,0,0,0,0,0,0,0,0,0,0,0,0,0,0,,,,,,0,0,0,0,0,,,0,0,0,0,0,0,0,0,0,0,0,0,0,0,0,0,0,0,0,0,0,0,0,0,0,0,0,0,0,0,0,0,0,0,PARTIAL_SOURCE
15,KORLOY | کورلوی,0,0,0,0.0%,0,0,0.0%,0,0,0,0.0%,0,0,0.0%,0,0,0.0%,0,0.0%,0,0,0,0,0,0,0,0,0,0,0,0,0,0,0,0,0,,,,,,0,0,0,0,0,,,0,0,0,0,0,0,0,0,0,0,0,0,0,0,0,0,0,0,0,0,0,0,0,0,0,0,0,0,0,0,0,0,0,0,NO_REGISTERED_SOURCE
12,MAP | ام ای پی,0,0,0,0.0%,0,0,0.0%,0,0,0,0.0%,0,0,0.0%,0,0,0.0%,0,0.0%,0,0,0,0,0,0,0,0,0,0,0,0,0,0,0,0,0,,,,,,0,0,0,0,0,,,0,0,0,0,0,0,0,0,0,0,0,0,0,0,0,0,0,0,0,0,0,0,0,0,0,0,0,0,0,0,0,0,0,0,NO_REGISTERED_SOURCE
