id,sku,name,status,pdf_code,range,resolution,accuracy,notes
1044,1012-0010,زاویه سنج سه تکه با خط کش 12کش — 0-100mm,unmatched,,,,,sku_not_in_pdf
1045,1012-0030,زاویه سنج سه تکه با خط کش 12کش — 0-30mm,unmatched_no_spec_row,,,,,sku_mentioned_but_no_parseable_spec_row
1046,1012-2005,زاویه سنج یونیورسال ساعت 2,unmatched_no_spec_row,,,,,sku_mentioned_but_no_parseable_spec_row
1047,1012-3010,/ /1 پرگار بی ر,unmatched_no_spec_row,,,,,sku_mentioned_but_no_parseable_spec_row
1048,1012-3015,/ /1 پرگار بی ر,unmatched_no_spec_row,,,,,sku_mentioned_but_no_parseable_spec_row
1049,1012-3020,/ /1 پرگار بی ر,unmatched_no_spec_row,,,,,sku_mentioned_but_no_parseable_spec_row
1050,1021-2005,زاویه سنج یونیورسال دیجیتال,unmatched_no_spec_row,,,,,sku_mentioned_but_no_parseable_spec_row
1051,1022-1010,زاویه سنج نقاله ای دیجیتال — 0-1010mm,unmatched_no_spec_row,,,,,sku_mentioned_but_no_parseable_spec_row
1052,1022-1015,زاویه سنج نقاله ای دیجیتال — 0-1015mm,unmatched_no_spec_row,,,,,sku_mentioned_but_no_parseable_spec_row
1053,1022-4200,خط کش زاویه سنج دیجیتال دو خط,unmatched,,,,,sku_not_in_pdf
1054,1022-4300,خط کش زاویه سنج دیجیتال دو خط,unmatched,,,,,sku_not_in_pdf
1055,1030-2010,ترازوی جیت دیجیتال,unmatched_no_spec_row,,,,,sku_mentioned_but_no_parseable_spec_row
1056,1030-2051,تاکومی (دورسنج) دیجیتال مکانییک — 0-500mm,unmatched_no_spec_row,,,,,sku_mentioned_but_no_parseable_spec_row
1057,1030-2056,تاکومی (دورسنج) دیجیتال مکانییک 1,unmatched_no_spec_row,,,,,sku_mentioned_but_no_parseable_spec_row
1058,1030-2061,رنیو سنج دیجیتال,unmatched_no_spec_row,,,,,sku_mentioned_but_no_parseable_spec_row
1059,1030-2100,تاکومی (دورسنج) دیجیتال مکانییک 1,unmatched_no_spec_row,,,,,sku_mentioned_but_no_parseable_spec_row
1060,1031-2005,زاویه سنج ذره ر ر,unmatched_no_spec_row,,,,,sku_mentioned_but_no_parseable_spec_row
1061,1031-2010,زاویه سنج ذره ر ر,unmatched_no_spec_row,,,,,sku_mentioned_but_no_parseable_spec_row
1062,1041-0005,"1,1.25,1.5,1.75,2,2.5,3,3.5,4 میلیمی تا 7 شابلون رزوه اینچ و — 0-50mm",unmatched_no_spec_row,,,,,sku_mentioned_but_no_parseable_spec_row
1063,1041-0007,"1,1.25,1.5,1.75,2,2.5,3,3.5,4 میلیمی تا 7 شابلون رزوه اینچ و — 0-70mm",matched,1041-0007-A,2-12,,,
1064,1041-2205,شابلون رنده پیچ بری 60درجه,unmatched_no_spec_row,,,,,sku_mentioned_but_no_parseable_spec_row
1065,1041-2215,شابلون رنده پیچ بری 60درجه,unmatched_no_spec_row,,,,,sku_mentioned_but_no_parseable_spec_row
1066,1051-0005,گپ سنج مخروط (گیج داخل مخروط) — 0-50mm,matched,1051-0005,1-6.5,0.1,±0.05,
1067,1051-0008,گپ سنج مخروط (گیج داخل مخروط) — 0-80mm,conflict,1051-0008,,,,"conflict_ranges:['3-15', '30-45']"
1068,1051-0302,پرگار معمویل — 0-200mm/0-8,unmatched,,,,,sku_not_in_pdf
1069,1051-0304,پرگار معمویل — 0-300mm,unmatched,,,,,sku_not_in_pdf
1070,1051-2010,گپ سنج مخروط (گیج داخل مخروط),matched,1051-2010,0.1-5,0.1,,
1071,1120-3113,کولیس ورنیه تیپ مونو بالک — 0-70mm/0-3,unmatched,,,,,sku_not_in_pdf
1072,1122-9001,سختی‌سنج شور داسکوا کد 1122-9001,conflict,1122-9001,,,,"conflict_ranges:['0-2', '0-2mm']"
1073,1305-0002,کولیس ورنیه دو فک بلند — 0-500mm,matched,1305-0002,0-500mm/0-20,0.001,±0.05,
1074,1305-0003,کولیس ورنیه دو فک بلند — 0-600mm,matched,1305-0003,0-600mm/0-24,0.001,±0.05,
1075,1305-0010,کولیس مونوبالک ورنیه فک بلند با — 0-500mm/0-20,matched,1305-0010,0-500mm/0-20,0.001,±0.12,
1076,1305-0025,36/5- کولیس مونوبالک ورنیه فک بلند با — 0-300mm/0-12,matched,1305-0025,0-300mm/0-12,0.001,±0.09,
1077,1310-0004,کولیس مونو بالک ورنیه فک بلند — 0-200mm/0-8,matched,1310-0004,0-200mm/0-8,0.001,±0.03,
1078,1310-0005,کولیس مونو بالک ورنیه فک بلند — 0-500mm/0-20,matched,1310-0005,0-500mm/0-20,0.001,±0.05,
1079,1310-0006,کولیس مونو بالک ورنیه فک بلند — 0-500mm/0-20,matched,1310-0006,0-500mm/0-20,0.001,±0.12,
1080,1310-0007,کولیس مونو بالک ورنیه فک بلند — 0-500mm/0-20,matched,1310-0007,0-500mm/0-20,0.001,±0.16,
1081,1310-0008,کولیس مونو بالک ورنیه فک بلند — 0-500mm/0-20,matched,1310-0008,0-500mm/0-20,0.001,±0.20,
1082,1310-0009,کولیس مونو بالک ورنیه فک بلند — 0-500mm/0-20,matched,1310-0009,0-500mm/0-20,0.001,±0.24,
1083,1310-0010,کولیس مونو بالک ورنیه فک بلند — 0-600mm/0-24,matched,1310-0010,0-600mm/0-24,0.001,±0.05,
1084,1310-0011,کولیس مونو بالک ورنیه فک بلند — 0-600mm/0-24,matched,1310-0011,0-600mm/0-24,0.001,±0.12,
1085,1310-0012,کولیس مونو بالک ورنیه فک بلند — 0-600mm/0-24,matched,1310-0012,0-600mm/0-24,0.001,±0.1,
1086,1310-0015,کولیس مونو بالک ورنیه فک بلند — 0-1000mm/0-40,matched,1310-0015,0-1000mm/0-40,0.001,±0.07,
1087,1310-0016,کولیس مونو بالک ورنیه فک بلند — 0-1000mm/0-40,matched,1310-0016,0-1000mm/0-40,0.001,±0.18,
1088,1310-0017,کولیس مونو بالک ورنیه فک بلند — 0-1000mm/0-40,matched,1310-0017,0-1000mm/0-40,0.001,±0.28,
1089,1310-0021,کولیس مونو بالک ورنیه فک بلند — 0-1500mm/0-60,matched,1310-0021,0-1500mm/0-60,0.001,±0.32,
1090,1310-0025,کولیس مونو بالک ورنیه فک بلند — 0-2000mm/0-80,matched,1310-0025,0-2000mm/0-80,0.001,±0.14,
1091,1310-0030,کولیس مونو بالک ورنیه فک بلند — 0-300mm/0-12,matched,1310-0030,0-300mm/0-12,0.001,±0.09,
1092,1310-0031,کولیس مونو بالک ورنیه فک بلند — 0-300mm/0-12,matched,1310-0031,0-300mm/0-12,0.001,±0.15,
1093,1310-0041,کولیس مونو بالک ورنیه فک بلند — 0-600mm/0-24,matched,1310-0041,0-600mm/0-24,0.001,±0.22,
1094,1310-0042,کولیس مونو بالک ورنیه فک بلند — 0-600mm/0-24,matched,1310-0042,0-600mm/0-24,0.001,±0.26,
1095,1310-0043,کولیس مونو بالک ورنیه فک بلند — 0-800mm/0-32,matched,1310-0043,0-800mm/0-32,0.001,±0.18,
1096,1310-0044,کولیس مونو بالک ورنیه فک بلند — 0-800mm/0-32,matched,1310-0044,0-800mm/0-32,0.001,±0.24,
1097,1310-0055,کولیس مونو بالک ورنیه فک بلند — 0-1500mm/0-60,matched,1310-0055,0-1500mm/0-60,0.001,±0.11,
1098,1310-0060,کولیس مونو بالک ورنیه فک بلند — 0-1000mm/0-40,matched,1310-0060,0-1000mm/0-40,0.001,±0.14,
1099,1310-0090,کولیس مونو بالک ورنیه فک بلند — 0-800mm/0-32,matched,1310-0090,0-800mm/0-32,0.001,±0.14,
1100,1310-0095,کولیس مونو بالک ورنیه فک بلند — 0-800mm/0-32,matched,1310-0095,0-800mm/0-32,0.001,±0.20,
1101,1310-0100,کولیس مونو بالک ورنیه فک بلند — 0-1000mm/0-40,matched,1310-0100,0-1000mm/0-40,0.001,±0.23,
1102,1331-2115,ساعت ( SHOCK PROOFضد رضبه) — 0-150mm,matched,1331-2115,0-150,0.02,±0.03,
1103,1331-2120,ساعت کولیس 1 — 0-200mm,matched,1331-2120,0-200,0.02,±0.03,
1104,1331-2130,کولیس ساعت 2 — 0-300mm,matched,1331-2130,0-300,0.02,±0.04,
1105,1350-5005,ساعت کولیس 3 — 0-150mm,matched,1350-5005,0-150,0.01,±0.03,
1106,1350-5010,کولیس ساعت 4 — 0-200mm,matched,1350-5010,0-200,0.01,±0.03,
1107,1350-5015,ساعت کولیس 5 — 0-300mm,matched,1350-5015,0-300,0.01,±0.04,
1108,1351-0005,شابلون شعاع سنج — 0-50mm,matched,1351-0005,1.0-7.0,,,
1109,1351-0010,شابلون شعاع سنج — 0-100mm,matched,1351-0010,7.5-15,,,
1110,1351-0015,شابلون شعاع سنج — 0-150mm,matched,1351-0015,15.5-25,,,
1111,1352-2010,شابلون شعاع سنج,unmatched,,,,,sku_not_in_pdf
1112,1380-3004,کولیس ورنیه تیپ مونو بالک — 0-100mm/0-4,unmatched,,,,,sku_not_in_pdf
1113,1380-3005,کولیس ورنیه تیپ مونو بالک — 0-150mm/0-6,matched,1380-3005,"0-150/0-6""","0.02/0.001""",,
1114,1380-3010,کولیس ورنیه تیپ مونو بالک — 0-200mm/0-8,matched,1380-3010,"0-200/0-8""","0.02/0.001""",,
1115,1380-3015,کولیس ورنیه تیپ مونو بالک — 0-300mm/0-12,matched,1380-3015,"0-300/0-12""","0.02/0.001""",,
1116,1500-1052,"1,1.25,1.5,1.75,2,2.5,3,3.5,4 میلیمی تا 7 شابلون رزوه اینچ و — 0-1052mm",unmatched_no_spec_row,,,,,sku_mentioned_but_no_parseable_spec_row
1117,1704-0005,ضخامت سنج الکی — 0-50mm,matched,1704-0005-A,60-950,0.1,,
1118,1732-0035,ساعت مرکزیاب 1 — 0-35mm,matched,1732-0035,0.4-7.00,,,
1119,1801-1005,رفرنس یاب محور ( Zزد زیرو) دیجیتال IP65ضد آب — 0-1005mm,unmatched_no_spec_row,,,,,sku_mentioned_but_no_parseable_spec_row
1120,1801-2005,زاویه سنج نقاله ای دیجیتال — 20 سانت,unmatched_no_spec_row,,,,,sku_mentioned_but_no_parseable_spec_row
1121,1803-2110,ساعت مرکزیاب داسکوا کد 1803-2110,unmatched_no_spec_row,,,,,sku_mentioned_but_no_parseable_spec_row
1122,1803-4111,ساعت مرکزیاب داسکوا کد 1803-4111,unmatched_no_spec_row,,,,,sku_mentioned_but_no_parseable_spec_row
1123,1803-4112,ساعت مرکزیاب داسکوا کد 1803-4112,unmatched_no_spec_row,,,,,sku_mentioned_but_no_parseable_spec_row
1124,1803-4113,ساعت مرکزیاب داسکوا کد 1803-4113,unmatched_no_spec_row,,,,,sku_mentioned_but_no_parseable_spec_row
1125,1803-4114,ساعت مرکزیاب داسکوا کد 1803-4114,unmatched_no_spec_row,,,,,sku_mentioned_but_no_parseable_spec_row
1126,1803-4115,ساعت مرکزیاب داسکوا کد 1803-4115,unmatched_no_spec_row,,,,,sku_mentioned_but_no_parseable_spec_row
1127,1803-4116,ساعت مرکزیاب داسکوا کد 1803-4116,unmatched_no_spec_row,,,,,sku_mentioned_but_no_parseable_spec_row
1128,1803-4117,ساعت مرکزیاب داسکوا کد 1803-4117,unmatched_no_spec_row,,,,,sku_mentioned_but_no_parseable_spec_row
1129,1803-4118,ساعت مرکزیاب داسکوا کد 1803-4118,unmatched_no_spec_row,,,,,sku_mentioned_but_no_parseable_spec_row
1130,1803-4119,ساعت مرکزیاب داسکوا کد 1803-4119,unmatched_no_spec_row,,,,,sku_mentioned_but_no_parseable_spec_row
1131,1803-4120,ساعت مرکزیاب داسکوا کد 1803-4120,unmatched_no_spec_row,,,,,sku_mentioned_but_no_parseable_spec_row
1132,1803-4121,ساعت مرکزیاب داسکوا کد 1803-4121,unmatched_no_spec_row,,,,,sku_mentioned_but_no_parseable_spec_row
1133,1803-4122,ساعت مرکزیاب داسکوا کد 1803-4122,unmatched_no_spec_row,,,,,sku_mentioned_but_no_parseable_spec_row
1134,1803-4123,ساعت مرکزیاب داسکوا کد 1803-4123,unmatched_no_spec_row,,,,,sku_mentioned_but_no_parseable_spec_row
1135,1803-4124,ساعت مرکزیاب داسکوا کد 1803-4124,unmatched_no_spec_row,,,,,sku_mentioned_but_no_parseable_spec_row
1136,1803-4125,ساعت مرکزیاب داسکوا کد 1803-4125,unmatched_no_spec_row,,,,,sku_mentioned_but_no_parseable_spec_row
1137,1803-4126,ساعت مرکزیاب داسکوا کد 1803-4126,unmatched_no_spec_row,,,,,sku_mentioned_but_no_parseable_spec_row
1138,1803-4127,ساعت مرکزیاب داسکوا کد 1803-4127,unmatched_no_spec_row,,,,,sku_mentioned_but_no_parseable_spec_row
1139,1803-4128,ساعت مرکزیاب داسکوا کد 1803-4128,unmatched_no_spec_row,,,,,sku_mentioned_but_no_parseable_spec_row
1140,1803-4129,ساعت مرکزیاب داسکوا کد 1803-4129,unmatched_no_spec_row,,,,,sku_mentioned_but_no_parseable_spec_row
1141,1803-4130,ساعت مرکزیاب داسکوا کد 1803-4130,unmatched_no_spec_row,,,,,sku_mentioned_but_no_parseable_spec_row
1142,1803-4131,ساعت مرکزیاب داسکوا کد 1803-4131,unmatched_no_spec_row,,,,,sku_mentioned_but_no_parseable_spec_row
1143,1803-4132,ساعت مرکزیاب داسکوا کد 1803-4132,unmatched_no_spec_row,,,,,sku_mentioned_but_no_parseable_spec_row
1144,1804-0005,نقاله زاویه یاب آلومینیویم — 0-50mm,unmatched,,,,,sku_not_in_pdf
1145,1804-1005,ی خط کش استیل 3کاره ( خط کش ؛ عمق سنج و عالمت گذاری) ی — 0-1005mm,unmatched,,,,,sku_not_in_pdf
1146,1804-1006,نقاله زاویه سنج خر پا — 0-1006mm,unmatched,,,,,sku_not_in_pdf
1147,1804-1007,دیجیتالShore D — 0-1007mm,unmatched_no_spec_row,,,,,sku_mentioned_but_no_parseable_spec_row
1148,1804-1010,پرگار داخل سنج دیجیتال با دسته — 0-1010mm,matched,1804-1010,"12.7-165/0.5-6.5""","0.1/0.005""/1/64""","0.2/0.01""",
1149,1804-1015,پرگار داخل سنج دیجیتال با دسته — 0-1015mm,matched,1804-1015,"12.7-257.4/0.5-8.5""","0.1/0.005""/1/64""","0.3/0.02""",
1150,1804-1020,/ /1 پرگار بی ر — 0-150mm/0-6,matched,1804-1020,"0-150/0-6""","0.1/0.005""/1/64""","0.2/0.01""",
1151,1804-1025,/ /1 پرگار بی ر — 0-200mm/0-8,matched,1804-1025,"0-200/0-8""","0.1/0.005""/1/64""","0.3/0.02""",
1152,1804-1035,ی سنج پالستیک و الستیک و ... — 0-1035mm,unmatched_no_spec_row,,,,,sku_mentioned_but_no_parseable_spec_row
1153,1804-1045,سخت سنج پالستیک و الستیک و ... — 0-1045mm,unmatched_no_spec_row,,,,,sku_mentioned_but_no_parseable_spec_row
1154,1804-1065,کولیس دیجیتال نمایشگر بزرگ — 0-150mm/0-6,conflict,1804-1065,,,,"conflict_ranges:['0-150/0-6""', '0-150mm/6']"
1155,1804-1070,کولیس دیجیتال نمایشگر بزرگ — 0-200mm/0-8,matched,1804-1070,"0-200/0-8""","0.01/0.0005""/1/128""","0.03/0.0015""",
1156,1804-1075,کولیس دیجیتال نمایشگر بزرگ — 0-300mm/0-12,matched,1804-1075,"0-300/0-12""","0.01/0.0005""/1/128""","0.03/0.0015""",
1157,1804-1090,سخت سنج پالستيك و الستيك و ...ساعتي — 0-1090mm,unmatched_no_spec_row,,,,,sku_mentioned_but_no_parseable_spec_row
1158,1804-1095,ی ي Shore A — 0-1095mm,unmatched_no_spec_row,,,,,sku_mentioned_but_no_parseable_spec_row
1159,1804-1100,ساعتي Shore C — 0-1100mm,unmatched_no_spec_row,,,,,sku_mentioned_but_no_parseable_spec_row
1160,1804-1102,ی خط کش استیل 3کاره ( خط کش ؛ عمق سنج و عالمت گذاری) ی — 0-1102mm,unmatched,,,,,sku_not_in_pdf
1161,1804-1103,نقاله زاویه سنج خر پا — 0-1103mm,unmatched,,,,,sku_not_in_pdf
1162,1804-1104,نقاله زاویه سنج خر پا — 0-1104mm,unmatched,,,,,sku_not_in_pdf
1163,1804-1106,خط کش زاویه سنج 90درجه — 0-1106mm,unmatched,,,,,sku_not_in_pdf
1164,1804-1107,خط کش زاویه سنج 45درجه و 90 — 0-1107mm,unmatched,,,,,sku_not_in_pdf
1165,1804-1115,رنیو سنج دیجیتال — 0-1115mm,unmatched_no_spec_row,,,,,sku_mentioned_but_no_parseable_spec_row
1166,1804-1120,رنیو سنج دیجیتال — 0-1120mm,unmatched_no_spec_row,,,,,sku_mentioned_but_no_parseable_spec_row
1167,1804-1125,رنیو سنج دیجیتال — 0-1125mm,unmatched_no_spec_row,,,,,sku_mentioned_but_no_parseable_spec_row
1168,1804-1130,ساعت رنیوسنج — 0-1130mm,unmatched_no_spec_row,,,,,sku_mentioned_but_no_parseable_spec_row
1169,1804-1131,ساعت رنیوسنج — 0-1131mm,unmatched_no_spec_row,,,,,sku_mentioned_but_no_parseable_spec_row
1170,1804-1132,ساعت رنیوسنج — 0-1132mm,unmatched_no_spec_row,,,,,sku_mentioned_but_no_parseable_spec_row
1171,1804-1133,ساعت رنیوسنج — 0-1133mm,unmatched_no_spec_row,,,,,sku_mentioned_but_no_parseable_spec_row
1172,1804-1165,رنیو سنج دیجیتال — 0-1165mm,unmatched_no_spec_row,,,,,sku_mentioned_but_no_parseable_spec_row
1173,1804-1170,رنیو سنج دیجیتال — 0-1170mm,unmatched_no_spec_row,,,,,sku_mentioned_but_no_parseable_spec_row
1174,1804-1175,رنیو سنج دیجیتال — 0-1175mm,unmatched_no_spec_row,,,,,sku_mentioned_but_no_parseable_spec_row
1175,1804-1215,کولیس ورنیه آلومینیوم (مناسب کارهای آهنگری و نجاری و )... — 0-610mm/24,unmatched,,,,,sku_not_in_pdf
1176,1804-1405,گیج مرکزیاب — 0-1405mm,unmatched_no_spec_row,,,,,sku_mentioned_but_no_parseable_spec_row
1177,1804-1710,گیج مرکزیاب — 0-1710mm,unmatched,,,,,sku_not_in_pdf
1178,1804-2005,ضخامت سنج رنگ دیجیتال,unmatched_no_spec_row,,,,,sku_mentioned_but_no_parseable_spec_row
1179,1804-2010,ضخامت سنج رنگ دیجیتال,unmatched_no_spec_row,,,,,sku_mentioned_but_no_parseable_spec_row
1180,1804-2015,ضخامت‌سنج پوشش داسکوا کد 1804-2015,unmatched_no_spec_row,,,,,sku_mentioned_but_no_parseable_spec_row
1181,1804-2405,محدوده سوزن محدوه اندازه,unmatched_no_spec_row,,,,,sku_mentioned_but_no_parseable_spec_row
1182,1804-4613,ی سنج پالستیک و الستیک و ...دیجیتال,unmatched_no_spec_row,,,,,sku_mentioned_but_no_parseable_spec_row
1183,1804-5111,شابلون شعاع گوشه,unmatched,,,,,sku_not_in_pdf
1184,1804-5116,شابلون شعاع گوشه,unmatched,,,,,sku_not_in_pdf
1185,1804-5221,شابلون شعاع گوشه,unmatched,,,,,sku_not_in_pdf
1186,1804-5223,شابلون شعاع گوشه,unmatched,,,,,sku_not_in_pdf
1187,1804-5331,گونیا تنظیم زاویه متغیی,unmatched,,,,,sku_not_in_pdf
1188,1804-5336,گونیا تنظیم زاویه متغیی,unmatched,,,,,sku_not_in_pdf
1189,1804-5341,گونیا تنظیم زاویه متغیی,unmatched,,,,,sku_not_in_pdf
1190,1804-5441,گونیا تنظیم زاویه متغیی,unmatched,,,,,sku_not_in_pdf
1191,1804-5771,گونیا تنظیم زاویه متغیی,unmatched,,,,,sku_not_in_pdf
1192,1804-5773,گونیا تنظیم زاویه متغیی,unmatched,,,,,sku_not_in_pdf
1193,1804-5774,گونیا تنظیم زاویه متغیی,unmatched,,,,,sku_not_in_pdf
1194,1804-5779,گونیا تنظیم زاویه متغیی,unmatched,,,,,sku_not_in_pdf
1195,1804-5881,گونیا تنظیم زاویه متغیی,unmatched,,,,,sku_not_in_pdf
1196,1804-5991,گونیا تنظیم زاویه متغیی,unmatched,,,,,sku_not_in_pdf
1197,1804-6111,شابلون شعاع گوشه,unmatched,,,,,sku_not_in_pdf
1198,1804-6221,گونیا تنظیم زاویه متغیی,unmatched,,,,,sku_not_in_pdf
1199,1804-6302,زبری سنج دیجیتال پرتابل,unmatched_no_spec_row,,,,,sku_mentioned_but_no_parseable_spec_row
1200,1804-6310,بلوک زبری سنج,matched,1804-6310,3-200mm,,,
1201,1804-6331,گونیا تنظیم زاویه متغیی,unmatched,,,,,sku_not_in_pdf
1202,1804-6663,ست ساعت تراز تیغه با 2رابط بلند,unmatched,,,,,sku_not_in_pdf
1203,1804-6771,برای برش تیک/میی؛.3ظرفیت :S/Mداده زاویه؛.2حالت اندازه ر,unmatched,,,,,sku_not_in_pdf
1204,1804-6881,برای برش تیک/میی؛.3ظرفیت :S/Mداده زاویه؛.2حالت اندازه ر,unmatched,,,,,sku_not_in_pdf
1205,1804-6882,برای برش تیک/میی؛.3ظرفیت :S/Mداده زاویه؛.2حالت اندازه ر,unmatched,,,,,sku_not_in_pdf
1206,1804-6991,برای برش تیک/میی؛.3ظرفیت :S/Mداده زاویه؛.2حالت اندازه ر,unmatched,,,,,sku_not_in_pdf
1207,1804-6993,برای برش تیک/میی؛.3ظرفیت :S/Mداده زاویه؛.2حالت اندازه ر,unmatched,,,,,sku_not_in_pdf
1208,1804-6996,برای برش تیک/میی؛.3ظرفیت :S/Mداده زاویه؛.2حالت اندازه ر,unmatched,,,,,sku_not_in_pdf
1209,1804-7013,میکروسکوپ اندازه گی,unmatched_no_spec_row,,,,,sku_mentioned_but_no_parseable_spec_row
1210,1804-7111,صفحه رفرنس زاویه,unmatched,,,,,sku_not_in_pdf
1211,2000-2005,کولیس دیجیتال 2چیپ خروج — 0-150mm/0-6,matched,2000-2005,"0-150/0-6""","0.01/0.0005""","0.02/0.001""",
1212,2000-2010,کولیس دیجیتال 2چیپ خروج 1 — 0-200mm/0-8,matched,2000-2010,"0-200/0-8""","0.01/0.0005""","0.03/0.0015""",
1213,2000-2015,کولیس دیجیتال 2چیپ خروج 2 — 0-300mm/0-12,matched,2000-2015,"0-300/0-12""","0.01/0.0005""","0.03/0.0015""",
1214,2001-2005,کولیس عمق سنج دیجیتال — 0-150mm/0-6,matched,2001-2005,"0-150/0-6""","0.01/0.005""",±0.03,
1215,2001-2010,سوزن (گرد) ( IP67 2 — 0-200mm/0-8,matched,2001-2010,"0-200/0-8""","0.01/0.005""",±0.03,
1216,2001-2015,سوزن (گرد) ( IP67 2 — 0-300mm/0-12,matched,2001-2015,"0-300/0-12""","0.01/0.005""",±0.04,
1217,2015-1005,کولیس دیجیتال IP67ضد آب و — 0-150mm,matched,2015-1005-A,"0-150/0-6""","0.01/0.0005""/1/128""","0.02/0.001""",
1218,2015-2405,کولیس دیجیتال IP67ضد آب و — 0-150mm/0-6,conflict,2015-2405,,,,"conflict_ranges:['0-150/0-6""', '0-150mm/6', '0-150mm/6""']"
1219,2015-2410,/ کولیس دیجیتال IP67ضد آب و — 0-200mm/0-8,matched,2015-2410,"0-200/0-8""","0.01/0.0005""/1/128""","0.03/0.0015""",
1220,2015-2415,/ کولیس دیجیتال IP67ضد آب و — 0-300mm/0-12,matched,2015-2415,"0-300/0-12""","0.01/0.0005""/1/128""","0.03/0.0015""",
1221,2020-1005,کولیس دیجیتال IP67ضد آب و — 0-150mm,matched,2020-1005-A,"0-150/0-6""","0.01/0.0005""/1/128""","0.02/0.001""",
1222,2035-0006,کولیس پالستییک ساخته شده از فایی — 0-150mm/0-6,matched,2035-0006,"0-150/0-6""","0.01/0.0005""/1/64""",,
1223,2065-1105,کولیس شیار خارج سنج دیجیتال — 0-150mm,matched,2065-1105,"0-150/0-6""","0.03/0.0015""",,
1224,2065-1110,کولیس شیار خارج سنج دیجیتال — 0-200mm,matched,2065-1110,"0-200/0-8""","0.03/0.0015""",,
1225,2065-1115,کولیس شیار خارج سنج دیجیتال — 0-300mm,matched,2065-1115,"0-300/0-12""","0.04/0.0015""",,
1226,2070-1105,کولیس اندازه گی — 0-150mm/ -6,matched,2070-1105,"10-150/0.39-6""","0.03mm/0.0015""",,
1227,2070-1110,کولیس اندازه گی — 0-1110mm,matched,2070-1110,"11-200/0.43-8""","0.01/0.0005""/1/128""",,
1228,2070-1115,کولیس اندازه گی — 0-1115mm,matched,2070-1115,"12-300/0.47-12""","0.01/0.0005""/1/128""",,
1229,2100-1015,کولیس دیجیتال فک متحرک — 0-150mm,matched,2100-1015,20-500mm,"0.01mm/0.0005""",,
1230,2100-1115,کولیس اندازه گی — 0-1115mm,matched,2100-1115,24-150,"0.01/0.0005""","0.04/0.0015""",
1231,2100-1120,کولیس اندازه گی — 0-1120mm,matched,2100-1120,25-200,"0.01/0.0005""","0.04/0.0015""",
1232,2100-1130,کولیس اندازه گی — 0-300mm/1/18-12,matched,2100-1130,30-300,"0.01/0.0005""","0.05/0.002""",
1233,2110-8105,کولیس های متفرقه که تکرار نیم شوند — 0-150mm,unmatched,,,,,sku_not_in_pdf
1234,2115-2305,کولیس های متفرقه که تکرار نیم شوند — 0-150mm,matched,2115-2305,"0-150/0-6""","0.01/0.0005""","0.02/0.001""",
1235,2117-9105,کولیس دیجیتال متال صفحه نمایشگر — 0-150mm/0-6,unmatched,,,,,sku_not_in_pdf
1236,2117-9110,کولیس دیجیتال متال صفحه نمایشگر — 0-200mm/0-8,unmatched,,,,,sku_not_in_pdf
1237,2117-9115,کولیس دیجیتال متال صفحه نمایشگر — 0-300mm/0-12,unmatched,,,,,sku_not_in_pdf
1238,2140-8101,کولیس ورنیه تیپ مونو بالک — 0-31/5,matched,2140-8101,"0-25/0-1""","0.03/0.0015""",,
1239,2140-8105,ضخامت سنج دیجیتال برای ضخامت — 0-25mm/0-1,matched,2140-8105,"0-25/0-1""","0.01/0.0005""/1/64""","0.05/0.002""",
1240,2210-8106,کولیس دیجیتال ابسلوت ضد آب — 0-150mm,unmatched,,,,,sku_not_in_pdf
1241,2220-3570,کولیس دیجیتال فک بلند استنلس استیل IP54خروج — 0-1500mm/0-60,matched,2220-3570,"0-1500/0-60""",,±0.11,
1242,2220-8103,کولیس اندازه گی — 0-500mm/4-20,matched,2220-8103,"100-500/4-20""","0.06/0.0025""",,
1243,2220-8104,کولیس دیجیتال فک بلند استنلس استیل IP54خروج — 0-200mm/0-8,unmatched,,,,,sku_not_in_pdf
1244,2220-8105,کولیس دیجیتال فک بلند استنلس استیل IP54خروج — 0-300mm/0-12,matched,2220-8105,"0-300/0-12""","0.01/0.0005""","0.04/0.002""",
1245,2220-8110,کولیس دیجیتال فک بلند استنلس استیل IP54خروج — 0-500mm/0-20,matched,2220-8110,"0-500/0-20""","0.01/0.0005""","0.05/0.002""",
1246,2220-8115,کولیس دیجیتال فک بلند استنلس استیل IP54خروج — 0-1000mm/0-40,matched,2220-8115,"0-1000/0-40""","0.01/0.0005""","0.06/0.0025""",
1247,2220-8117,کولیس دیجیتال فک بلند استنلس استیل IP54خروج — 0-500mm/0-20,matched,2220-8117,"0-500/0-20""",,±0.16,
1248,2220-8130,کولیس دیجیتال فک بلند استنلس استیل IP54خروج — 0-1000mm/0-40,matched,2220-8130,"0-1000/0-60""",,±0.24,
1249,2220-8135,کولیس دیجیتال فک بلند استنلس استیل IP54خروج — 0-1000mm/0-40,matched,2220-8135,"0-1000/0-60""",,±0.28,
1250,2220-8150,کولیس دیجیتال فک بلند استنلس استیل IP54خروج — 0-600mm/0-24,matched,2220-8150,"0-600/0-24""",,±0.16,
1251,2220-8155,کولیس دیجیتال فک بلند استنلس استیل IP54خروج — 0-800mm/0-32,matched,2220-8155,"0-800/0-32""",,±0.24,
1252,2220-8170,کولیس دیجیتال فک بلند استنلس استیل IP54خروج — 0-300mm/0-12,matched,2220-8170,"0-300/0-12""",,±0.15,
1253,2220-8175,کولیس دیجیتال فک بلند استنلس استیل IP54خروج — 0-500mm/0-20,matched,2220-8175,"0-500/0-20""",,±0.05,
1254,2220-8180,کولیس دیجیتال فک بلند استنلس استیل IP54خروج — 0-500mm/0-20,matched,2220-8180,"0-500/0-20""",,±0.20,
1255,2220-8185,کولیس دیجیتال فک بلند استنلس استیل IP54خروج — 0-500mm/0-20,matched,2220-8185,"0-500/0-20""",,±0.24,
1256,2220-8190,کولیس دیجیتال فک بلند استنلس استیل IP54خروج — 0-600mm/0-24,matched,2220-8190,"0-600/0-24""",,±0.05,
1257,2220-8200,کولیس دیجیتال فک بلند استنلس استیل IP54خروج — 0-600mm/0-24,matched,2220-8200,"0-600/0-24""",,±0.14,
1258,2220-8205,کولیس دیجیتال فک بلند استنلس استیل IP54خروج — 0-600mm/0-24,matched,2220-8205,"0-600/0-24""",,±0.22,
1259,2220-8210,کولیس دیجیتال فک بلند استنلس استیل IP54خروج — 0-600mm/0-24,matched,2220-8210,"0-600/0-24""",,±0.26,
1260,2220-8215,کولیس دیجیتال فک بلند استنلس استیل IP54خروج — 0-800mm/0-32,matched,2220-8215,"0-800/0-32""",,±0.14,
1261,2220-8220,کولیس دیجیتال فک بلند استنلس استیل IP54خروج — 0-800mm/0-32,matched,2220-8220,"0-800/0-32""",,±0.18,
1262,2220-8225,کولیس دیجیتال فک بلند استنلس استیل IP54خروج — 0-1000mm/0-40,matched,2220-8225,"0-1000/0-60""",,±0.14,
1263,2220-8230,کولیس دیجیتال فک بلند استنلس استیل IP54خروج — 0-1000mm/0-40,matched,2220-8230,"0-1000/0-60""",,±0.18,
1264,2240-0025,کولیس اندازه گی — 0-25mm,matched,2240-0025,"10-150/0.39-6""","0.01/0.0005""",±0.04,
1265,2240-0026,کولیس اندازه گی — 0-200mm/ -8,matched,2240-0026,"10-200/0.39-8""","0.01/0.0005""",±0.04,
1266,2240-0027,کولیس اندازه گی — 0-300mm/ -12,matched,2240-0027,"10-300/0.39-12""","0.01/0.0005""",±0.05,
1267,2250-2105,کولیس عمق سنج دیجیتال با نوک — 0-150mm/0-6,matched,2250-2105,"0-150/0-6""","0.01/0.005""","0.03/0.0015""",
1268,2345-4005,ست 4عددي زاويه كوليس ديجيتال -پالستيیکي ،عمق سنج ديجيتال،تراز ديجيتال,unmatched,,,,,sku_not_in_pdf
1269,2346-1015,پی گیج 51عددی 20 — 0-1015mm,unmatched,,,,,sku_not_in_pdf
1270,2406-1005,کولیس دیجیتال فک کارباید — 0-150mm,matched,2406-1005,"0-150/0-6""","0.01/0.0005""",±0.03,
1271,2406-1010,کولیس دیجیتال فک کارباید — 0-200mm,matched,2406-1010,"0-200/0-8""","0.01/0.0005""",±0.03,
1272,2410-8105,کولیس دیجیتال صفحه نمایش بزرگ — 0-150mm,unmatched,,,,,sku_not_in_pdf
1273,2410-8110,کولیس دیجیتال صفحه نمایش بزرگ — 0-200mm,unmatched,,,,,sku_not_in_pdf
1274,2570-5105,کولیس اندازه گی — 0-150mm/ -6,matched,2570-5105,"10-150/0.39-6""","0.01/0.0005""","0.03/0.0015""",
1275,2570-5110,کولیس اندازه ر,matched,2570-5110,"11-200/0.43-8""","0.01/0.0005""","0.03/0.0015""",
1276,2570-5115,کولیس اندازه ر,matched,2570-5115,"12-300/0.47-12""","0.01/0.0005""","0.04/0.0015""",
1277,2610-8105,کولیس دیجیتال ضد آب صفحه — 0-150mm,unmatched,,,,,sku_not_in_pdf
1278,2710-1105,کولیس ورنیه دو فک بلند — 0-300mm,conflict,2710-1105,,,,"conflict_ranges:['0-300/0-12""', '0-300mm/0-12""']"
1279,2805-0005,کولیس خط ی — 0-200mm,matched,2805-0005-A,"0-200/0-8""","0.1/1/128""",±0.1,
1280,3001-0105,/0- کولیس پایه دار (ارتفاع سنج )استنلس — 0-300mm,matched,3001-0105,"0-300/0-12""","0.02/0.001""",,
1281,3001-0120,/0- کولیس پایه دار (ارتفاع سنج )استنلس — 0-600mm,matched,3001-0120,"0-600/0-24""","0.02/0.001""",,
1282,3001-0125,/0- کولیس پایه دار (ارتفاع سنج )استنلس — 0-1000mm,matched,3001-0125,"0-1000/0-40""",,,
1283,3001-1001,دنباله عمق سنج کولیس — 0-1001mm,conflict,3001-1001,,,,"conflict_ranges:['0-150mm/6', '0-25/0-1""']"
1284,3001-1901,عمق سنج مونوبالک ورنیه پایه اندازه — 0-150mm,matched,3001-1901-A,0-150,0.02,±0.03,
1285,3001-1903,عمق سنج مونوبالک ورنیه پایه اندازه — 0-200mm,matched,3001-1903-A,0-200,0.02,±0.03,
1286,3001-1905,عمق سنج مونوبالک ورنیه پایه اندازه — 0-300mm,matched,3001-1905-A,0-300,0.02,±0.04,
1287,3004-0003,ساعتي -ديجيتال شارژی كوليس — 0-150mm,unmatched,,,,,sku_not_in_pdf
1288,3004-0005,ساعتي -ديجيتال كوليس پورتابل — 0-150mm,matched,3004-0005,"0-150/0-6""","0.01/0.0005""/1/128""",±0.02,
1289,3004-1005,كوليس پورتابل ساعت — 0-200mm,matched,3004-1005,"0-200/0-8""","0.01/0.0005""/1/128""",±0.03,
1290,3004-2005,كوليس پورتابل ساعت — 0-300mm,matched,3004-2005,"0-300/0-12""","0.01/0.0005""/1/128""",±0.03,
1291,3110-6105,/0- کولیس پایه دار (ارتفاع سنج ) ذره ربیر — 0-300mm,matched,3110-6105-A,"0-300/0-12""","0.02/0.001""",±0.03,
1292,3110-6120,/0- کولیس پایه دار (ارتفاع سنج ) ذره ربیر — 0-600mm,matched,3110-6120-A,"0-600/0-24""","0.02/0.001""",±0.06,
1293,3130-8115,كوليس پايه دار ديجيتال (ارتفاع -سنج) — 0-300mm,matched,3130-8115,"0-300/0-12""","0.01/0.0005""",±0.04,
1294,3130-8119,کولیس پایه دار (ارتفاع سنج) دیجیتال — 0-300mm/0-12,matched,3130-8119,"0-300/0-12""","0.01/0.0005""",±0.04,
1295,3130-8120,کولیس پایه دار (ارتفاع سنج) دیجیتال — 0-500mm/0-20,matched,3130-8120,"0-500/0-12""","0.01/0.0005""",±0.05,
1296,3130-8125,کولیس پایه دار (ارتفاع سنج) دیجیتال — 0-600mm/0-24,matched,3130-8125,"0-600/0-24""","0.01/0.0005""",±0.05,
1297,3130-8130,کولیس پایه دار (ارتفاع سنج) دیجیتال — 0-1000mm/0-40,matched,3130-8130,"0-1000/0-40""","0.01/0.0005""",±0.07,
1298,3221-1105,کولیس ارتفاع سنج ساعت — 0-300mm,matched,3221-1105-A,0-300,0.01,±0.04,
1299,3230-8105,کولیس پایه دار (ارتفاع سنج) دیجیتایل — 0-300mm/0-12,matched,3230-8105-A,"0-300/0-12""","0.01/0.0005""",±0.04,
1300,3230-8110,کولیس پایه دار (ارتفاع سنج) دیجیتایل — 0-500mm/0-20,matched,3230-8110-A,"0-500/0-20""","0.01/0.0005""",±0.05,
1301,3230-8115,کولیس پایه دار (ارتفاع سنج) دیجیتایل — 0-600mm/0-24,matched,3230-8115-A,"0-600/0-24""","0.01/0.0005""",±0.05,
1302,3430-4110,کولیس پایه دار (ارتفاع سنج) دیجیتال — 0-300mm/0-12,unmatched,,,,,sku_not_in_pdf
1303,3430-4115,کولیس پایه دار (ارتفاع سنج) دیجیتال — 0-500mm/0-20,unmatched,,,,,sku_not_in_pdf
1304,3430-4120,کولیس پایه دار (ارتفاع سنج) دیجیتال — 0-600mm/0-24,unmatched,,,,,sku_not_in_pdf
1305,3530-0005,کولیس پایه دار (ارتفاع سنج) دیجیتال — 0-300mm/0-12,matched,3530-0005,"0-1500/0-60""","0.01/0.0005""",±0.11,
1306,3530-0010,کولیس پایه دار (ارتفاع سنج) دیجیتال — 0-600mm/0-24,matched,3530-0010,"0-2000/0-80""","0.01/0.0005""",±0.14,
1307,4005-0090,/ میکرومی داخل سنج دیجیتال دو فک ی — 0-125mm/4-5,matched,4005-0090,"100-125/4-5""","0.001/0.00005""",±0.005,
1308,4005-0095,/ میکرومی داخل سنج دیجیتال دو فک ی — 0-95mm,matched,4005-0095,"125-150/5-6""","0.001/0.00005""",±0.005,
1309,4005-0100,/ میکرومی داخل سنج دیجیتال دو فک ی — 0-175mm/6-7,matched,4005-0100,"150-175/6-7""","0.001/0.00005""",±0.005,
1310,4107-1005,میکرومی پیچ (رزوه) با ست پراپ 10 — 0-25mm,matched,4107-1005,0-25,0.01,,
1311,4111-5205,میکرومی خارج 1 — 0-25mm,unmatched_no_spec_row,,,,,sku_mentioned_but_no_parseable_spec_row
1312,4111-8102,میکرومی دیسیک — 0-25mm,unmatched_no_spec_row,,,,,sku_mentioned_but_no_parseable_spec_row
1313,4111-8104,میکرومی دیسیک 1,unmatched_no_spec_row,,,,,sku_mentioned_but_no_parseable_spec_row
1314,4111-8105,میکرومی خارج — 0-25mm,conflict,4111-8105,,,,"conflict_ranges:['0-150mm/6""', '0-25', '0-25/0-1""', '1.0-7.0']"
1315,4111-8106,میکرومی دیسیک 2 — 0-75mm,unmatched_no_spec_row,,,,,sku_mentioned_but_no_parseable_spec_row
1316,4111-8108,میکرومی دیسیک 3,unmatched_no_spec_row,,,,,sku_mentioned_but_no_parseable_spec_row
1317,4111-8110,میکرومی خارج 2,unmatched_no_spec_row,,,,,sku_mentioned_but_no_parseable_spec_row
1318,4111-8115,میکرومی خارج 3 — 0-75mm,matched,4111-8115-A,50-75,0.01,,
1319,4111-8120,میکرومی خارج 4,matched,4111-8120-A,75-100,0.01,,
1320,4111-8125,میکرومی خارج 5 — 0-125mm,unmatched_no_spec_row,,,,,sku_mentioned_but_no_parseable_spec_row
1321,4111-8130,میکرومی خارج 6,unmatched_no_spec_row,,,,,sku_mentioned_but_no_parseable_spec_row
1322,4111-8620,میکرومی دیسیک 3 — 0-125mm,unmatched_no_spec_row,,,,,sku_mentioned_but_no_parseable_spec_row
1323,4111-8625,میکرومی دیسیک 3,unmatched_no_spec_row,,,,,sku_mentioned_but_no_parseable_spec_row
1324,4111-8630,میکرومی دیسیک 3 — 0-175mm,unmatched_no_spec_row,,,,,sku_mentioned_but_no_parseable_spec_row
1325,4111-8635,میکرومی دیسیک 7,unmatched_no_spec_row,,,,,sku_mentioned_but_no_parseable_spec_row
1326,4111-8640,میکرومی دیسیک 8 — 0-225mm,unmatched_no_spec_row,,,,,sku_mentioned_but_no_parseable_spec_row
1327,4111-8645,میکرومی دیسیک (بدون چرخش) 9,unmatched_no_spec_row,,,,,sku_mentioned_but_no_parseable_spec_row
1328,4111-8650,میکرومی دیسیک (بدون چرخش) 10 — 0-275mm,unmatched_no_spec_row,,,,,sku_mentioned_but_no_parseable_spec_row
1329,4111-8655,میکرومی دیسیک (بدون چرخش) 11,unmatched_no_spec_row,,,,,sku_mentioned_but_no_parseable_spec_row
1330,4111-9105,میکرومی خارج — 0-25mm,unmatched_no_spec_row,,,,,sku_mentioned_but_no_parseable_spec_row
1331,4111-9110,میکرومی خارج,unmatched_no_spec_row,,,,,sku_mentioned_but_no_parseable_spec_row
1332,4111-9120,میکرومی خارج 2,unmatched_no_spec_row,,,,,sku_mentioned_but_no_parseable_spec_row
1333,4111-9130,میکرومی خارج 3,unmatched_no_spec_row,,,,,sku_mentioned_but_no_parseable_spec_row
1334,4112-7435,میکرومی خارج 7 — 0-175mm,matched,4112-7435,150-175mm,0.01mm,,
1335,4112-7440,میکرومی خارج 8,matched,4112-7440,175-200mm,0.01mm,,
1336,4112-7445,میکرومی خارج 9 — 0-225mm,matched,4112-7445,200-225mm,0.01mm,,
1337,4112-7450,میکرومی خارج 11,matched,4112-7450,225-250mm,0.01mm,,
1338,4112-8145,میکرومی خارج 10 — 0-225mm,unmatched_no_spec_row,,,,,sku_mentioned_but_no_parseable_spec_row
1339,4112-8150,میکرومی خارج 12,unmatched_no_spec_row,,,,,sku_mentioned_but_no_parseable_spec_row
1340,4112-8155,میکرومی خارج 14 — 0-275mm,unmatched_no_spec_row,,,,,sku_mentioned_but_no_parseable_spec_row
1341,4112-8160,میکرومی خارج 15,unmatched_no_spec_row,,,,,sku_mentioned_but_no_parseable_spec_row
1342,4127-0005,/ ی پیچ ( رزوه ) دیجیتال IP65 — 0-25mm/0-1,unmatched,,,,,sku_not_in_pdf
1343,4137-4005,/ ی پیچ ( رزوه ) دیجیتال ضد — 0-25mm/0-1,unmatched,,,,,sku_not_in_pdf
1344,4146-1005,میکرومی پیچ پراپ 16 — 0-25mm,matched,4146-1005,0-25,0.002,,
1345,4146-1010,پاسومی خارج میکرومی 1 — 0-1010mm,matched,4146-1010,25-50,0.002,,
1346,4146-1015,پاسومی خارج میکرومی 2 — 0-75mm,matched,4146-1015,50-75,0.002,,
1347,4146-1020,پاسومی خارج میکرومی 3 — 0-1020mm,matched,4146-1020,75-100,0.002,,
1348,4146-5105,پاسومی خارج میکرومی 4 — 0-25mm,matched,4146-5105,0-25,0.001,,
1349,4210-2103,میکرومی دیجیتال یونیورسال (فک — 0-25mm/0-1,matched,4210-2103,"0-25/0-1""","0.001/0.00005""",,
1350,4210-2105,میکرومی خارج — 0-25mm/0-1,unmatched,,,,,sku_not_in_pdf
1351,4210-2106,میکرومی دیجیتال یونیورسال (فک,matched,4210-2106,"25-50/1""-2""","0.001/0.00005""",,
1352,4210-2110,میکرومی خارج,unmatched,,,,,sku_not_in_pdf
1353,4210-2125,میکرومی خارج — 0-125mm,unmatched,,,,,sku_not_in_pdf
1354,4210-2135,میکرومی خارج دیجیتال با شفت — 0-175mm/6-7,matched,4210-2135-A,"150-175/6""-7""","0.001/0.00005""",,
1355,4210-2140,میکرومی خارج دیجیتال با شفت,matched,4210-2140-A,"175-200/7""-8""","0.001/0.00005""",,
1356,4210-2145,میکرومی خارج دیجیتال با شفت — 0-225mm/8-9,matched,4210-2145-A,"200-225/8""-9""","0.001/0.00005""",,
1357,4210-2150,/ میکرومیی خارج دیجیتال با شفت,matched,4210-2150-A,"225-250/9""-10""","0.001/0.00005""",,
1358,4210-2155,میکرومی خارج دیجیتال با شفت — 0-275mm/10-11,matched,4210-2155-A,"250-275/10""-11""","0.001/0.00005""",,
1359,4210-2160,میکرومی خارج دیجیتال با شفت,matched,4210-2160-A,"275-300/11""-12""","0.001/0.00005""",,
1360,4220-2104,میکرومی خارج دیسیک دیجیتال رسی ع حرکت شفت بدون چرخش خروج — 0-25mm/0-1,matched,4220-2104,"0-25/0-1""","0.001/0.00005""","0.003/0.00015""",
1361,4220-2108,میکرومی خارج دیسیک دیجیتال رسی ع حرکت شفت بدون چرخش خروج,matched,4220-2108,"25-50/1-2""","0.001/0.00005""","0.003/0.00015""",
1362,4220-2109,میکرومی 2 — 0-75mm/2-3,matched,4220-2109,"50-75/2-3""","0.001/0.00005""","0.004/0.00015""",
1363,4230-2005,میکرومی خارج دیجیتال با شفت — 0-25mm/0-1,conflict,4230-2005-A,,,,"conflict_ranges:['0-25/0-1""', '0-25mm/1']"
1364,4230-2010,/ میکرومیی خارج دیجیتال با شفت,matched,4230-2010-A,"25-50/1""-2""","0.001/0.00005""",,
1365,4230-2015,میکرومی خارج دیجیتال با شفت — 0-75mm/2-3,matched,4230-2015-A,"50-75/2""-3""","0.001/0.00005""",,
1366,4230-2020,میکرومی خارج دیجیتال با شفت,matched,4230-2020-A,"75-100/3""-4""","0.001/0.00005""",,
1367,4230-2025,میکرومی خارج دیجیتال با شفت — 0-125mm/4-5,matched,4230-2025-A,"100-125/4""-5""","0.001/0.00005""",,
1368,4230-2030,/ میکرومیی خارج دیجیتال با شفت,matched,4230-2030-A,"125-150/5""-6""","0.001/0.00005""",,
1369,4311-8103,میکرومی داخل سنج لوله ای — 0-63mm,matched,4311-8103,50-63,0.01,,
1370,4311-8106,میکرومی داخل سنج لوله ای 1 — 0-100mm,matched,4311-8106,50-100,0.01,,
1371,4311-8107,میکرومی داخل سنج لوله ای 2 — 0-150mm,matched,4311-8107,50-150,0.01,,
1372,4311-8109,میکرومی داخل سنج لوله ای 3 — 0-300mm,matched,4311-8109,50-300,0.01,,
1373,4311-8111,میکرومی داخل سنج لوله ای 3 — 0-500mm,matched,4311-8111,50-500,0.01,,
1374,4311-8113,میکرومی داخل سنج لوله ای 5 — 0-600mm,matched,4311-8113,50-600,0.01,,
1375,4311-8118,میکرومی داخل سنج لوله ای 6 — 0-1000mm,matched,4311-8118,50-1000,0.01,,
1376,4311-8119,میکرومی داخل سنج لوله ای 6 — 0-1500mm,matched,4311-8119,50-1500,0.01,,
1377,4311-8120,میکرومی داخل سنج دو فک 4,unmatched,,,,,sku_not_in_pdf
1378,4400-0005,میکرومی لوله دیجیتال — 0-25mm/0-1,matched,4400-0005,"0-25/0-1""","0.001/0.00005""",±0.003,
1379,4400-0010,میکرومی لوله دیجیتال — 0-25mm/0-1,matched,4400-0010,"0-25/0-1""","0.001/0.00005""",±0.003,
1380,4410-1105,میکرومیخارج دیجیتال دسته فلزی ضد آب ( IP65سه دکمه) — 0-25mm/0-1,conflict,4410-1105-A,,,,"conflict_ranges:['0-25/0-1""', '0-25mm/1']"
1381,4410-1110,میکرومیخارج دیجیتال دسته فلزی ضد آب ( IP65سه دکمه) — 0-1110mm,matched,4410-1110-A,"25-50/1-2""","0.001/0.00005""","0.003/0.00015""",
1382,4410-1115,میکرومیخارج دیجیتال دسته فلزی ضد آب ( IP65سه دکمه) — 0-75mm/2-3,matched,4410-1115-A,"50-75/2-3""","0.001/0.00005""","0.004/0.00015""",
1383,4410-1120,میکرومی خارج — 0-1120mm,matched,4410-1120-A,"75-100/3-4""","0.001/0.00005""","0.004/0.00015""",
1384,4410-1125,میکرومی خارج — 0-125mm/4-5,matched,4410-1125,"100-125/4-5""","0.001/0.00005""","0.005/0.0002""",
1385,4411-3210,میکرومی داخل سنج سه فک ست,matched,4411-3210,150-175mm,0.006,,
1386,4411-3215,میکرومی داخل سنج سه فک ست,matched,4411-3215,175-200mm,0.006,,
1387,4411-3220,میکرومی داخل سنج سه فک ست,matched,4411-3220,200-225mm,0.001,,
1388,4411-5101,میکرومیی داخل سنج سه فک,matched,4411-5101,6-8mm,0.001,,
1389,4411-5102,میکرومی داخل سنج سه فک 1,matched,4411-5102,8-10mm,0.001,,
1390,4411-5103,میکرومی داخل سنج سه فک 1 — 0-12mm,matched,4411-5103,10-12mm,0.001,,
1391,4411-5104,میکرومی داخل سنج سه فک 3,matched,4411-5104,12-16mm,0.001,,
1392,4411-5105,میکرومی داخل سنج سه فک 3,matched,4411-5105,16-20mm,0.001,,
1393,4411-5106,میکرومی داخل سنج سه فک 5 — 0-25mm,matched,4411-5106,20-25mm,0.001,,
1394,4411-5107,میکرومی داخل سنج سه فک 5,matched,4411-5107,25-30mm,0.001,,
1395,4411-5108,میکرومی داخل سنج سه فک 7 — 0-40mm,matched,4411-5108,30-40mm,0.001,,
1396,4411-5109,میکرومی داخل سنج سه فک 8 — 0-50mm,matched,4411-5109,40-50mm,0.001,,
1397,4411-5110,میکرومی داخل سنج سه فک 9 — 0-63mm,matched,4411-5110,50-63mm,0.001,,
1398,4411-5111,میکرومی داخل سنج سه فک 10,matched,4411-5111,62-75mm,0.001,,
1399,4411-5112,میکرومی داخل سنج سه فک 11,matched,4411-5112,75-88mm,0.001,,
1400,4411-5113,میکرومی داخل سنج سه فک 12,matched,4411-5113,87-100mm,0.001,,
1401,4411-5114,میکرومی داخل سنج سه فک 12 — 0-125mm,matched,4411-5114-H,100-125mm,0.001,,
1402,4411-5115,میکرومی داخل سنج سه فک 14,matched,4411-5115-H,125-150mm,,,"conflict_resolution:['0.001', '0.005']|partial_consensus_range_only"
1403,4411-5116,میکرومی داخل سنج سه فک 14 — 0-175mm,matched,4411-5116-H,150-175mm,,,"conflict_resolution:['0.001', '0.006']|partial_consensus_range_only"
1404,4411-5117,میکرومی داخل سنج سه فک 16,matched,4411-5117-H,175-200mm,,,"conflict_resolution:['0.001', '0.006']|partial_consensus_range_only"
1405,4411-5118,میکرومی داخل سنج سه فک 16 — 0-225mm,matched,4411-5118-H,200-225mm,0.001,,
1406,4411-5119,میکرومی داخل سنج سه فک 18,matched,4411-5119-H,225-250mm,,,"conflict_resolution:['0.001', '0.007']|partial_consensus_range_only"
1407,4411-5120,میکرومی داخل سنج سه فک 19 — 0-275mm,matched,4411-5120-H,250-275mm,,,"conflict_resolution:['0.001', '0.008']|partial_consensus_range_only"
1408,4411-5121,میکرومی داخل سنج سه فک 20,matched,4411-5121-H,275-300mm,,,"conflict_resolution:['0.001', '0.008']|partial_consensus_range_only"
1409,4411-9205,میکرومی داخل سنج سه فک ست — 0-12mm,matched,4411-9205,125-150mm,0.005,,
1410,4440-1005,میکرومی لوله دو رس کروی 1 — 0-25mm,matched,4440-1005,0-25,0.01,,
1411,4440-1010,میکرومیلوله (نوک نوع ) A 1 — 0-25mm,matched,4440-1010,0-25,0.01,,
1412,4510-1005,میکرومی داخل سنج لوله ای 8 — 0-25mm,matched,4510-1005,0-25,0.01,,
1413,4511-5101,میکرومی داخیل سه فک دیجیتال,matched,4511-5101,6-8,"0.001/0.00005""",,
1414,4511-5102,میکرومی داخیل سه فک دیجیتال,matched,4511-5102,8-10,"0.001/0.00005""",,
1415,4511-5103,میکرومی داخیل سه فک دیجیتال — 0-12mm,matched,4511-5103,10-12,"0.001/0.00005""",,
1416,4511-5104,میکرومی داخیل سه فک دیجیتال,matched,4511-5104,12-16,"0.001/0.00005""",,
1417,4511-5105,میکرومی داخیل سه فک دیجیتال,matched,4511-5105,16-20,"0.001/0.00005""",,
1418,4511-5106,ی داخیل سه فک دیجیتال — 0-25mm,matched,4511-5106,20-25,"0.001/0.00005""",,
1419,4511-5107,میکرومی داخیل سه فک دیجیتال,matched,4511-5107,25-30,"0.001/0.00005""",,
1420,4511-5108,ی داخیل سه فک دیجیتال — 0-40mm,matched,4511-5108,30-40,"0.001/0.00005""",,
1421,4511-5109,میکرومی داخیل سه فک دیجیتال — 0-50mm,matched,4511-5109,40-50,"0.001/0.00005""",,
1422,4511-5110,میکرومی داخیل سه فک دیجیتال — 0-63mm,matched,4511-5110,50-63,"0.001/0.00005""",,
1423,4511-5111,میکرومی داخیل سه فک دیجیتال,matched,4511-5111,62-75,"0.001/0.00005""",,
1424,4511-5112,میکرومی داخیل سه فک دیجیتال,matched,4511-5112,75-88,"0.001/0.00005""",,
1425,4511-5113,میکرومی داخیل سه فک دیجیتال,matched,4511-5113,87-100,"0.001/0.00005""",,
1426,4511-5114,میکرومی داخیل سه فک دیجیتال — 0-125mm,matched,4511-5114,50-100,"0.001/0.00005""",,
1427,4511-5115,ی داخیل سه فک دیجیتال,unmatched_no_spec_row,,,,,sku_mentioned_but_no_parseable_spec_row
1428,4511-5116,میکرومی داخیل سه فک دیجیتال — 0-175mm,unmatched_no_spec_row,,,,,sku_mentioned_but_no_parseable_spec_row
1429,4511-5117,ی داخیل سه فک دیجیتال,unmatched_no_spec_row,,,,,sku_mentioned_but_no_parseable_spec_row
1430,4511-5118,میکرومی داخیل سه فک دیجیتال — 0-225mm,unmatched_no_spec_row,,,,,sku_mentioned_but_no_parseable_spec_row
1431,4511-5119,ی داخیل سه فک دیجیتال,unmatched_no_spec_row,,,,,sku_mentioned_but_no_parseable_spec_row
1432,4511-5120,میکرومی داخیل سه فک دیجیتال — 0-275mm,unmatched_no_spec_row,,,,,sku_mentioned_but_no_parseable_spec_row
1433,4511-5121,میکرومی داخیل سه فک دیجیتال,unmatched_no_spec_row,,,,,sku_mentioned_but_no_parseable_spec_row
1434,4511-9205,میکرومی داخل دیجیتال سه فک با رینگ گیج IP54ضدآب ست,matched,4511-9205,6-12,"0.001/0.00005""",,
1435,4511-9210,میکرومی داخل دیجیتال سه فک با رینگ گیج IP54ضدآب ست,matched,4511-9210,12-20,"0.001/0.00005""",,
1436,4511-9215,ست میکرومی 2,matched,4511-9215,20-50,"0.001/0.00005""",,
1437,4550-1005,میکرومی چرخ دنده — 0-25mm,matched,4550-1005,0-25,0.01,,
1438,4570-0005,میکرومی چرخ دنده دیجیتال — 0-25mm/0-1,matched,4570-0005,"0-25/0-1""","0.001/0.00005""",±0.002,
1439,4610-1005,میکرومیی خارج سوزنر — 0-25mm,matched,4610-1005,0-25,0.01,,
1440,4610-1010,میکرومی خارج سوزن ( 30درجه) ی 2 — 0-1010mm,matched,4610-1010,25-50,0.01,,
1441,4610-1015,میکرومی خارج 3 — 0-75mm,matched,4610-1015,50-75,0.01,,
1442,4610-1020,میکرومی خارج 3 — 0-1020mm,matched,4610-1020,75-100,0.01,,
1443,4610-1405,میکرومی خارج 1 — 0-25mm,matched,4610-1405,0-25,0.01,,
1444,4611-8106,میکرومی عمق سنج صلیت — 0-25mm,matched,4611-8106,0-25,0.01,±0.004,
1445,4611-8110,میکرومی عمق سنج صلیت — 0-50mm,matched,4611-8110,0-50,0.01,,
1446,4611-8120,میکرومی عمق سنج صلیت — 0-100mm,matched,4611-8120,0-100,0.01,±0.006,
1447,4611-8125,ی عمق سنج صلیت با میله — 0-150mm,matched,4611-8125,0-150,0.01,±0.007,
1448,4620-2020,سوزن دیجیتال ی,unmatched,,,,,sku_not_in_pdf
1449,4620-5005,سوزن دیجیتال نوک 30 ی — 0-25mm/0-1,unmatched,,,,,sku_not_in_pdf
1450,4620-5010,سوزن دیجیتال نوک 30 ی,unmatched,,,,,sku_not_in_pdf
1451,4620-5015,سوزن دیجیتال نوک 30 ی — 0-75mm/2-3,unmatched,,,,,sku_not_in_pdf
1452,4706-0002,میکرومیهای خارج — 0-200mm/4-8,unmatched_no_spec_row,,,,,sku_mentioned_but_no_parseable_spec_row
1453,4706-0003,میکرومیهای خارج — 0-300mm/8-12,unmatched_no_spec_row,,,,,sku_mentioned_but_no_parseable_spec_row
1454,4706-0011,ی IP65با نوک میکرومی — 0-150mm/6,matched,4706-0011,0-150,"0.001/0.00005""",±0.003,
1455,4706-0012,میکرومیهای خارج — 0-300mm/6-12,unmatched_no_spec_row,,,,,sku_mentioned_but_no_parseable_spec_row
1456,4710-1205,عمق سنج کوچک دیجیتال (الستیک) میله ای — 0-25mm/0-1,matched,4710-1205,"0-25/0-1""","0.03/0.0015""",,
1457,4710-2205,میکرومی عمق سنج صلیت — 0-150mm/0-6,matched,4710-2205,"0-150/0-6""","0.001/0.00005""","0.005/0.0002""",
1458,4800-0005,میکرومی خارج — 0-400mm,unmatched_no_spec_row,,,,,sku_mentioned_but_no_parseable_spec_row
1459,4800-0010,میکرومی 1 — 0-500mm,unmatched_no_spec_row,,,,,sku_mentioned_but_no_parseable_spec_row
1460,4800-0015,میکرومی خارج 2 — 0-600mm,unmatched_no_spec_row,,,,,sku_mentioned_but_no_parseable_spec_row
1461,4800-0020,میکرومی خارج 3 — 0-700mm,unmatched_no_spec_row,,,,,sku_mentioned_but_no_parseable_spec_row
1462,4800-0025,میکرومی خارج 4 — 0-800mm,unmatched_no_spec_row,,,,,sku_mentioned_but_no_parseable_spec_row
1463,4800-0030,میکرومی خارج 5 — 0-900mm,unmatched_no_spec_row,,,,,sku_mentioned_but_no_parseable_spec_row
1464,4800-0035,میکرومی 6 — 0-1000mm,unmatched_no_spec_row,,,,,sku_mentioned_but_no_parseable_spec_row
1465,4801-0003,میکرومی خارج — 0-150mm,matched,4801-0003,0-150,0.01,,
1466,4801-0004,میکرومی خارج 1 — 0-200mm,unmatched_no_spec_row,,,,,sku_mentioned_but_no_parseable_spec_row
1467,4801-0005,میکرومی خارج 2 — 0-300mm,unmatched_no_spec_row,,,,,sku_mentioned_but_no_parseable_spec_row
1468,4801-0006,میکرومی خارج 3 — 0-300mm,unmatched_no_spec_row,,,,,sku_mentioned_but_no_parseable_spec_row
1469,4811-8115,میکرومی معمویل هد — 0-25mm,matched,4811-8115-A,0-25,0.01,,
1470,4811-8120,هد میکرومی 1 — 0-50mm,matched,4811-8120-A,0-50,0.01,,
1471,4905-0005,میکرومیخارج میله ای دیجیتال ضد — 0-400mm/12-16,unmatched_no_spec_row,,,,,sku_mentioned_but_no_parseable_spec_row
1472,4905-0006,/ ی خارج میله ای دیجیتال ضد — 0-500mm/16-20,unmatched_no_spec_row,,,,,sku_mentioned_but_no_parseable_spec_row
1473,4905-0007,میکرومیخارج میله ای دیجیتال ضد — 0-600mm/20-24,matched,4905-0007,0-25mm,0.01,,
1474,4905-0008,میکرومیخارج میله ای دیجیتال ضد — 0-700mm/24-28,unmatched_no_spec_row,,,,,sku_mentioned_but_no_parseable_spec_row
1475,4905-0009,/ ی خارج میله ای دیجیتال ضد — 0-800mm/28-32,unmatched_no_spec_row,,,,,sku_mentioned_but_no_parseable_spec_row
1476,4905-0010,میکرومیخارج میله ای دیجیتال ضد — 0-900mm/32-36,unmatched_no_spec_row,,,,,sku_mentioned_but_no_parseable_spec_row
1477,4905-0011,میکرومیخارج میله ای دیجیتال ضد — 0-1000mm/36-40,matched,4905-0011,75-100mm,0.01,,
1478,4910-2110,ی دار هد میکرومی — 0-15mm/0,matched,4910-2110,"0-15/0-0.5""","0.001/0.00005""","0.003/0.00015""",
1479,4910-2115,میکرومی دیجیتال خروج هد 1 — 0-25mm/0-1,matched,4910-2115,"0-25/0-1""","0.001/0.00005""","0.003/0.00015""",
1480,4910-2130,میکرومی دیجیتال کلمپ دار دسته فلزی ضد آب IP65خروج هد — 0-25mm/0-1,matched,4910-2130,"0-50/0-2""","0.001/0.00005""","0.003/0.00015""",
1481,4910-2135,هد میکرومی 1 — 0-50mm,matched,4910-2135,"0-25/0-1""","0.001/0.00005""","0.003/0.00015""",
1482,4910-4105,میکرومی داخل سنج دیجیتال دو فک,matched,4910-4105,"5-30/0.2""-1.2""","0.001/0.00005""",±0.003,
1483,4910-4110,میکرومی داخل سنج دیجیتال دو فک,matched,4910-4110,"25-50/1""-2""","0.001/0.00005""",±0.003,
1484,4910-4115,میکرومی داخل سنج دیجیتال دو فک — 0-75mm/2-3,matched,4910-4115,"50-75/2""-3""","0.001/0.00005""",±0.004,
1485,4910-4120,/ میکرومی داخل سنج دیجیتال دو فک ی,matched,4910-4120,"75-100/3""-4""","0.001/0.00005""",±0.004,
1486,4911-8105,میکرومی داخل سنج دو فک,matched,4911-8105,5-30,0.01,±0.005,
1487,4911-8115,میکرومی داخل سنج دو فک 3 — 0-75mm,matched,4911-8115,50-75,0.01,±0.007,
1488,4911-8130,میکرومی داخل سنج دو فک 5 — 0-125mm,matched,4911-8130,100-125mm,0.01mm,,
1489,4911-8135,میکرومی داخل سنج دو فک 6,matched,4911-8135,125-150mm,0.01mm,,
1490,4911-8140,میکرومی 7 — 0-175mm,matched,4911-8140,150-175mm,0.01mm,,
1491,5111-1005,ي ساعت اندیکاتور پشت دار جعبه — 0-10mm,matched,5111-1005,0-10,0.01,,
1492,5111-1110,ساعت اندیکاتور دور فلزی — 0-10mm,unmatched,,,,,sku_not_in_pdf
1493,5111-1205,ساعت اندیکاتور پشت دار — 0-10mm,matched,5111-1205,0-10,0.01,,
1494,5121-1107,ساعت اندیکاتور ضدآب — 0-10mm,matched,5121-1107,0-10,0.01,,
1495,5121-1201,ساعت اندیکاتور صفحه کوچک ضد رضبه SHOCK PROF — 0-3mm,matched,5121-1201,0-3,0.01,,
1496,5121-1202,ساعت اندیکاتور صفحه کوچک ضد رضبه SHOCK PROF — 0-5mm,matched,5121-1202,0-5,0.01,,
1497,5121-1204,ساعت اندیکاتور صفحه کوچک ( — 0-5mm,matched,5121-1204,0-5,0.01,,
1498,5121-1215,ساعت اندیکاتور کورس بلند ضد رضبه — 0-50mm,matched,5121-1215,0-50,,,
1499,5121-1220,ساعت اندیکاتور کورس بلند ضد رضبه — 0-100mm,matched,5121-1220,0-100,0.05,,
1500,5121-2101,ساعت اندیکاتور پشت دار دقت — 0-1mm,matched,5121-2101,0-1,0.001,,
1501,5121-2201,ساعت اندیکاتور پشت دار دقت — 0-1mm,matched,5121-2201,0-1,0.001,,
1502,5121-3005,ساعت اندیکاتور دور فلزی — 0-1mm,unmatched,,,,,sku_not_in_pdf
1503,5121-4200,ساعت اندیکاتور ( عقب گرد /بلی ینگ — 0-1mm,unmatched,,,,,sku_not_in_pdf
1504,5130-1110,ساعت اندیکاتور دیجیتال کورس بلند — 0-25/4,unmatched,,,,,sku_not_in_pdf
1505,5140-1110,ساعت اندیکاتور دیجیتال کورس بلند 5دکمه ابسلوت — 0-25/4,unmatched_no_spec_row,,,,,sku_mentioned_but_no_parseable_spec_row
1506,5140-1120,ساعت اندیکاتور دیجیتال کورس بلند 5دکمه ابسلوت — 0-101/6,unmatched_no_spec_row,,,,,sku_mentioned_but_no_parseable_spec_row
1507,5141-2105,ساعت اندیکاتور کورس بلند ضد رضبه — 0-30mm,matched,5141-2105,0-30,0.035,,
1508,5221-0000,ساعت شیطانیک,unmatched_no_spec_row,,,,,sku_mentioned_but_no_parseable_spec_row
1509,5221-0005,ساعت شیطانیک — 0-50mm,matched,5221-0005,"0-150/0-6""",,,
1510,5221-1000,ساعت شیطانیک با پایه مگنت shock — 0,matched,5221-1000,0-0.8,0.01,,
1511,5221-1001,ساعت شیطانیک ضد رضبه ست کامل — 0,matched,5221-1001,0-0.8,0.01,,
1512,5221-1106,ساعت شیطانیک ضد رضبه ست کامل — 0,unmatched,,,,,sku_not_in_pdf
1513,5221-1129,ساعت شیطانیک ضد رضبه shock — 0,unmatched_no_spec_row,,,,,sku_mentioned_but_no_parseable_spec_row
1514,5221-1140,ساعت شیطانیک صفحه بزرگ ضد — 0,unmatched_no_spec_row,,,,,sku_mentioned_but_no_parseable_spec_row
1515,5221-1145,ساعت شیطانیک صفحه بزرگ ضد — 0,unmatched_no_spec_row,,,,,sku_mentioned_but_no_parseable_spec_row
1516,5221-1210,ساعت شیطانیک صفحه بزرگ پراپ — 0-1210mm,matched,5221-1210,0-1.6,0.01,,
1517,5221-1220,ساعت شیطانیک صفحه بزرگ پراپ — 0-1220mm,unmatched_no_spec_row,,,,,sku_mentioned_but_no_parseable_spec_row
1518,5223-3105,ساعت شیطانیک بدنه ضد مگنت,unmatched_no_spec_row,,,,,sku_mentioned_but_no_parseable_spec_row
1519,5260-1105,ساعت اندیکاتور دیجیتال خروج — 0-12/7,matched,5260-1105,"0-12.7/0-0.5""","0.01/0.0005""",,
1520,5260-1110,ساعت اندیکاتور دیجیتال خروج — 0-25/4,matched,5260-1110,"0-25.4/0-1.0""","0.01/0.0005""",,
1521,5260-1115,ساعت اندیکاتور دیجیتال خروج — 0-5,matched,5260-1115,"0-50.8/0-2.0""","0.01/0.0005""",,
1522,5260-3705,ساعت اندیکاتور دیجیتال خروج — 0-12/7,matched,5260-3705,"0-12.7/0-0.5""","0.01/0.0005""",,
1523,5260-3710,ساعت اندیکاتور دیجیتال خروج — 0-25/4,matched,5260-3710,"0-25.4/0-1.0""","0.01/0.0005""",,
1524,5260-3715,ساعت اندیکاتور دیجیتال خروج — 0-5,matched,5260-3715,"0-50.8/0-2.0""","0.01/0.0005""",,
1525,5260-3720,ساعت اندیکاتور دیجیتال خروج — 0-100mm/0-4,matched,5260-3720,"0-101.6/0-4""","0.01/0.0005""",,
1526,5260-4205,ساعت اندیکاتور دیجیتال خروج — 0-12/7,matched,5260-4205,"0-12.7/0-0.5""","0.001/0.00005""",,
1527,5260-4210,ساعت اندیکاتور دیجیتال خروج — 0-25/4,matched,5260-4210,"0-25.4/0-1.0""","0.001/0.00005""",,
1528,5260-4215,ساعت اندیکاتور دیجیتال خروج — 0-5,matched,5260-4215,"0-50.8/0-2.0""","0.001/0.00005""",,
1529,5261-1205,ساعت اندیکاتور دیجیتال شارژی — 0-12/7,unmatched_no_spec_row,,,,,sku_mentioned_but_no_parseable_spec_row
1530,5333-6101,پراپ ساعت غلطیک استیل اسنلس,unmatched_no_spec_row,,,,,sku_mentioned_but_no_parseable_spec_row
1531,5333-6303,پراپ ساعت غلطیک استیل اسنلس,unmatched_no_spec_row,,,,,sku_mentioned_but_no_parseable_spec_row
1532,5333-7001,نوک پراب ساعت اندیکاتور داسکوا کد 5333-7001,unmatched_no_spec_row,,,,,sku_mentioned_but_no_parseable_spec_row
1533,5333-7201,نوک پراب ساعت اندیکاتور داسکوا کد 5333-7201,unmatched_no_spec_row,,,,,sku_mentioned_but_no_parseable_spec_row
1534,5333-7203,نوک پراب ساعت اندیکاتور داسکوا کد 5333-7203,unmatched_no_spec_row,,,,,sku_mentioned_but_no_parseable_spec_row
1535,5333-7204,نوک پراب ساعت اندیکاتور داسکوا کد 5333-7204,unmatched_no_spec_row,,,,,sku_mentioned_but_no_parseable_spec_row
1536,5333-7205,نوک پراب ساعت اندیکاتور داسکوا کد 5333-7205,unmatched_no_spec_row,,,,,sku_mentioned_but_no_parseable_spec_row
1537,5333-7602,نوک پراب ساعت اندیکاتور داسکوا کد 5333-7602,unmatched_no_spec_row,,,,,sku_mentioned_but_no_parseable_spec_row
1538,5333-7603,نوک پراب ساعت اندیکاتور داسکوا کد 5333-7603,unmatched_no_spec_row,,,,,sku_mentioned_but_no_parseable_spec_row
1539,5333-7604,نوک پراب ساعت اندیکاتور داسکوا کد 5333-7604,unmatched_no_spec_row,,,,,sku_mentioned_but_no_parseable_spec_row
1540,5333-7707,نوک پراب ساعت اندیکاتور داسکوا کد 5333-7707,unmatched_no_spec_row,,,,,sku_mentioned_but_no_parseable_spec_row
1541,5333-7708,نوک پراب ساعت اندیکاتور داسکوا کد 5333-7708,unmatched_no_spec_row,,,,,sku_mentioned_but_no_parseable_spec_row
1542,5333-7712,نوک پراب ساعت اندیکاتور داسکوا کد 5333-7712,unmatched_no_spec_row,,,,,sku_mentioned_but_no_parseable_spec_row
1543,5333-7713,نوک پراب ساعت اندیکاتور داسکوا کد 5333-7713,unmatched_no_spec_row,,,,,sku_mentioned_but_no_parseable_spec_row
1544,5333-7801,نوک پراب ساعت اندیکاتور داسکوا کد 5333-7801,unmatched_no_spec_row,,,,,sku_mentioned_but_no_parseable_spec_row
1545,5333-7901,پراپ ساعت غلطیک استیل اسنلس,unmatched_no_spec_row,,,,,sku_mentioned_but_no_parseable_spec_row
1546,5333-8001,نوک پراب ساعت اندیکاتور داسکوا کد 5333-8001,unmatched_no_spec_row,,,,,sku_mentioned_but_no_parseable_spec_row
1547,5333-8002,نوک پراب ساعت اندیکاتور داسکوا کد 5333-8002,unmatched_no_spec_row,,,,,sku_mentioned_but_no_parseable_spec_row
1548,5333-8003,نوک پراب ساعت اندیکاتور داسکوا کد 5333-8003,unmatched_no_spec_row,,,,,sku_mentioned_but_no_parseable_spec_row
1549,5333-8004,نوک پراب ساعت اندیکاتور داسکوا کد 5333-8004,unmatched_no_spec_row,,,,,sku_mentioned_but_no_parseable_spec_row
1550,5333-8005,نوک پراب ساعت اندیکاتور داسکوا کد 5333-8005,unmatched_no_spec_row,,,,,sku_mentioned_but_no_parseable_spec_row
1551,5333-8006,نوک پراب ساعت اندیکاتور داسکوا کد 5333-8006,unmatched_no_spec_row,,,,,sku_mentioned_but_no_parseable_spec_row
1552,5333-8007,نوک پراب ساعت اندیکاتور داسکوا کد 5333-8007,unmatched_no_spec_row,,,,,sku_mentioned_but_no_parseable_spec_row
1553,5333-8008,نوک پراب ساعت اندیکاتور داسکوا کد 5333-8008,unmatched_no_spec_row,,,,,sku_mentioned_but_no_parseable_spec_row
1554,5333-8009,نوک پراب ساعت اندیکاتور داسکوا کد 5333-8009,unmatched_no_spec_row,,,,,sku_mentioned_but_no_parseable_spec_row
1555,5340-8110,ساعت اندیکاتور دیجیتال کورس بلند — 0-25/4,matched,5340-8110,"0-25.4/0-1.0""","0.01/0.0005""",,
1556,5340-8115,ساعت اندیکاتور دیجیتال کورس بلند — 0-5,matched,5340-8115,"0-50.8/0-2.0""","0.01/0.0005""","0.015/0.001""",
1557,5351-2110,ساعت اندازه گی — 0,matched,5351-2110,"0-5mm/0-0.19""",0.0,,
1558,5361-0005,ساعت اندازه گی — 0-50mm,matched,5361-0005,"0-5mm/0-0.19""",0.0,,
1559,5410-8205,ساعت شیطانیک دیجیتال ضد آب — 0,unmatched,,,,,sku_not_in_pdf
1560,5510-0005,مجموعه گیج داخل سیلندر با پراپ — 0-50mm,unmatched_no_spec_row,,,,,sku_mentioned_but_no_parseable_spec_row
1561,5511-1100,گیج داخل سیلندر ساعت — 0-1100mm,matched,5511-1100,4-6,0.01,,
1562,5511-1105,گیج داخل سیلندر ساعت — 0-1105mm,matched,5511-1105,6-10,0.01,,
1563,5511-1110,ساعت با پراپ های گیج داخل سیلندر — 0-18mm,matched,5511-1110,10-18,0.01,,
1564,5511-1115,ساعت با پراپ های گیج داخل سیلندر — 0-1115mm,matched,5511-1115,18-35,0.01,,
1565,5511-1120,گیج داخل سیلندر ساعت — 0-1120mm,matched,5511-1120,35-50,0.01,,
1566,5511-1121,گیج داخل سیلندر ساعت — 0-1121mm,matched,5511-1121,35-60,0.01,,
1567,5511-1130,ساعت با پراپ های گیج داخل سیلندر — 0-160mm,matched,5511-1130,50-160,0.01,,
1568,5511-1135,ساعت با پراپ های گیج داخل سیلندر — 0-250mm,unmatched_no_spec_row,,,,,sku_mentioned_but_no_parseable_spec_row
1569,5511-1140,گیج داخل سیلندر ساعت — 0-450mm,unmatched_no_spec_row,,,,,sku_mentioned_but_no_parseable_spec_row
1570,5511-2105,گیج داخل سیلندر با پراپ های,matched,5511-2105,6-10,0.001,,
1571,5511-2110,گیج داخل سیلندر با پراپ های — 0-18mm,matched,5511-2110,10-18,0.001,,
1572,5511-2115,گیج داخل سیلندر با پراپ های,matched,5511-2115,18-35,0.001,,
1573,5511-2120,گیج داخل سیلندر با پراپ های,matched,5511-2120,35-50,0.001,,
1574,5511-2130,گیج داخل سیلندر با پراپ های — 0-160mm,matched,5511-2130,50-160,0.001,,
1575,5581-0005,گیج داخل سیلندر ساعت — 0-800mm,unmatched_no_spec_row,,,,,sku_mentioned_but_no_parseable_spec_row
1576,5610-8105,گیج داخل سیلندر با پراپ هاي,matched,5610-8105,"6-10mm/0.24-0.4""","0.002mm/0.0005""",,
1577,5610-8110,گیج داخل سیلندر با پراپ هاي — 0-18mm,matched,5610-8110,"10-18mm/0.4-0.7""","0.002mm/0.0005""",,
1578,5610-8115,گیج داخل سیلندر با پراپ هاي,matched,5610-8115,"18-35mm/0.7-1.5""","0.002mm/0.0005""",,
1579,5610-8120,گیج داخل سیلندر با پراپ هاي,matched,5610-8120,"35-50mm/1.4-2.4""","0.002mm/0.0005""",,
1580,5610-8125,گیج داخل سیلندر با پراپ هاي — 0-160mm/2-6/3,matched,5610-8125,"50-160mm/2-6.3""","0.002mm/0.005""",±0.018,
1581,5610-8130,گیج داخل سیلندر با پراپ هاي — 0-250mm/6-10,matched,5610-8130,"160-250mm/6-10""","0.002mm/0.005""",±0.018,
1582,5610-8135,گیج داخل سیلندر با پراپ هاي — 0-450mm/10-16,matched,5610-8135,"250-450mm/10-16""","0.002mm/0.005""",±0.018,
1583,5711-0005,محوریاب سه بعدی یونیورسال طول و عرض و ارتفاع (ساخت آلمان) — 0-1/5,unmatched,,,,,sku_not_in_pdf
1584,5712-1100,ساعت مرکزیاب — 0-3mm,matched,5712-1100-A,0-2mm,,,
1585,5751-0010,ساعت میل لنگ — 0-500mm,matched,5751-0010,60-500,0.01,,
1586,5760-1005,ساعت مرکزیاب 1 — 0-1005mm,unmatched_no_spec_row,,,,,sku_mentioned_but_no_parseable_spec_row
1587,5800-1015,پرگار داخل سنج با رسهای تعویض — 0-1015mm,matched,5800-1015,55-153,,,
1588,5810-2005,ساعت دسته دار بلند پرگار داخل سنج,matched,5810-2005,15-35,0.01,±0.035,
1589,5810-2010,ساعت پرگار داخل سنج 1,matched,5810-2010,35-55,0.01,±0.035,
1590,5810-2015,ساعت پرگار داخل سنج 2,matched,5810-2015,55-75,0.01,±0.035,
1591,5810-2020,ساعت پرگار داخل سنج 3,matched,5810-2020,75-95,0.01,±0.035,
1592,5810-3105,خط کش دیجیتال ضد آب و روغن — 0-150mm/0-6,matched,5810-3105,"0-150/0-6""","0.01/0.0005""","0.02/0.001""",
1593,5810-3110,خط کش دیجیتال ضد آب و روغن — 0-200mm/0-8,matched,5810-3110,"0-200/0-8""","0.01/0.0005""","0.03/0.0015""",
1594,5810-3115,خط کش دیجیتال ضد آب و روغن — 0-300mm/0-12,matched,5810-3115,"0-300/0-12""","0.01/0.0005""","0.03/0.0015""",
1595,5810-3120,خط کش دیجیتال ضد آب و روغن — 0-600mm/0-24,matched,5810-3120,"0-600/0-24""","0.01/0.0005""","0.05/0.005""",
1596,5810-3125,خط کش دیجیتال ضد آب و روغن — 0-1000mm/0-40,matched,5810-3125,"0-1000/0-40""","0.01/0.0005""","0.05/0.0025""",
1597,5811-0005,پرگار داخل سنج دیجیتال دسته دار بلند — 0-50mm,matched,5811-0005,"15-35mm/0.6-1.4""","0.01/0.0005""","±0.035/0.002""",
1598,5811-0010,پرگار داخل سنج دیجیتال دسته دار بلند — 0-100mm,matched,5811-0010,"35-55mm/1.4-2.2""","0.01/0.0005""","±0.035/0.002""",
1599,5811-0015,پرگار داخل سنج دیجیتال دسته دار بلند — 0-150mm,matched,5811-0015,"55-75mm/2.2-3.0""","0.01/0.0005""","±0.035/0.002""",
1600,5811-0020,پرگار داخل سنج دیجیتال دسته دار بلند — 0-200mm,matched,5811-0020,"75-95mm/3.0-3.8""","0.01/0.0005""","±0.035/0.002""",
1601,5820-0005,ساعت اندیکاتور دیجیتال IP65 — 0-12/7,matched,5820-0005,"0-12.7/0-0.5""","0.001/0.00005""","0.003/0.0001""",
1602,5820-0010,ساعت اندیکاتور دیجیتال IP65 — 0-25/4,matched,5820-0010,"0-25.4/0-1.0""","0.001/0.00005""","0.003/0.0001""",
1603,5820-0015,ساعت اندیکاتور دیجیتال IP65 — 0-5,matched,5820-0015,"0-50.8/0-2.0""","0.001/0.00005""","0.003/0.0001""",
1604,5820-0020,ساعت اندیکاتور دیجیتال IP65 — 0-100mm/0-4,matched,5820-0020,"0-101.6/0-4""","0.001/0.00005""","0.003/0.0001""",
1605,5831-0005,شعاع سنج دیجیتال — 0-50mm,matched,5831-0005,5-700,"0.005/0.0015""",,
1606,5840-6200,ضخامت سنج پراپ رسامییک دیجیتال — 0-10mm,matched,5840-6200,"0-10/0-0.4""","0.01/0.0005""",±0.02,
1607,5840-6205,ضخامت سنج پراپ رسامییک دیجیتال — 0-10mm,matched,5840-6205,"0-10/0.4""",,,
1608,5840-6240,ضخامت سنج پراپ رسامییک دیجیتال — 0-10mm,unmatched,,,,,sku_not_in_pdf
1609,5841-1105,ضخامت سنج پراپ رسامییک با ي — 0-10mm,unmatched,,,,,sku_not_in_pdf
1610,5841-1110,ضخامت سنج پراپ رسامییک با ي — 0-20mm,unmatched,,,,,sku_not_in_pdf
1611,5841-8106,ضخامت سنج ساعت 2 — 0-30mm,matched,5841-8106,0-30mm,0.01mm,,
1612,5841-9105,ساعت لوله ضخامت سنج — 0-10mm,unmatched,,,,,sku_not_in_pdf
1613,5911-0001,گیج داخل تلسکون — 0-10mm,unmatched_no_spec_row,,,,,sku_mentioned_but_no_parseable_spec_row
1614,5911-0002,گیج داخل تلسکون — 0-20mm,unmatched_no_spec_row,,,,,sku_mentioned_but_no_parseable_spec_row
1615,5921-0005,گیج داخل ساعت — 0-13mm,unmatched_no_spec_row,,,,,sku_mentioned_but_no_parseable_spec_row
1616,6110-1112,جعبه راپورتر (گیج بلوک) — 0-1112mm,matched,6110-1112,1.001-1.009,0.001,,
1617,6110-1232,جعبه راپورتر (گیج بلوک) — 0-1232mm,matched,6110-1232,1.01-1.49,0.01,,
1618,6110-1247,جعبه راپورتر (گیج بلوک) — 0-1247mm,unmatched_no_spec_row,,,,,sku_mentioned_but_no_parseable_spec_row
1619,6110-1287,جعبه راپورتر (گیج بلوک) — 0-1287mm,matched,6110-1287,1.001-1.009,0.001,,
1620,6111-1112,جعبه راپورتر (گیج بلوک) — 0-1112mm,matched,6111-1112,1.01-1.49,0.01,,
1621,6111-1232,جعبه راپورتر (گیج بلوک) — 0-1232mm,matched,6111-1232,25-100,,,
1622,6111-1247,جعبه راپورتر (گیج بلوک) — 0-1247mm,matched,6111-1247,1.2-1.9,0.1,,
1623,6111-1287,جعبه راپورتر (گیج بلوک) — 0-1287mm,unmatched_no_spec_row,,,,,sku_mentioned_but_no_parseable_spec_row
1624,6112-1112,جعبه راپورتر (گیج بلوک) — 0-1112mm,matched,6112-1112,25-100,,,
1625,6112-1232,جعبه راپورتر (گیج بلوک) — 0-1232mm,unmatched_no_spec_row,,,,,sku_mentioned_but_no_parseable_spec_row
1626,6112-1247,جعبه راپورتر (گیج بلوک) — 0-1247mm,unmatched_no_spec_row,,,,,sku_mentioned_but_no_parseable_spec_row
1627,6112-1287,جعبه راپورتر (گیج بلوک) — 0-1287mm,matched,6112-1287,10-100,,,
1628,6211-4205,مجموعه رپیر گیج 91عددی,matched,6211-4205,1-10,0.1,±0.001,
1629,6211-4210,پی گیج 51عددی 20,unmatched_no_spec_row,,,,,sku_mentioned_but_no_parseable_spec_row
1630,6211-4300,مجموعه رپیر گیج 91عددی,unmatched_no_spec_row,,,,,sku_mentioned_but_no_parseable_spec_row
1631,6211-4301,پی گیج 31عددی 1,unmatched_no_spec_row,,,,,sku_mentioned_but_no_parseable_spec_row
1632,6211-4302,پی گیج 51عددی 2,unmatched_no_spec_row,,,,,sku_mentioned_but_no_parseable_spec_row
1633,6211-4303,پی گیج 51عددی 3,unmatched_no_spec_row,,,,,sku_mentioned_but_no_parseable_spec_row
1634,6211-4304,پی گیج 51عددی 4,unmatched_no_spec_row,,,,,sku_mentioned_but_no_parseable_spec_row
1635,6211-4305,پی گیج 51عددی 5,unmatched_no_spec_row,,,,,sku_mentioned_but_no_parseable_spec_row
1636,6211-4306,پی گیج 51عددی 6,unmatched_no_spec_row,,,,,sku_mentioned_but_no_parseable_spec_row
1637,6211-4307,پی گیج 51عددی 7,unmatched_no_spec_row,,,,,sku_mentioned_but_no_parseable_spec_row
1638,6211-4308,پی گیج 51عددی 8,unmatched_no_spec_row,,,,,sku_mentioned_but_no_parseable_spec_row
1639,6211-4309,پی گیج 51عددی 9,unmatched_no_spec_row,,,,,sku_mentioned_but_no_parseable_spec_row
1640,6211-4310,پی گیج 51عددی 10,unmatched_no_spec_row,,,,,sku_mentioned_but_no_parseable_spec_row
1641,6211-4311,پی گیج 51عددی 11,unmatched_no_spec_row,,,,,sku_mentioned_but_no_parseable_spec_row
1642,6211-4312,پی گیج 51عددی 12,unmatched_no_spec_row,,,,,sku_mentioned_but_no_parseable_spec_row
1643,6211-4313,پی گیج 51عددی 13,unmatched_no_spec_row,,,,,sku_mentioned_but_no_parseable_spec_row
1644,6211-4314,پی گیج 51عددی 14,unmatched_no_spec_row,,,,,sku_mentioned_but_no_parseable_spec_row
1645,6211-4315,پی گیج 51عددی 15,unmatched_no_spec_row,,,,,sku_mentioned_but_no_parseable_spec_row
1646,6211-4316,پی گیج 51عددی 16,unmatched_no_spec_row,,,,,sku_mentioned_but_no_parseable_spec_row
1647,6211-4317,پی گیج 51عددی 17,unmatched_no_spec_row,,,,,sku_mentioned_but_no_parseable_spec_row
1648,6211-4318,پی گیج 51عددی 18,unmatched_no_spec_row,,,,,sku_mentioned_but_no_parseable_spec_row
1649,6211-4319,پی گیج 51عددی 19,unmatched_no_spec_row,,,,,sku_mentioned_but_no_parseable_spec_row
1650,6310-0001,گیج رزوه تون 5 — 0-10mm,unmatched,,,,,sku_not_in_pdf
1651,6310-0002,گیج رزوه تون 7 — 0-20mm,unmatched,,,,,sku_not_in_pdf
1652,6310-0003,گیج رزوه تون 8 — 0-30mm,unmatched,,,,,sku_not_in_pdf
1653,6310-0004,گیج رزوه تون 9 — 0-40mm,unmatched,,,,,sku_not_in_pdf
1654,6310-0005,گیج رزوه ی 10 — 0-50mm,unmatched,,,,,sku_not_in_pdf
1655,6310-0006,گیج رزوه ی 11 — 0-60mm,unmatched,,,,,sku_not_in_pdf
1656,6310-0007,گیج رزوه ی 12 — 0-70mm,unmatched,,,,,sku_not_in_pdf
1657,6310-0008,گیج رزوه ی 13 — 0-80mm,unmatched,,,,,sku_not_in_pdf
1658,6310-0009,گیج رزوه ی 14 — 0-90mm,unmatched,,,,,sku_not_in_pdf
1659,6310-0010,گیج رزوه ی 15 — 0-100mm,unmatched,,,,,sku_not_in_pdf
1660,6310-0011,گیج رزوه تون — 0-110mm,unmatched,,,,,sku_not_in_pdf
1661,6310-0012,گیج رزوه تون 1 — 0-120mm,unmatched,,,,,sku_not_in_pdf
1662,6310-0013,گیج رزوه تون 2 — 0-130mm,unmatched,,,,,sku_not_in_pdf
1663,6310-0014,گیج رزوه تون 3 — 0-140mm,unmatched,,,,,sku_not_in_pdf
1664,6310-0015,گیج رزوه تون 4 — 0-150mm,unmatched,,,,,sku_not_in_pdf
1665,6310-0016,گیج رزوه تون 6 — 0-160mm,unmatched,,,,,sku_not_in_pdf
1666,6310-0017,گیج رزوه ی 16 — 0-170mm,unmatched,,,,,sku_not_in_pdf
1667,6310-0018,گیج رزوه ی 17 — 0-180mm,unmatched,,,,,sku_not_in_pdf
1668,6310-0019,گیج رزوه ی 18 — 0-190mm,unmatched,,,,,sku_not_in_pdf
1669,6310-0020,گیج رزوه ی 19 — 0-200mm,unmatched,,,,,sku_not_in_pdf
1670,6310-0021,گیج رزوه ی 20 — 0-210mm,unmatched,,,,,sku_not_in_pdf
1671,6310-0022,گیج رزوه ی 21 — 0-220mm,unmatched,,,,,sku_not_in_pdf
1672,6310-0023,گیج رزوه ی 22 — 0-230mm,unmatched,,,,,sku_not_in_pdf
1673,6310-0024,گیج رزوه ی 23 — 0-240mm,unmatched,,,,,sku_not_in_pdf
1674,6310-0025,گیج رزوه ی 24 — 0-25mm,unmatched,,,,,sku_not_in_pdf
1675,6350-0005,سوزن) شابلون گپ ( شابلون 2 — 0-50mm,unmatched_no_spec_row,,,,,sku_mentioned_but_no_parseable_spec_row
1676,6703-1005,میکروسکوپ اندازه گی 1 — 0-1005mm,unmatched,,,,,sku_not_in_pdf
1677,6710-0005,زبری سنج دیجیتال پرتابل — 0-50mm,unmatched_no_spec_row,,,,,sku_mentioned_but_no_parseable_spec_row
1678,7000-0010,پایه ساعت هیدرولیک با بازوی سه — 0-100mm,unmatched_no_spec_row,,,,,sku_mentioned_but_no_parseable_spec_row
1679,7111-1105,میکرومی ی پایه — 0-1105mm,unmatched_no_spec_row,,,,,sku_mentioned_but_no_parseable_spec_row
1680,7121-0025,پایه ساعت مفصیل قوی ( جایگزین پایه هیدرولیک) — 0-25mm,unmatched_no_spec_row,,,,,sku_mentioned_but_no_parseable_spec_row
1681,7121-0030,پایه ساعت مفصیل قوی ( جایگزین پایه هیدرولیک) — 0-30mm,unmatched_no_spec_row,,,,,sku_mentioned_but_no_parseable_spec_row
1682,7121-0035,پایه ساعت مفصیل قوی ( جایگزین پایه هیدرولیک) — 0-35mm,unmatched_no_spec_row,,,,,sku_mentioned_but_no_parseable_spec_row
1683,7121-0045,پایه ساعت مفصیل قوی ( جایگزین پایه هیدرولیک) — 0-45mm,unmatched_no_spec_row,,,,,sku_mentioned_but_no_parseable_spec_row
1684,7122-0005,ضخامت سنج الکی — 0-50mm,unmatched_no_spec_row,,,,,sku_mentioned_but_no_parseable_spec_row
1685,7122-0010,ضخامت سنج الکی — 0-100mm,unmatched_no_spec_row,,,,,sku_mentioned_but_no_parseable_spec_row
1686,7122-0015,ضخامت سنج الکی — 0-150mm,unmatched_no_spec_row,,,,,sku_mentioned_but_no_parseable_spec_row
1687,7123-0005,پایه سوزن خط کش مگنت — 0-50mm,unmatched_no_spec_row,,,,,sku_mentioned_but_no_parseable_spec_row
1688,7212-1015,کمی دیجیتال با درایو 1/2 1 — 0-1015mm,unmatched_no_spec_row,,,,,sku_mentioned_but_no_parseable_spec_row
1689,7212-4020,شابلون ضخامت سنج رنگ و پوشش,unmatched_no_spec_row,,,,,sku_mentioned_but_no_parseable_spec_row
1690,7312-0010,پایه ساعت مفصیل با بازوی سه بعدی — 0-100mm,unmatched_no_spec_row,,,,,sku_mentioned_but_no_parseable_spec_row
1691,7312-0015,پایه ساعت مفصیل با بازوی سه بعدی — 0-150mm,unmatched_no_spec_row,,,,,sku_mentioned_but_no_parseable_spec_row
1692,7412-0005,پایه ساعت هیدرولیک با بازوی سه — 0-50mm,unmatched,,,,,sku_not_in_pdf
1693,7611-0020,ترازوی جیت دیجیتال — 0-200mm,unmatched_no_spec_row,,,,,sku_mentioned_but_no_parseable_spec_row
1694,7851-0005,کمی دیجیتال با درایو 1/2 1 — 0-50mm,unmatched_no_spec_row,,,,,sku_mentioned_but_no_parseable_spec_row
1695,7851-0008,کمی دیجیتال با درایو 1/2 1 — 0-80mm,unmatched_no_spec_row,,,,,sku_mentioned_but_no_parseable_spec_row
1696,7851-0011,کمی دیجیتال با درایو 1/2 1 — 0-110mm,unmatched_no_spec_row,,,,,sku_mentioned_but_no_parseable_spec_row
1697,7851-0013,کمی دیجیتال با درایو 1/2 1 — 0-130mm,unmatched_no_spec_row,,,,,sku_mentioned_but_no_parseable_spec_row
1698,7912-0004,پایه ساعت گر ی — 0-40mm,unmatched_no_spec_row,,,,,sku_mentioned_but_no_parseable_spec_row
1699,8101-0005,سختی‌سنج شور داسکوا 0-50mm کد 8101-0005,matched,8101-0005,5-36,,,
1700,8101-0010,سختی‌سنج شور داسکوا 0-100mm کد 8101-0010,matched,8101-0010,6-45,,,
1701,8203-0010,سختی‌سنج شور داسکوا 0-100mm کد 8203-0010,unmatched_no_spec_row,,,,,sku_mentioned_but_no_parseable_spec_row
1702,8300-0015,مگنت با رنیوی مغناطیش ی — 0-150mm,unmatched,,,,,sku_not_in_pdf
1703,8300-0020,ی با رنیوی مغناطیش — 0-200mm,unmatched,,,,,sku_not_in_pdf
1704,8300-0025,صنعت دیجیتال تراز — 0-25mm,unmatched_no_spec_row,,,,,sku_mentioned_but_no_parseable_spec_row
1705,8300-0095,ست 4عددي زاويه كوليس ديجيتال -پالستيیکي ،عمق سنج ديجيتال،تراز ديجيتال — 0-95mm,unmatched,,,,,sku_not_in_pdf
1706,8300-1000,صنعت دیجیتال بسیار دقیق تراز — 0-1000mm,unmatched,,,,,sku_not_in_pdf
1707,8301-0003,صنعت چهارگوش تراز 6 — 0-30mm,unmatched_no_spec_row,,,,,sku_mentioned_but_no_parseable_spec_row
1708,8301-0005,صنعت تخت تراز 3 — 0-50mm,unmatched_no_spec_row,,,,,sku_mentioned_but_no_parseable_spec_row
1709,8301-0006,تراز صنعت 7 — 0-60mm,unmatched_no_spec_row,,,,,sku_mentioned_but_no_parseable_spec_row
1710,8301-0009,صنعت چهارگوش تراز 8 — 0-90mm,unmatched_no_spec_row,,,,,sku_mentioned_but_no_parseable_spec_row
1711,8301-0010,صنعت تخت تراز 4 — 0-100mm,unmatched_no_spec_row,,,,,sku_mentioned_but_no_parseable_spec_row
1712,8301-0013,تراز صنعت 9 — 0-130mm,unmatched_no_spec_row,,,,,sku_mentioned_but_no_parseable_spec_row
1713,8301-0015,صنعت تخت تراز 5 — 0-150mm,unmatched_no_spec_row,,,,,sku_mentioned_but_no_parseable_spec_row
1714,8301-1005,صنعت تخت تراز — 0-1005mm,unmatched_no_spec_row,,,,,sku_mentioned_but_no_parseable_spec_row
1715,8301-1009,ی تراز صنعت 4 — 0-1009mm,unmatched_no_spec_row,,,,,sku_mentioned_but_no_parseable_spec_row
1716,8301-1010,صنعت تخت تراز 1 — 0-1010mm,unmatched_no_spec_row,,,,,sku_mentioned_but_no_parseable_spec_row
1717,8301-1013,صنعت چهارگوش تراز 5 — 0-1013mm,unmatched_no_spec_row,,,,,sku_mentioned_but_no_parseable_spec_row
1718,8301-1020,صنعت تخت تراز 2 — 0-1020mm,unmatched_no_spec_row,,,,,sku_mentioned_but_no_parseable_spec_row
1719,8301-2645,تراز تخت دیجیتال مگنت دار با — 0,unmatched_no_spec_row,,,,,sku_mentioned_but_no_parseable_spec_row
1720,8301-2655,تراز تخت دیجیتال مگنت دار با — 0,unmatched_no_spec_row,,,,,sku_mentioned_but_no_parseable_spec_row
1721,8400-0000,تراز دیجیتال مگنت دار ابسلوت ضد,unmatched_no_spec_row,,,,,sku_mentioned_but_no_parseable_spec_row
1722,8400-0005,تراز دیجیتال مگنت دار ابسلوت ضد — 0-50mm,unmatched_no_spec_row,,,,,sku_mentioned_but_no_parseable_spec_row
1723,8500-1063,ضخامت سنج الکی — 0-1063mm,unmatched_no_spec_row,,,,,sku_mentioned_but_no_parseable_spec_row
1724,8500-1075,ضخامت سنج الکی — 0-1075mm,unmatched,,,,,sku_not_in_pdf
1725,8500-3020,صفحه گرانیتی داسکوا 300×200mm کد 8500-3020,unmatched_no_spec_row,,,,,sku_mentioned_but_no_parseable_spec_row
1726,8500-3030,صفحه گرانیتی داسکوا 300×300mm کد 8500-3030,unmatched,,,,,sku_not_in_pdf
1727,8500-4025,صفحه گرانیتی داسکوا 400×250mm کد 8500-4025,unmatched_no_spec_row,,,,,sku_mentioned_but_no_parseable_spec_row
1728,8500-4040,صفحه گرانیتی داسکوا 400×400mm کد 8500-4040,unmatched_no_spec_row,,,,,sku_mentioned_but_no_parseable_spec_row
1729,8500-4545,صفحه گرانیتی داسکوا 450×450mm کد 8500-4545,unmatched,,,,,sku_not_in_pdf
1730,8500-5032,صفحه گرانیتی داسکوا 500×320mm کد 8500-5032,unmatched_no_spec_row,,,,,sku_mentioned_but_no_parseable_spec_row
1731,8500-6340,صفحه گرانیتی داسکوا 630×400mm کد 8500-6340,unmatched_no_spec_row,,,,,sku_mentioned_but_no_parseable_spec_row
1732,8500-6363,صفحه گرانیتی داسکوا 630×630mm کد 8500-6363,unmatched_no_spec_row,,,,,sku_mentioned_but_no_parseable_spec_row
1733,8500-8050,صفحه گرانیتی داسکوا 800×500mm کد 8500-8050,unmatched_no_spec_row,,,,,sku_mentioned_but_no_parseable_spec_row
1734,8511-0005,شابلون شعاع سنج — 0-50mm,unmatched_no_spec_row,,,,,sku_mentioned_but_no_parseable_spec_row
1735,8511-0010,زاویه نوک 118درجه ،تا Φ50مییل ی شابلون مته 118درجه تا سایز 50 — 0-100mm,unmatched_no_spec_row,,,,,sku_mentioned_but_no_parseable_spec_row
1736,8511-0020,ساعت تلسکونی گیج داخل 1 — 0-200mm,unmatched_no_spec_row,,,,,sku_mentioned_but_no_parseable_spec_row
1737,8511-0030,ساعت تلسکونی گیج داخل 1 — 0-30mm,unmatched_no_spec_row,,,,,sku_mentioned_but_no_parseable_spec_row
1738,8511-2005,گیج تست رزوه,unmatched,,,,,sku_not_in_pdf
1739,8511-2010,گیج تست رزوه,unmatched,,,,,sku_not_in_pdf
1740,8521-0005,شابلون گپ سنج — 0-50mm,unmatched_no_spec_row,,,,,sku_mentioned_but_no_parseable_spec_row
1741,8521-0010,شابلون گپ سنج — 0-100mm,unmatched_no_spec_row,,,,,sku_mentioned_but_no_parseable_spec_row
1742,8521-0015,شابلون گپ سنج — 0-45mm,unmatched_no_spec_row,,,,,sku_mentioned_but_no_parseable_spec_row
1743,8521-0020,شابلون گپ سنج — 0-200mm,unmatched_no_spec_row,,,,,sku_mentioned_but_no_parseable_spec_row
1744,8530-1005,ساعت تلسکونی گیج داخل 1 — 0-1,matched,8530-1005,0-10/0-20,"0.01/0.0005""/1/128""",±0.03,
1745,8531-0005,ساعت تلسکونی گیج داخل 1 — 0-50mm,matched,8531-0005,0-10/0-20,"0.01/0.0005""/1/128""",±0.03,
1746,8561-2005,سختی‌سنج شور داسکوا کد 8561-2005,unmatched_no_spec_row,,,,,sku_mentioned_but_no_parseable_spec_row
1747,8561-2010,سختی‌سنج شور داسکوا کد 8561-2010,unmatched_no_spec_row,,,,,sku_mentioned_but_no_parseable_spec_row
1748,8561-2015,سختی‌سنج شور داسکوا کد 8561-2015,unmatched_no_spec_row,,,,,sku_mentioned_but_no_parseable_spec_row
1749,8561-2020,سختی‌سنج شور داسکوا کد 8561-2020,unmatched_no_spec_row,,,,,sku_mentioned_but_no_parseable_spec_row
1750,8561-2025,سختی‌سنج شور داسکوا کد 8561-2025,matched,8561-2025,6-50mm,0.01,,
1751,8561-2030,سختی‌سنج شور داسکوا کد 8561-2030,unmatched_no_spec_row,,,,,sku_mentioned_but_no_parseable_spec_row
1752,8561-2035,سختی‌سنج شور داسکوا کد 8561-2035,unmatched_no_spec_row,,,,,sku_mentioned_but_no_parseable_spec_row
1753,8802-5105,سختی‌سنج شور داسکوا کد 8802-5105,unmatched,,,,,sku_not_in_pdf
1754,8802-5110,سختی‌سنج شور داسکوا کد 8802-5110,matched,8802-5110,0-73,,,
1755,8802-5115,سختی‌سنج شور داسکوا کد 8802-5115,matched,8802-5115,0-76,,,
1756,8802-5120,سختی‌سنج شور داسکوا کد 8802-5120,matched,8802-5120,0-160,,,
1757,8802-5125,سختی‌سنج شور داسکوا کد 8802-5125,matched,8802-5125,0-165,,,
1758,9110-0005,خط کش زاویه سنج دیجیتال دو خط — 0-50mm,unmatched,,,,,sku_not_in_pdf
1759,9110-0010,خط کش زاویه سنج دیجیتال دو خط — 0-100mm,unmatched,,,,,sku_not_in_pdf
1760,9110-0015,خط کش زاویه سنج دیجیتال دو خط — 0-150mm,unmatched,,,,,sku_not_in_pdf
1761,9110-0020,خط کش زاویه سنج دیجیتال دو خط — 0-200mm,unmatched,,,,,sku_not_in_pdf
1762,9110-0025,خط کش زاویه سنج دیجیتال دو خط — 0-25mm,unmatched,,,,,sku_not_in_pdf
1763,9110-0030,خط کش زاویه سنج دیجیتال دو خط — 0-30mm,unmatched,,,,,sku_not_in_pdf
1764,9110-0035,خط کش زاویه سنج دیجیتال دو خط — 0-35mm,unmatched,,,,,sku_not_in_pdf
1765,9111-1110,خط کش زاویه سنج دیجیتال دو خط — 0-1110mm,unmatched_no_spec_row,,,,,sku_mentioned_but_no_parseable_spec_row
1766,9211-3005,گیج ضخامت صفحه‌ای داسکوا کد 9211-3005,unmatched_no_spec_row,,,,,sku_mentioned_but_no_parseable_spec_row
1767,9211-3010,گیج ضخامت صفحه‌ای داسکوا کد 9211-3010,unmatched_no_spec_row,,,,,sku_mentioned_but_no_parseable_spec_row
1768,9211-3015,گیج ضخامت صفحه‌ای داسکوا کد 9211-3015,unmatched_no_spec_row,,,,,sku_mentioned_but_no_parseable_spec_row
1769,9222-3110,خط کش زاویه سنج دیجیتال دو خط,unmatched_no_spec_row,,,,,sku_mentioned_but_no_parseable_spec_row
1770,9411-1205,گیج راپورتر زاویه 10پارچه — 0-1205mm,unmatched_no_spec_row,,,,,sku_mentioned_but_no_parseable_spec_row
