id,sku,name,is_active,short_description,description,meta_title,meta_description,has_short,has_long_stub,has_long_ok,has_meta_title,has_meta_description,tech_keys,tech_count
1044,1012-0010,زاویه سنج سه تکه با خط کش 12کش — 0-100mm,True,,زاویه سنج سه تکه با خط کش 12کش,,,False,True,False,False,False,بازه اندازه‌گیری,1
1045,1012-0030,زاویه سنج سه تکه با خط کش 12کش — 0-30mm,True,,زاویه سنج سه تکه با خط کش 12کش,,,False,True,False,False,False,بازه اندازه‌گیری,1
1046,1012-2005,زاویه سنج یونیورسال ساعت 2,True,,زاویه سنج یونیورسال ساعت 2,,,False,True,False,False,False,,0
1047,1012-3010,/ /1 پرگار بی ر,True,,/ /1 پرگار بی ر,,,False,True,False,False,False,,0
1048,1012-3015,/ /1 پرگار بی ر,True,,/ /1 پرگار بی ر,,,False,True,False,False,False,,0
1049,1012-3020,/ /1 پرگار بی ر,True,,/ /1 پرگار بی ر,,,False,True,False,False,False,,0
1050,1021-2005,زاویه سنج یونیورسال دیجیتال,True,,زاویه سنج یونیورسال دیجیتال,,,False,True,False,False,False,,0
1051,1022-1010,زاویه سنج نقاله ای دیجیتال — 0-1010mm,True,,زاویه سنج نقاله ای دیجیتال,,,False,True,False,False,False,بازه اندازه‌گیری|دقت,2
1052,1022-1015,زاویه سنج نقاله ای دیجیتال — 0-1015mm,True,,زاویه سنج نقاله ای دیجیتال,,,False,True,False,False,False,بازه اندازه‌گیری|دقت,2
1053,1022-4200,خط کش زاویه سنج دیجیتال دو خط,True,,خط کش زاویه سنج دیجیتال دو خط,,,False,True,False,False,False,,0
1054,1022-4300,خط کش زاویه سنج دیجیتال دو خط,True,,خط کش زاویه سنج دیجیتال دو خط,,,False,True,False,False,False,,0
1055,1030-2010,ترازوی جیت دیجیتال,True,,ترازوی جیت دیجیتال,,,False,True,False,False,False,دقت,1
1056,1030-2051,تاکومی (دورسنج) دیجیتال مکانییک — 0-500mm,True,,تاکومی (دورسنج) دیجیتال مکانییک,,,False,True,False,False,False,بازه اندازه‌گیری,1
1057,1030-2056,تاکومی (دورسنج) دیجیتال مکانییک 1,True,,تاکومی (دورسنج) دیجیتال مکانییک 1,,,False,True,False,False,False,,0
1058,1030-2061,رنیو سنج دیجیتال,True,,رنیو سنج دیجیتال,,,False,True,False,False,False,دقت,1
1059,1030-2100,تاکومی (دورسنج) دیجیتال مکانییک 1,True,,تاکومی (دورسنج) دیجیتال مکانییک 1,,,False,True,False,False,False,,0
1060,1031-2005,زاویه سنج ذره ر ر,True,,زاویه سنج ذره ر ر,,,False,True,False,False,False,,0
1061,1031-2010,زاویه سنج ذره ر ر,True,,زاویه سنج ذره ر ر,,,False,True,False,False,False,,0
1062,1041-0005,"1,1.25,1.5,1.75,2,2.5,3,3.5,4 میلیمی تا 7 شابلون رزوه اینچ و — 0-50mm",True,,"1,1.25,1.5,1.75,2,2.5,3,3.5,4 میلیمی تا 7 شابلون رزوه اینچ و",,,False,False,True,False,False,بازه اندازه‌گیری,1
1063,1041-0007,"1,1.25,1.5,1.75,2,2.5,3,3.5,4 میلیمی تا 7 شابلون رزوه اینچ و — 0-70mm",True,,"1,1.25,1.5,1.75,2,2.5,3,3.5,4 میلیمی تا 7 شابلون رزوه اینچ و",,,False,False,True,False,False,بازه اندازه‌گیری,1
1064,1041-2205,شابلون رنده پیچ بری 60درجه,True,,شابلون رنده پیچ بری 60درجه,,,False,True,False,False,False,,0
1065,1041-2215,شابلون رنده پیچ بری 60درجه,True,,شابلون رنده پیچ بری 60درجه,,,False,True,False,False,False,,0
1066,1051-0005,گپ سنج مخروط (گیج داخل مخروط) — 0-50mm,True,,گپ سنج مخروط (گیج داخل مخروط),,,False,True,False,False,False,بازه اندازه‌گیری|دقت,2
1067,1051-0008,گپ سنج مخروط (گیج داخل مخروط) — 0-80mm,True,,گپ سنج مخروط (گیج داخل مخروط),,,False,True,False,False,False,بازه اندازه‌گیری|دقت,2
1068,1051-0302,پرگار معمویل — 0-200mm/0-8,True,,پرگار معمویل,,,False,True,False,False,False,بازه اندازه‌گیری,1
1069,1051-0304,پرگار معمویل — 0-300mm,True,,پرگار معمویل,,,False,True,False,False,False,بازه اندازه‌گیری,1
1070,1051-2010,گپ سنج مخروط (گیج داخل مخروط),True,,گپ سنج مخروط (گیج داخل مخروط),,,False,True,False,False,False,دقت,1
1071,1120-3113,کولیس ورنیه تیپ مونو بالک — 0-70mm/0-3,True,,کولیس ورنیه تیپ مونو بالک,,,False,True,False,False,False,بازه اندازه‌گیری|دقت,2
1072,1122-9001,سختی‌سنج شور داسکوا کد 1122-9001,True,,"1,336,200,000 ی ي سنج شور A,B,E,O,OO",,,False,True,False,False,False,دقت,1
1073,1305-0002,کولیس ورنیه دو فک بلند — 0-500mm,True,,کولیس ورنیه دو فک بلند,,,False,True,False,False,False,بازه اندازه‌گیری|دقت,2
1074,1305-0003,کولیس ورنیه دو فک بلند — 0-600mm,True,,کولیس ورنیه دو فک بلند,,,False,True,False,False,False,بازه اندازه‌گیری|دقت,2
1075,1305-0010,کولیس مونوبالک ورنیه فک بلند با — 0-500mm/0-20,True,,کولیس مونوبالک ورنیه فک بلند با,,,False,True,False,False,False,بازه اندازه‌گیری|دقت,2
1076,1305-0025,36/5- کولیس مونوبالک ورنیه فک بلند با — 0-300mm/0-12,True,,36/5- کولیس مونوبالک ورنیه فک بلند با,,,False,True,False,False,False,بازه اندازه‌گیری|دقت,2
1077,1310-0004,کولیس مونو بالک ورنیه فک بلند — 0-200mm/0-8,True,,کولیس مونو بالک ورنیه فک بلند,,,False,True,False,False,False,بازه اندازه‌گیری|دقت,2
1078,1310-0005,کولیس مونو بالک ورنیه فک بلند — 0-500mm/0-20,True,,کولیس مونو بالک ورنیه فک بلند,,,False,True,False,False,False,بازه اندازه‌گیری|دقت,2
1079,1310-0006,کولیس مونو بالک ورنیه فک بلند — 0-500mm/0-20,True,,کولیس مونو بالک ورنیه فک بلند,,,False,True,False,False,False,بازه اندازه‌گیری|دقت,2
1080,1310-0007,کولیس مونو بالک ورنیه فک بلند — 0-500mm/0-20,True,,کولیس مونو بالک ورنیه فک بلند,,,False,True,False,False,False,بازه اندازه‌گیری|دقت,2
1081,1310-0008,کولیس مونو بالک ورنیه فک بلند — 0-500mm/0-20,True,,کولیس مونو بالک ورنیه فک بلند,,,False,True,False,False,False,بازه اندازه‌گیری|دقت,2
1082,1310-0009,کولیس مونو بالک ورنیه فک بلند — 0-500mm/0-20,True,,کولیس مونو بالک ورنیه فک بلند,,,False,True,False,False,False,بازه اندازه‌گیری|دقت,2
1083,1310-0010,کولیس مونو بالک ورنیه فک بلند — 0-600mm/0-24,True,,کولیس مونو بالک ورنیه فک بلند,,,False,True,False,False,False,بازه اندازه‌گیری|دقت,2
1084,1310-0011,کولیس مونو بالک ورنیه فک بلند — 0-600mm/0-24,True,,کولیس مونو بالک ورنیه فک بلند,,,False,True,False,False,False,بازه اندازه‌گیری|دقت,2
1085,1310-0012,کولیس مونو بالک ورنیه فک بلند — 0-600mm/0-24,True,,کولیس مونو بالک ورنیه فک بلند,,,False,True,False,False,False,بازه اندازه‌گیری|دقت,2
1086,1310-0015,کولیس مونو بالک ورنیه فک بلند — 0-1000mm/0-40,True,,کولیس مونو بالک ورنیه فک بلند,,,False,True,False,False,False,بازه اندازه‌گیری|دقت,2
1087,1310-0016,کولیس مونو بالک ورنیه فک بلند — 0-1000mm/0-40,True,,کولیس مونو بالک ورنیه فک بلند,,,False,True,False,False,False,بازه اندازه‌گیری|دقت,2
1088,1310-0017,کولیس مونو بالک ورنیه فک بلند — 0-1000mm/0-40,True,,کولیس مونو بالک ورنیه فک بلند,,,False,True,False,False,False,بازه اندازه‌گیری|دقت,2
1089,1310-0021,کولیس مونو بالک ورنیه فک بلند — 0-1500mm/0-60,True,,کولیس مونو بالک ورنیه فک بلند,,,False,True,False,False,False,بازه اندازه‌گیری|دقت,2
1090,1310-0025,کولیس مونو بالک ورنیه فک بلند — 0-2000mm/0-80,True,,کولیس مونو بالک ورنیه فک بلند,,,False,True,False,False,False,بازه اندازه‌گیری|دقت,2
1091,1310-0030,کولیس مونو بالک ورنیه فک بلند — 0-300mm/0-12,True,,کولیس مونو بالک ورنیه فک بلند,,,False,True,False,False,False,بازه اندازه‌گیری|دقت,2
1092,1310-0031,کولیس مونو بالک ورنیه فک بلند — 0-300mm/0-12,True,,کولیس مونو بالک ورنیه فک بلند,,,False,True,False,False,False,بازه اندازه‌گیری|دقت,2
1093,1310-0041,کولیس مونو بالک ورنیه فک بلند — 0-600mm/0-24,True,,کولیس مونو بالک ورنیه فک بلند,,,False,True,False,False,False,بازه اندازه‌گیری|دقت,2
1094,1310-0042,کولیس مونو بالک ورنیه فک بلند — 0-600mm/0-24,True,,کولیس مونو بالک ورنیه فک بلند,,,False,True,False,False,False,بازه اندازه‌گیری|دقت,2
1095,1310-0043,کولیس مونو بالک ورنیه فک بلند — 0-800mm/0-32,True,,کولیس مونو بالک ورنیه فک بلند,,,False,True,False,False,False,بازه اندازه‌گیری|دقت,2
1096,1310-0044,کولیس مونو بالک ورنیه فک بلند — 0-800mm/0-32,True,,کولیس مونو بالک ورنیه فک بلند,,,False,True,False,False,False,بازه اندازه‌گیری|دقت,2
1097,1310-0055,کولیس مونو بالک ورنیه فک بلند — 0-1500mm/0-60,True,,کولیس مونو بالک ورنیه فک بلند,,,False,True,False,False,False,بازه اندازه‌گیری|دقت,2
1098,1310-0060,کولیس مونو بالک ورنیه فک بلند — 0-1000mm/0-40,True,,کولیس مونو بالک ورنیه فک بلند,,,False,True,False,False,False,بازه اندازه‌گیری|دقت,2
1099,1310-0090,کولیس مونو بالک ورنیه فک بلند — 0-800mm/0-32,True,,کولیس مونو بالک ورنیه فک بلند,,,False,True,False,False,False,بازه اندازه‌گیری|دقت,2
1100,1310-0095,کولیس مونو بالک ورنیه فک بلند — 0-800mm/0-32,True,,کولیس مونو بالک ورنیه فک بلند,,,False,True,False,False,False,بازه اندازه‌گیری|دقت,2
1101,1310-0100,کولیس مونو بالک ورنیه فک بلند — 0-1000mm/0-40,True,,کولیس مونو بالک ورنیه فک بلند,,,False,True,False,False,False,بازه اندازه‌گیری|دقت,2
1102,1331-2115,ساعت ( SHOCK PROOFضد رضبه) — 0-150mm,True,,ساعت ( SHOCK PROOFضد رضبه),,,False,True,False,False,False,بازه اندازه‌گیری|دقت,2
1103,1331-2120,ساعت کولیس 1 — 0-200mm,True,,ساعت کولیس 1,,,False,True,False,False,False,بازه اندازه‌گیری|دقت,2
1104,1331-2130,کولیس ساعت 2 — 0-300mm,True,,کولیس ساعت 2,,,False,True,False,False,False,بازه اندازه‌گیری|دقت,2
1105,1350-5005,ساعت کولیس 3 — 0-150mm,True,,ساعت کولیس 3,,,False,True,False,False,False,بازه اندازه‌گیری|دقت,2
1106,1350-5010,کولیس ساعت 4 — 0-200mm,True,,کولیس ساعت 4,,,False,True,False,False,False,بازه اندازه‌گیری|دقت,2
1107,1350-5015,ساعت کولیس 5 — 0-300mm,True,,ساعت کولیس 5,,,False,True,False,False,False,بازه اندازه‌گیری|دقت,2
1108,1351-0005,شابلون شعاع سنج — 0-50mm,True,,شابلون شعاع سنج,,,False,True,False,False,False,بازه اندازه‌گیری,1
1109,1351-0010,شابلون شعاع سنج — 0-100mm,True,,شابلون شعاع سنج,,,False,True,False,False,False,بازه اندازه‌گیری,1
1110,1351-0015,شابلون شعاع سنج — 0-150mm,True,,شابلون شعاع سنج,,,False,True,False,False,False,بازه اندازه‌گیری,1
1111,1352-2010,شابلون شعاع سنج,True,,شابلون شعاع سنج,,,False,True,False,False,False,دقت,1
1112,1380-3004,کولیس ورنیه تیپ مونو بالک — 0-100mm/0-4,True,,کولیس ورنیه تیپ مونو بالک,,,False,True,False,False,False,بازه اندازه‌گیری|دقت,2
1113,1380-3005,کولیس ورنیه تیپ مونو بالک — 0-150mm/0-6,True,,کولیس ورنیه تیپ مونو بالک,,,False,True,False,False,False,بازه اندازه‌گیری|دقت,2
1114,1380-3010,کولیس ورنیه تیپ مونو بالک — 0-200mm/0-8,True,,کولیس ورنیه تیپ مونو بالک,,,False,True,False,False,False,بازه اندازه‌گیری|دقت,2
1115,1380-3015,کولیس ورنیه تیپ مونو بالک — 0-300mm/0-12,True,,کولیس ورنیه تیپ مونو بالک,,,False,True,False,False,False,بازه اندازه‌گیری|دقت,2
1116,1500-1052,"1,1.25,1.5,1.75,2,2.5,3,3.5,4 میلیمی تا 7 شابلون رزوه اینچ و — 0-1052mm",True,,"1,1.25,1.5,1.75,2,2.5,3,3.5,4 میلیمی تا 7 شابلون رزوه اینچ و",,,False,False,True,False,False,بازه اندازه‌گیری,1
1117,1704-0005,ضخامت سنج الکی — 0-50mm,True,,ضخامت سنج الکی,,,False,True,False,False,False,بازه اندازه‌گیری|دقت,2
1118,1732-0035,ساعت مرکزیاب 1 — 0-35mm,True,,ساعت مرکزیاب 1,,,False,True,False,False,False,بازه اندازه‌گیری,1
1119,1801-1005,رفرنس یاب محور ( Zزد زیرو) دیجیتال IP65ضد آب — 0-1005mm,True,,رفرنس یاب محور ( Zزد زیرو) دیجیتال IP65ضد آب,,,False,False,True,False,False,بازه اندازه‌گیری|دقت,2
1120,1801-2005,زاویه سنج نقاله ای دیجیتال — 20 سانت,True,,زاویه سنج نقاله ای دیجیتال,,,False,True,False,False,False,دقت,1
1121,1803-2110,ساعت مرکزیاب داسکوا کد 1803-2110,True,,ساعت مرکزیاب 1,,,False,True,False,False,False,دقت,1
1122,1803-4111,ساعت مرکزیاب داسکوا کد 1803-4111,True,,ساعت مرکزیاب 1,,,False,True,False,False,False,دقت,1
1123,1803-4112,ساعت مرکزیاب داسکوا کد 1803-4112,True,,ساعت مرکزیاب 1,,,False,True,False,False,False,دقت,1
1124,1803-4113,ساعت مرکزیاب داسکوا کد 1803-4113,True,,ساعت مرکزیاب 1,,,False,True,False,False,False,دقت,1
1125,1803-4114,ساعت مرکزیاب داسکوا کد 1803-4114,True,,ساعت مرکزیاب 1,,,False,True,False,False,False,دقت,1
1126,1803-4115,ساعت مرکزیاب داسکوا کد 1803-4115,True,,ساعت مرکزیاب 1,,,False,True,False,False,False,دقت,1
1127,1803-4116,ساعت مرکزیاب داسکوا کد 1803-4116,True,,ساعت مرکزیاب 1,,,False,True,False,False,False,دقت,1
1128,1803-4117,ساعت مرکزیاب داسکوا کد 1803-4117,True,,ساعت مرکزیاب 1,,,False,True,False,False,False,دقت,1
1129,1803-4118,ساعت مرکزیاب داسکوا کد 1803-4118,True,,ساعت مرکزیاب 1,,,False,True,False,False,False,دقت,1
1130,1803-4119,ساعت مرکزیاب داسکوا کد 1803-4119,True,,ساعت مرکزیاب 1,,,False,True,False,False,False,دقت,1
1131,1803-4120,ساعت مرکزیاب داسکوا کد 1803-4120,True,,ساعت مرکزیاب 1,,,False,True,False,False,False,دقت,1
1132,1803-4121,ساعت مرکزیاب داسکوا کد 1803-4121,True,,ساعت مرکزیاب 1,,,False,True,False,False,False,دقت,1
1133,1803-4122,ساعت مرکزیاب داسکوا کد 1803-4122,True,,ساعت مرکزیاب 1,,,False,True,False,False,False,دقت,1
1134,1803-4123,ساعت مرکزیاب داسکوا کد 1803-4123,True,,ساعت مرکزیاب 1,,,False,True,False,False,False,دقت,1
1135,1803-4124,ساعت مرکزیاب داسکوا کد 1803-4124,True,,ساعت مرکزیاب 1,,,False,True,False,False,False,دقت,1
1136,1803-4125,ساعت مرکزیاب داسکوا کد 1803-4125,True,,ساعت مرکزیاب 1,,,False,True,False,False,False,دقت,1
1137,1803-4126,ساعت مرکزیاب داسکوا کد 1803-4126,True,,ساعت مرکزیاب 1,,,False,True,False,False,False,دقت,1
1138,1803-4127,ساعت مرکزیاب داسکوا کد 1803-4127,True,,ساعت مرکزیاب 1,,,False,True,False,False,False,دقت,1
1139,1803-4128,ساعت مرکزیاب داسکوا کد 1803-4128,True,,ساعت مرکزیاب 1,,,False,True,False,False,False,دقت,1
1140,1803-4129,ساعت مرکزیاب داسکوا کد 1803-4129,True,,ساعت مرکزیاب 1,,,False,True,False,False,False,دقت,1
1141,1803-4130,ساعت مرکزیاب داسکوا کد 1803-4130,True,,ساعت مرکزیاب 1,,,False,True,False,False,False,دقت,1
1142,1803-4131,ساعت مرکزیاب داسکوا کد 1803-4131,True,,ساعت مرکزیاب 1,,,False,True,False,False,False,دقت,1
1143,1803-4132,ساعت مرکزیاب داسکوا کد 1803-4132,True,,ساعت مرکزیاب 1,,,False,True,False,False,False,,0
1144,1804-0005,نقاله زاویه یاب آلومینیویم — 0-50mm,True,,نقاله زاویه یاب آلومینیویم,,,False,True,False,False,False,بازه اندازه‌گیری,1
1145,1804-1005,ی خط کش استیل 3کاره ( خط کش ؛ عمق سنج و عالمت گذاری) ی — 0-1005mm,True,,ی خط کش استیل 3کاره ( خط کش ؛ عمق سنج و عالمت گذاری) ی,,,False,False,True,False,False,بازه اندازه‌گیری,1
1146,1804-1006,نقاله زاویه سنج خر پا — 0-1006mm,True,,نقاله زاویه سنج خر پا,,,False,True,False,False,False,بازه اندازه‌گیری,1
1147,1804-1007,دیجیتالShore D — 0-1007mm,True,,دیجیتالShore D,,,False,True,False,False,False,بازه اندازه‌گیری|دقت,2
1148,1804-1010,پرگار داخل سنج دیجیتال با دسته — 0-1010mm,True,,پرگار داخل سنج دیجیتال با دسته,,,False,True,False,False,False,بازه اندازه‌گیری|دقت,2
1149,1804-1015,پرگار داخل سنج دیجیتال با دسته — 0-1015mm,True,,پرگار داخل سنج دیجیتال با دسته,,,False,True,False,False,False,بازه اندازه‌گیری|دقت,2
1150,1804-1020,/ /1 پرگار بی ر — 0-150mm/0-6,True,,/ /1 پرگار بی ر,,,False,True,False,False,False,بازه اندازه‌گیری,1
1151,1804-1025,/ /1 پرگار بی ر — 0-200mm/0-8,True,,/ /1 پرگار بی ر,,,False,True,False,False,False,بازه اندازه‌گیری,1
1152,1804-1035,ی سنج پالستیک و الستیک و ... — 0-1035mm,True,,ی سنج پالستیک و الستیک و,,,False,True,False,False,False,بازه اندازه‌گیری|دقت,2
1153,1804-1045,سخت سنج پالستیک و الستیک و ... — 0-1045mm,True,,سخت سنج پالستیک و الستیک و,,,False,True,False,False,False,بازه اندازه‌گیری|دقت,2
1154,1804-1065,کولیس دیجیتال نمایشگر بزرگ — 0-150mm/0-6,True,,کولیس دیجیتال نمایشگر بزرگ,,,False,True,False,False,False,بازه اندازه‌گیری|دقت,2
1155,1804-1070,کولیس دیجیتال نمایشگر بزرگ — 0-200mm/0-8,True,,کولیس دیجیتال نمایشگر بزرگ,,,False,True,False,False,False,بازه اندازه‌گیری|دقت,2
1156,1804-1075,کولیس دیجیتال نمایشگر بزرگ — 0-300mm/0-12,True,,کولیس دیجیتال نمایشگر بزرگ,,,False,True,False,False,False,بازه اندازه‌گیری|دقت,2
1157,1804-1090,سخت سنج پالستيك و الستيك و ...ساعتي — 0-1090mm,True,,سخت سنج پالستيك و الستيك و ...ساعتي,,,False,True,False,False,False,بازه اندازه‌گیری|دقت,2
1158,1804-1095,ی ي Shore A — 0-1095mm,True,,ی ي Shore A,,,False,True,False,False,False,بازه اندازه‌گیری,1
1159,1804-1100,ساعتي Shore C — 0-1100mm,True,,ساعتي Shore C,,,False,True,False,False,False,بازه اندازه‌گیری|دقت,2
1160,1804-1102,ی خط کش استیل 3کاره ( خط کش ؛ عمق سنج و عالمت گذاری) ی — 0-1102mm,True,,ی خط کش استیل 3کاره ( خط کش ؛ عمق سنج و عالمت گذاری) ی,,,False,False,True,False,False,بازه اندازه‌گیری,1
1161,1804-1103,نقاله زاویه سنج خر پا — 0-1103mm,True,,نقاله زاویه سنج خر پا,,,False,True,False,False,False,بازه اندازه‌گیری,1
1162,1804-1104,نقاله زاویه سنج خر پا — 0-1104mm,True,,نقاله زاویه سنج خر پا,,,False,True,False,False,False,بازه اندازه‌گیری,1
1163,1804-1106,خط کش زاویه سنج 90درجه — 0-1106mm,True,,خط کش زاویه سنج 90درجه,,,False,True,False,False,False,بازه اندازه‌گیری,1
1164,1804-1107,خط کش زاویه سنج 45درجه و 90 — 0-1107mm,True,,خط کش زاویه سنج 45درجه و 90,,,False,True,False,False,False,بازه اندازه‌گیری,1
1165,1804-1115,رنیو سنج دیجیتال — 0-1115mm,True,,رنیو سنج دیجیتال,,,False,True,False,False,False,بازه اندازه‌گیری|دقت,2
1166,1804-1120,رنیو سنج دیجیتال — 0-1120mm,True,,رنیو سنج دیجیتال,,,False,True,False,False,False,بازه اندازه‌گیری|دقت,2
1167,1804-1125,رنیو سنج دیجیتال — 0-1125mm,True,,رنیو سنج دیجیتال,,,False,True,False,False,False,بازه اندازه‌گیری,1
1168,1804-1130,ساعت رنیوسنج — 0-1130mm,True,,ساعت رنیوسنج,,,False,True,False,False,False,بازه اندازه‌گیری|دقت,2
1169,1804-1131,ساعت رنیوسنج — 0-1131mm,True,,ساعت رنیوسنج,,,False,True,False,False,False,بازه اندازه‌گیری|دقت,2
1170,1804-1132,ساعت رنیوسنج — 0-1132mm,True,,ساعت رنیوسنج,,,False,True,False,False,False,بازه اندازه‌گیری,1
1171,1804-1133,ساعت رنیوسنج — 0-1133mm,True,,ساعت رنیوسنج,,,False,True,False,False,False,بازه اندازه‌گیری|دقت,2
1172,1804-1165,رنیو سنج دیجیتال — 0-1165mm,True,,رنیو سنج دیجیتال,,,False,True,False,False,False,بازه اندازه‌گیری|دقت,2
1173,1804-1170,رنیو سنج دیجیتال — 0-1170mm,True,,رنیو سنج دیجیتال,,,False,True,False,False,False,بازه اندازه‌گیری|دقت,2
1174,1804-1175,رنیو سنج دیجیتال — 0-1175mm,True,,رنیو سنج دیجیتال,,,False,True,False,False,False,بازه اندازه‌گیری|دقت,2
1175,1804-1215,کولیس ورنیه آلومینیوم (مناسب کارهای آهنگری و نجاری و )... — 0-610mm/24,True,,کولیس ورنیه آلومینیوم (مناسب کارهای آهنگری و نجاری و ),,,False,False,True,False,False,بازه اندازه‌گیری,1
1176,1804-1405,گیج مرکزیاب — 0-1405mm,True,,گیج مرکزیاب,,,False,True,False,False,False,بازه اندازه‌گیری,1
1177,1804-1710,گیج مرکزیاب — 0-1710mm,True,,گیج مرکزیاب,,,False,True,False,False,False,بازه اندازه‌گیری,1
1178,1804-2005,ضخامت سنج رنگ دیجیتال,True,,ضخامت سنج رنگ دیجیتال,,,False,True,False,False,False,دقت,1
1179,1804-2010,ضخامت سنج رنگ دیجیتال,True,,ضخامت سنج رنگ دیجیتال,,,False,True,False,False,False,دقت,1
1180,1804-2015,ضخامت‌سنج پوشش داسکوا کد 1804-2015,True,,ضخامت سنج الکی,,,False,True,False,False,False,دقت,1
1181,1804-2405,محدوده سوزن محدوه اندازه,True,,محدوده سوزن محدوه اندازه,,,False,True,False,False,False,,0
1182,1804-4613,ی سنج پالستیک و الستیک و ...دیجیتال,True,,ی سنج پالستیک و الستیک و ...دیجیتال,,,False,True,False,False,False,,0
1183,1804-5111,شابلون شعاع گوشه,True,,شابلون شعاع گوشه,,,False,True,False,False,False,,0
1184,1804-5116,شابلون شعاع گوشه,True,,شابلون شعاع گوشه,,,False,True,False,False,False,,0
1185,1804-5221,شابلون شعاع گوشه,True,,شابلون شعاع گوشه,,,False,True,False,False,False,,0
1186,1804-5223,شابلون شعاع گوشه,True,,شابلون شعاع گوشه,,,False,True,False,False,False,,0
1187,1804-5331,گونیا تنظیم زاویه متغیی,True,,گونیا تنظیم زاویه متغیی,,,False,True,False,False,False,,0
1188,1804-5336,گونیا تنظیم زاویه متغیی,True,,گونیا تنظیم زاویه متغیی,,,False,True,False,False,False,,0
1189,1804-5341,گونیا تنظیم زاویه متغیی,True,,گونیا تنظیم زاویه متغیی,,,False,True,False,False,False,,0
1190,1804-5441,گونیا تنظیم زاویه متغیی,True,,گونیا تنظیم زاویه متغیی,,,False,True,False,False,False,,0
1191,1804-5771,گونیا تنظیم زاویه متغیی,True,,گونیا تنظیم زاویه متغیی,,,False,True,False,False,False,دقت,1
1192,1804-5773,گونیا تنظیم زاویه متغیی,True,,گونیا تنظیم زاویه متغیی,,,False,True,False,False,False,دقت,1
1193,1804-5774,گونیا تنظیم زاویه متغیی,True,,گونیا تنظیم زاویه متغیی,,,False,True,False,False,False,,0
1194,1804-5779,گونیا تنظیم زاویه متغیی,True,,گونیا تنظیم زاویه متغیی,,,False,True,False,False,False,دقت,1
1195,1804-5881,گونیا تنظیم زاویه متغیی,True,,گونیا تنظیم زاویه متغیی,,,False,True,False,False,False,,0
1196,1804-5991,گونیا تنظیم زاویه متغیی,True,,گونیا تنظیم زاویه متغیی,,,False,True,False,False,False,,0
1197,1804-6111,شابلون شعاع گوشه,True,,شابلون شعاع گوشه,,,False,True,False,False,False,,0
1198,1804-6221,گونیا تنظیم زاویه متغیی,True,,گونیا تنظیم زاویه متغیی,,,False,True,False,False,False,دقت,1
1199,1804-6302,زبری سنج دیجیتال پرتابل,True,,زبری سنج دیجیتال پرتابل,,,False,True,False,False,False,,0
1200,1804-6310,بلوک زبری سنج,True,,بلوک زبری سنج,,,False,True,False,False,False,,0
1201,1804-6331,گونیا تنظیم زاویه متغیی,True,,گونیا تنظیم زاویه متغیی,,,False,True,False,False,False,,0
1202,1804-6663,ست ساعت تراز تیغه با 2رابط بلند,True,,ست ساعت تراز تیغه با 2رابط بلند,,,False,True,False,False,False,,0
1203,1804-6771,برای برش تیک/میی؛.3ظرفیت :S/Mداده زاویه؛.2حالت اندازه ر,True,,برای برش تیک/میی؛.3ظرفیت :S/Mداده زاویه؛.2حالت اندازه ر,,,False,True,False,False,False,,0
1204,1804-6881,برای برش تیک/میی؛.3ظرفیت :S/Mداده زاویه؛.2حالت اندازه ر,True,,برای برش تیک/میی؛.3ظرفیت :S/Mداده زاویه؛.2حالت اندازه ر,,,False,True,False,False,False,,0
1205,1804-6882,برای برش تیک/میی؛.3ظرفیت :S/Mداده زاویه؛.2حالت اندازه ر,True,,برای برش تیک/میی؛.3ظرفیت :S/Mداده زاویه؛.2حالت اندازه ر,,,False,True,False,False,False,,0
1206,1804-6991,برای برش تیک/میی؛.3ظرفیت :S/Mداده زاویه؛.2حالت اندازه ر,True,,برای برش تیک/میی؛.3ظرفیت :S/Mداده زاویه؛.2حالت اندازه ر,,,False,True,False,False,False,,0
1207,1804-6993,برای برش تیک/میی؛.3ظرفیت :S/Mداده زاویه؛.2حالت اندازه ر,True,,برای برش تیک/میی؛.3ظرفیت :S/Mداده زاویه؛.2حالت اندازه ر,,,False,True,False,False,False,,0
1208,1804-6996,برای برش تیک/میی؛.3ظرفیت :S/Mداده زاویه؛.2حالت اندازه ر,True,,برای برش تیک/میی؛.3ظرفیت :S/Mداده زاویه؛.2حالت اندازه ر,,,False,True,False,False,False,,0
1209,1804-7013,میکروسکوپ اندازه گی,True,,میکروسکوپ اندازه گی,,,False,True,False,False,False,دقت,1
1210,1804-7111,صفحه رفرنس زاویه,True,,صفحه رفرنس زاویه,,,False,True,False,False,False,,0
1211,2000-2005,کولیس دیجیتال 2چیپ خروج — 0-150mm/0-6,True,,کولیس دیجیتال 2چیپ خروج,,,False,True,False,False,False,بازه اندازه‌گیری,1
1212,2000-2010,کولیس دیجیتال 2چیپ خروج 1 — 0-200mm/0-8,True,,کولیس دیجیتال 2چیپ خروج 1,,,False,True,False,False,False,بازه اندازه‌گیری,1
1213,2000-2015,کولیس دیجیتال 2چیپ خروج 2 — 0-300mm/0-12,True,,کولیس دیجیتال 2چیپ خروج 2,,,False,True,False,False,False,بازه اندازه‌گیری,1
1214,2001-2005,کولیس عمق سنج دیجیتال — 0-150mm/0-6,True,,کولیس عمق سنج دیجیتال,,,False,True,False,False,False,بازه اندازه‌گیری|دقت,2
1215,2001-2010,سوزن (گرد) ( IP67 2 — 0-200mm/0-8,True,,سوزن (گرد) ( IP67 2,,,False,True,False,False,False,بازه اندازه‌گیری|دقت,2
1216,2001-2015,سوزن (گرد) ( IP67 2 — 0-300mm/0-12,True,,سوزن (گرد) ( IP67 2,,,False,True,False,False,False,بازه اندازه‌گیری|دقت,2
1217,2015-1005,کولیس دیجیتال IP67ضد آب و — 0-150mm,True,,کولیس دیجیتال IP67ضد آب و,,,False,True,False,False,False,بازه اندازه‌گیری,1
1218,2015-2405,کولیس دیجیتال IP67ضد آب و — 0-150mm/0-6,True,,کولیس دیجیتال IP67ضد آب و,,,False,True,False,False,False,بازه اندازه‌گیری,1
1219,2015-2410,/ کولیس دیجیتال IP67ضد آب و — 0-200mm/0-8,True,,/ کولیس دیجیتال IP67ضد آب و,,,False,True,False,False,False,بازه اندازه‌گیری,1
1220,2015-2415,/ کولیس دیجیتال IP67ضد آب و — 0-300mm/0-12,True,,/ کولیس دیجیتال IP67ضد آب و,,,False,True,False,False,False,بازه اندازه‌گیری,1
1221,2020-1005,کولیس دیجیتال IP67ضد آب و — 0-150mm,True,,کولیس دیجیتال IP67ضد آب و,,,False,True,False,False,False,بازه اندازه‌گیری,1
1222,2035-0006,کولیس پالستییک ساخته شده از فایی — 0-150mm/0-6,True,,کولیس پالستییک ساخته شده از فایی,,,False,True,False,False,False,بازه اندازه‌گیری,1
1223,2065-1105,کولیس شیار خارج سنج دیجیتال — 0-150mm,True,,کولیس شیار خارج سنج دیجیتال,,,False,True,False,False,False,بازه اندازه‌گیری|دقت,2
1224,2065-1110,کولیس شیار خارج سنج دیجیتال — 0-200mm,True,,کولیس شیار خارج سنج دیجیتال,,,False,True,False,False,False,بازه اندازه‌گیری|دقت,2
1225,2065-1115,کولیس شیار خارج سنج دیجیتال — 0-300mm,True,,کولیس شیار خارج سنج دیجیتال,,,False,True,False,False,False,بازه اندازه‌گیری|دقت,2
1226,2070-1105,کولیس اندازه گی — 0-150mm/ -6,True,,کولیس اندازه گی,,,False,True,False,False,False,بازه اندازه‌گیری|دقت,2
1227,2070-1110,کولیس اندازه گی — 0-1110mm,True,,کولیس اندازه گی,,,False,True,False,False,False,بازه اندازه‌گیری|دقت,2
1228,2070-1115,کولیس اندازه گی — 0-1115mm,True,,کولیس اندازه گی,,,False,True,False,False,False,بازه اندازه‌گیری|دقت,2
1229,2100-1015,کولیس دیجیتال فک متحرک — 0-150mm,True,,کولیس دیجیتال فک متحرک,,,False,True,False,False,False,بازه اندازه‌گیری|دقت,2
1230,2100-1115,کولیس اندازه گی — 0-1115mm,True,,کولیس اندازه گی,,,False,True,False,False,False,بازه اندازه‌گیری|دقت,2
1231,2100-1120,کولیس اندازه گی — 0-1120mm,True,,کولیس اندازه گی,,,False,True,False,False,False,بازه اندازه‌گیری|دقت,2
1232,2100-1130,کولیس اندازه گی — 0-300mm/1/18-12,True,,کولیس اندازه گی,,,False,True,False,False,False,بازه اندازه‌گیری|دقت,2
1233,2110-8105,کولیس های متفرقه که تکرار نیم شوند — 0-150mm,True,,کولیس های متفرقه که تکرار نیم شوند,,,False,True,False,False,False,بازه اندازه‌گیری|دقت,2
1234,2115-2305,کولیس های متفرقه که تکرار نیم شوند — 0-150mm,True,,کولیس های متفرقه که تکرار نیم شوند,,,False,True,False,False,False,بازه اندازه‌گیری|دقت,2
1235,2117-9105,کولیس دیجیتال متال صفحه نمایشگر — 0-150mm/0-6,True,,کولیس دیجیتال متال صفحه نمایشگر,,,False,True,False,False,False,بازه اندازه‌گیری|دقت,2
1236,2117-9110,کولیس دیجیتال متال صفحه نمایشگر — 0-200mm/0-8,True,,کولیس دیجیتال متال صفحه نمایشگر,,,False,True,False,False,False,بازه اندازه‌گیری|دقت,2
1237,2117-9115,کولیس دیجیتال متال صفحه نمایشگر — 0-300mm/0-12,True,,کولیس دیجیتال متال صفحه نمایشگر,,,False,True,False,False,False,بازه اندازه‌گیری|دقت,2
1238,2140-8101,کولیس ورنیه تیپ مونو بالک — 0-31/5,True,,کولیس ورنیه تیپ مونو بالک,,,False,True,False,False,False,بازه اندازه‌گیری|دقت,2
1239,2140-8105,ضخامت سنج دیجیتال برای ضخامت — 0-25mm/0-1,True,,ضخامت سنج دیجیتال برای ضخامت,,,False,True,False,False,False,بازه اندازه‌گیری|دقت,2
1240,2210-8106,کولیس دیجیتال ابسلوت ضد آب — 0-150mm,True,,کولیس دیجیتال ابسلوت ضد آب,,,False,True,False,False,False,بازه اندازه‌گیری|دقت,2
1241,2220-3570,کولیس دیجیتال فک بلند استنلس استیل IP54خروج — 0-1500mm/0-60,True,,کولیس دیجیتال فک بلند استنلس استیل IP54خروج,,,False,False,True,False,False,بازه اندازه‌گیری|دقت,2
1242,2220-8103,کولیس اندازه گی — 0-500mm/4-20,True,,کولیس اندازه گی,,,False,True,False,False,False,بازه اندازه‌گیری|دقت,2
1243,2220-8104,کولیس دیجیتال فک بلند استنلس استیل IP54خروج — 0-200mm/0-8,True,,کولیس دیجیتال فک بلند استنلس استیل IP54خروج,,,False,False,True,False,False,بازه اندازه‌گیری|دقت,2
1244,2220-8105,کولیس دیجیتال فک بلند استنلس استیل IP54خروج — 0-300mm/0-12,True,,کولیس دیجیتال فک بلند استنلس استیل IP54خروج,,,False,False,True,False,False,بازه اندازه‌گیری|دقت,2
1245,2220-8110,کولیس دیجیتال فک بلند استنلس استیل IP54خروج — 0-500mm/0-20,True,,کولیس دیجیتال فک بلند استنلس استیل IP54خروج,,,False,False,True,False,False,بازه اندازه‌گیری|دقت,2
1246,2220-8115,کولیس دیجیتال فک بلند استنلس استیل IP54خروج — 0-1000mm/0-40,True,,کولیس دیجیتال فک بلند استنلس استیل IP54خروج,,,False,False,True,False,False,بازه اندازه‌گیری|دقت,2
1247,2220-8117,کولیس دیجیتال فک بلند استنلس استیل IP54خروج — 0-500mm/0-20,True,,کولیس دیجیتال فک بلند استنلس استیل IP54خروج,,,False,False,True,False,False,بازه اندازه‌گیری|دقت,2
1248,2220-8130,کولیس دیجیتال فک بلند استنلس استیل IP54خروج — 0-1000mm/0-40,True,,کولیس دیجیتال فک بلند استنلس استیل IP54خروج,,,False,False,True,False,False,بازه اندازه‌گیری|دقت,2
1249,2220-8135,کولیس دیجیتال فک بلند استنلس استیل IP54خروج — 0-1000mm/0-40,True,,کولیس دیجیتال فک بلند استنلس استیل IP54خروج,,,False,False,True,False,False,بازه اندازه‌گیری|دقت,2
1250,2220-8150,کولیس دیجیتال فک بلند استنلس استیل IP54خروج — 0-600mm/0-24,True,,کولیس دیجیتال فک بلند استنلس استیل IP54خروج,,,False,False,True,False,False,بازه اندازه‌گیری|دقت,2
1251,2220-8155,کولیس دیجیتال فک بلند استنلس استیل IP54خروج — 0-800mm/0-32,True,,کولیس دیجیتال فک بلند استنلس استیل IP54خروج,,,False,False,True,False,False,بازه اندازه‌گیری|دقت,2
1252,2220-8170,کولیس دیجیتال فک بلند استنلس استیل IP54خروج — 0-300mm/0-12,True,,کولیس دیجیتال فک بلند استنلس استیل IP54خروج,,,False,False,True,False,False,بازه اندازه‌گیری|دقت,2
1253,2220-8175,کولیس دیجیتال فک بلند استنلس استیل IP54خروج — 0-500mm/0-20,True,,کولیس دیجیتال فک بلند استنلس استیل IP54خروج,,,False,False,True,False,False,بازه اندازه‌گیری|دقت,2
1254,2220-8180,کولیس دیجیتال فک بلند استنلس استیل IP54خروج — 0-500mm/0-20,True,,کولیس دیجیتال فک بلند استنلس استیل IP54خروج,,,False,False,True,False,False,بازه اندازه‌گیری|دقت,2
1255,2220-8185,کولیس دیجیتال فک بلند استنلس استیل IP54خروج — 0-500mm/0-20,True,,کولیس دیجیتال فک بلند استنلس استیل IP54خروج,,,False,False,True,False,False,بازه اندازه‌گیری|دقت,2
1256,2220-8190,کولیس دیجیتال فک بلند استنلس استیل IP54خروج — 0-600mm/0-24,True,,کولیس دیجیتال فک بلند استنلس استیل IP54خروج,,,False,False,True,False,False,بازه اندازه‌گیری|دقت,2
1257,2220-8200,کولیس دیجیتال فک بلند استنلس استیل IP54خروج — 0-600mm/0-24,True,,کولیس دیجیتال فک بلند استنلس استیل IP54خروج,,,False,False,True,False,False,بازه اندازه‌گیری|دقت,2
1258,2220-8205,کولیس دیجیتال فک بلند استنلس استیل IP54خروج — 0-600mm/0-24,True,,کولیس دیجیتال فک بلند استنلس استیل IP54خروج,,,False,False,True,False,False,بازه اندازه‌گیری|دقت,2
1259,2220-8210,کولیس دیجیتال فک بلند استنلس استیل IP54خروج — 0-600mm/0-24,True,,کولیس دیجیتال فک بلند استنلس استیل IP54خروج,,,False,False,True,False,False,بازه اندازه‌گیری|دقت,2
1260,2220-8215,کولیس دیجیتال فک بلند استنلس استیل IP54خروج — 0-800mm/0-32,True,,کولیس دیجیتال فک بلند استنلس استیل IP54خروج,,,False,False,True,False,False,بازه اندازه‌گیری|دقت,2
1261,2220-8220,کولیس دیجیتال فک بلند استنلس استیل IP54خروج — 0-800mm/0-32,True,,کولیس دیجیتال فک بلند استنلس استیل IP54خروج,,,False,False,True,False,False,بازه اندازه‌گیری|دقت,2
1262,2220-8225,کولیس دیجیتال فک بلند استنلس استیل IP54خروج — 0-1000mm/0-40,True,,کولیس دیجیتال فک بلند استنلس استیل IP54خروج,,,False,False,True,False,False,بازه اندازه‌گیری|دقت,2
1263,2220-8230,کولیس دیجیتال فک بلند استنلس استیل IP54خروج — 0-1000mm/0-40,True,,کولیس دیجیتال فک بلند استنلس استیل IP54خروج,,,False,False,True,False,False,بازه اندازه‌گیری|دقت,2
1264,2240-0025,کولیس اندازه گی — 0-25mm,True,,کولیس اندازه گی,,,False,True,False,False,False,بازه اندازه‌گیری|دقت,2
1265,2240-0026,کولیس اندازه گی — 0-200mm/ -8,True,,کولیس اندازه گی,,,False,True,False,False,False,بازه اندازه‌گیری|دقت,2
1266,2240-0027,کولیس اندازه گی — 0-300mm/ -12,True,,کولیس اندازه گی,,,False,True,False,False,False,بازه اندازه‌گیری|دقت,2
1267,2250-2105,کولیس عمق سنج دیجیتال با نوک — 0-150mm/0-6,True,,کولیس عمق سنج دیجیتال با نوک,,,False,True,False,False,False,بازه اندازه‌گیری|دقت,2
1268,2345-4005,ست 4عددي زاويه كوليس ديجيتال -پالستيیکي ،عمق سنج ديجيتال،تراز ديجيتال,True,,ست 4عددي زاويه كوليس ديجيتال -پالستيیکي ،عمق سنج ديجيتال،تراز ديجيتال,,,False,True,False,False,False,,0
1269,2346-1015,پی گیج 51عددی 20 — 0-1015mm,True,,پی گیج 51عددی 20,,,False,True,False,False,False,بازه اندازه‌گیری,1
1270,2406-1005,کولیس دیجیتال فک کارباید — 0-150mm,True,,کولیس دیجیتال فک کارباید,,,False,True,False,False,False,بازه اندازه‌گیری|دقت,2
1271,2406-1010,کولیس دیجیتال فک کارباید — 0-200mm,True,,کولیس دیجیتال فک کارباید,,,False,True,False,False,False,بازه اندازه‌گیری|دقت,2
1272,2410-8105,کولیس دیجیتال صفحه نمایش بزرگ — 0-150mm,True,,کولیس دیجیتال صفحه نمایش بزرگ,,,False,True,False,False,False,بازه اندازه‌گیری|دقت,2
1273,2410-8110,کولیس دیجیتال صفحه نمایش بزرگ — 0-200mm,True,,کولیس دیجیتال صفحه نمایش بزرگ,,,False,True,False,False,False,بازه اندازه‌گیری|دقت,2
1274,2570-5105,کولیس اندازه گی — 0-150mm/ -6,True,,کولیس اندازه گی,,,False,True,False,False,False,بازه اندازه‌گیری|دقت,2
1275,2570-5110,کولیس اندازه ر,True,,کولیس اندازه ر,,,False,True,False,False,False,دقت,1
1276,2570-5115,کولیس اندازه ر,True,,کولیس اندازه ر,,,False,True,False,False,False,دقت,1
1277,2610-8105,کولیس دیجیتال ضد آب صفحه — 0-150mm,True,,کولیس دیجیتال ضد آب صفحه,,,False,True,False,False,False,بازه اندازه‌گیری|دقت,2
1278,2710-1105,کولیس ورنیه دو فک بلند — 0-300mm,True,,کولیس ورنیه دو فک بلند,,,False,True,False,False,False,بازه اندازه‌گیری|دقت,2
1279,2805-0005,کولیس خط ی — 0-200mm,True,,کولیس خط ی,,,False,True,False,False,False,بازه اندازه‌گیری|دقت,2
1280,3001-0105,/0- کولیس پایه دار (ارتفاع سنج )استنلس — 0-300mm,True,,/0- کولیس پایه دار (ارتفاع سنج )استنلس,,,False,True,False,False,False,بازه اندازه‌گیری,1
1281,3001-0120,/0- کولیس پایه دار (ارتفاع سنج )استنلس — 0-600mm,True,,/0- کولیس پایه دار (ارتفاع سنج )استنلس,,,False,True,False,False,False,بازه اندازه‌گیری,1
1282,3001-0125,/0- کولیس پایه دار (ارتفاع سنج )استنلس — 0-1000mm,True,,/0- کولیس پایه دار (ارتفاع سنج )استنلس,,,False,True,False,False,False,بازه اندازه‌گیری,1
1283,3001-1001,دنباله عمق سنج کولیس — 0-1001mm,True,,دنباله عمق سنج کولیس,,,False,True,False,False,False,بازه اندازه‌گیری,1
1284,3001-1901,عمق سنج مونوبالک ورنیه پایه اندازه — 0-150mm,True,,عمق سنج مونوبالک ورنیه پایه اندازه,,,False,True,False,False,False,بازه اندازه‌گیری|دقت,2
1285,3001-1903,عمق سنج مونوبالک ورنیه پایه اندازه — 0-200mm,True,,عمق سنج مونوبالک ورنیه پایه اندازه,,,False,True,False,False,False,بازه اندازه‌گیری|دقت,2
1286,3001-1905,عمق سنج مونوبالک ورنیه پایه اندازه — 0-300mm,True,,عمق سنج مونوبالک ورنیه پایه اندازه,,,False,True,False,False,False,بازه اندازه‌گیری|دقت,2
1287,3004-0003,ساعتي -ديجيتال شارژی كوليس — 0-150mm,True,,ساعتي -ديجيتال شارژی كوليس,,,False,True,False,False,False,بازه اندازه‌گیری,1
1288,3004-0005,ساعتي -ديجيتال كوليس پورتابل — 0-150mm,True,,ساعتي -ديجيتال كوليس پورتابل,,,False,True,False,False,False,بازه اندازه‌گیری,1
1289,3004-1005,كوليس پورتابل ساعت — 0-200mm,True,,كوليس پورتابل ساعت,,,False,True,False,False,False,بازه اندازه‌گیری,1
1290,3004-2005,كوليس پورتابل ساعت — 0-300mm,True,,كوليس پورتابل ساعت,,,False,True,False,False,False,بازه اندازه‌گیری,1
1291,3110-6105,/0- کولیس پایه دار (ارتفاع سنج ) ذره ربیر — 0-300mm,True,,/0- کولیس پایه دار (ارتفاع سنج ) ذره ربیر,,,False,False,True,False,False,بازه اندازه‌گیری,1
1292,3110-6120,/0- کولیس پایه دار (ارتفاع سنج ) ذره ربیر — 0-600mm,True,,/0- کولیس پایه دار (ارتفاع سنج ) ذره ربیر,,,False,False,True,False,False,بازه اندازه‌گیری,1
1293,3130-8115,كوليس پايه دار ديجيتال (ارتفاع -سنج) — 0-300mm,True,,كوليس پايه دار ديجيتال (ارتفاع -سنج),,,False,True,False,False,False,بازه اندازه‌گیری|دقت,2
1294,3130-8119,کولیس پایه دار (ارتفاع سنج) دیجیتال — 0-300mm/0-12,True,,کولیس پایه دار (ارتفاع سنج) دیجیتال,,,False,True,False,False,False,بازه اندازه‌گیری|دقت,2
1295,3130-8120,کولیس پایه دار (ارتفاع سنج) دیجیتال — 0-500mm/0-20,True,,کولیس پایه دار (ارتفاع سنج) دیجیتال,,,False,True,False,False,False,بازه اندازه‌گیری|دقت,2
1296,3130-8125,کولیس پایه دار (ارتفاع سنج) دیجیتال — 0-600mm/0-24,True,,کولیس پایه دار (ارتفاع سنج) دیجیتال,,,False,True,False,False,False,بازه اندازه‌گیری|دقت,2
1297,3130-8130,کولیس پایه دار (ارتفاع سنج) دیجیتال — 0-1000mm/0-40,True,,کولیس پایه دار (ارتفاع سنج) دیجیتال,,,False,True,False,False,False,بازه اندازه‌گیری|دقت,2
1298,3221-1105,کولیس ارتفاع سنج ساعت — 0-300mm,True,,کولیس ارتفاع سنج ساعت,,,False,True,False,False,False,بازه اندازه‌گیری|دقت,2
1299,3230-8105,کولیس پایه دار (ارتفاع سنج) دیجیتایل — 0-300mm/0-12,True,,کولیس پایه دار (ارتفاع سنج) دیجیتایل,,,False,True,False,False,False,بازه اندازه‌گیری|دقت,2
1300,3230-8110,کولیس پایه دار (ارتفاع سنج) دیجیتایل — 0-500mm/0-20,True,,کولیس پایه دار (ارتفاع سنج) دیجیتایل,,,False,True,False,False,False,بازه اندازه‌گیری|دقت,2
1301,3230-8115,کولیس پایه دار (ارتفاع سنج) دیجیتایل — 0-600mm/0-24,True,,کولیس پایه دار (ارتفاع سنج) دیجیتایل,,,False,True,False,False,False,بازه اندازه‌گیری|دقت,2
1302,3430-4110,کولیس پایه دار (ارتفاع سنج) دیجیتال — 0-300mm/0-12,True,,کولیس پایه دار (ارتفاع سنج) دیجیتال,,,False,True,False,False,False,بازه اندازه‌گیری|دقت,2
1303,3430-4115,کولیس پایه دار (ارتفاع سنج) دیجیتال — 0-500mm/0-20,True,,کولیس پایه دار (ارتفاع سنج) دیجیتال,,,False,True,False,False,False,بازه اندازه‌گیری|دقت,2
1304,3430-4120,کولیس پایه دار (ارتفاع سنج) دیجیتال — 0-600mm/0-24,True,,کولیس پایه دار (ارتفاع سنج) دیجیتال,,,False,True,False,False,False,بازه اندازه‌گیری|دقت,2
1305,3530-0005,کولیس پایه دار (ارتفاع سنج) دیجیتال — 0-300mm/0-12,True,,کولیس پایه دار (ارتفاع سنج) دیجیتال,,,False,True,False,False,False,بازه اندازه‌گیری|دقت,2
1306,3530-0010,کولیس پایه دار (ارتفاع سنج) دیجیتال — 0-600mm/0-24,True,,کولیس پایه دار (ارتفاع سنج) دیجیتال,,,False,True,False,False,False,بازه اندازه‌گیری|دقت,2
1307,4005-0090,/ میکرومی داخل سنج دیجیتال دو فک ی — 0-125mm/4-5,True,,/ میکرومی داخل سنج دیجیتال دو فک ی,,,False,True,False,False,False,بازه اندازه‌گیری,1
1308,4005-0095,/ میکرومی داخل سنج دیجیتال دو فک ی — 0-95mm,True,,/ میکرومی داخل سنج دیجیتال دو فک ی,,,False,True,False,False,False,بازه اندازه‌گیری,1
1309,4005-0100,/ میکرومی داخل سنج دیجیتال دو فک ی — 0-175mm/6-7,True,,/ میکرومی داخل سنج دیجیتال دو فک ی,,,False,True,False,False,False,بازه اندازه‌گیری,1
1310,4107-1005,میکرومی پیچ (رزوه) با ست پراپ 10 — 0-25mm,True,,میکرومی پیچ (رزوه) با ست پراپ 10,,,False,True,False,False,False,بازه اندازه‌گیری|دقت,2
1311,4111-5205,میکرومی خارج 1 — 0-25mm,True,,میکرومی خارج 1,,,False,True,False,False,False,بازه اندازه‌گیری|دقت,2
1312,4111-8102,میکرومی دیسیک — 0-25mm,True,,میکرومی دیسیک,,,False,True,False,False,False,بازه اندازه‌گیری|دقت,2
1313,4111-8104,میکرومی دیسیک 1,True,,میکرومی دیسیک 1,,,False,True,False,False,False,دقت,1
1314,4111-8105,میکرومی خارج — 0-25mm,True,,میکرومی خارج,,,False,True,False,False,False,بازه اندازه‌گیری|دقت,2
1315,4111-8106,میکرومی دیسیک 2 — 0-75mm,True,,میکرومی دیسیک 2,,,False,True,False,False,False,بازه اندازه‌گیری|دقت,2
1316,4111-8108,میکرومی دیسیک 3,True,,میکرومی دیسیک 3,,,False,True,False,False,False,دقت,1
1317,4111-8110,میکرومی خارج 2,True,,میکرومی خارج 2,,,False,True,False,False,False,دقت,1
1318,4111-8115,میکرومی خارج 3 — 0-75mm,True,,میکرومی خارج 3,,,False,True,False,False,False,بازه اندازه‌گیری|دقت,2
1319,4111-8120,میکرومی خارج 4,True,,میکرومی خارج 4,,,False,True,False,False,False,دقت,1
1320,4111-8125,میکرومی خارج 5 — 0-125mm,True,,میکرومی خارج 5,,,False,True,False,False,False,بازه اندازه‌گیری|دقت,2
1321,4111-8130,میکرومی خارج 6,True,,میکرومی خارج 6,,,False,True,False,False,False,دقت,1
1322,4111-8620,میکرومی دیسیک 3 — 0-125mm,True,,میکرومی دیسیک 3,,,False,True,False,False,False,بازه اندازه‌گیری|دقت,2
1323,4111-8625,میکرومی دیسیک 3,True,,میکرومی دیسیک 3,,,False,True,False,False,False,دقت,1
1324,4111-8630,میکرومی دیسیک 3 — 0-175mm,True,,میکرومی دیسیک 3,,,False,True,False,False,False,بازه اندازه‌گیری|دقت,2
1325,4111-8635,میکرومی دیسیک 7,True,,میکرومی دیسیک 7,,,False,True,False,False,False,دقت,1
1326,4111-8640,میکرومی دیسیک 8 — 0-225mm,True,,میکرومی دیسیک 8,,,False,True,False,False,False,بازه اندازه‌گیری|دقت,2
1327,4111-8645,میکرومی دیسیک (بدون چرخش) 9,True,,میکرومی دیسیک (بدون چرخش) 9,,,False,True,False,False,False,دقت,1
1328,4111-8650,میکرومی دیسیک (بدون چرخش) 10 — 0-275mm,True,,میکرومی دیسیک (بدون چرخش) 10,,,False,True,False,False,False,بازه اندازه‌گیری|دقت,2
1329,4111-8655,میکرومی دیسیک (بدون چرخش) 11,True,,میکرومی دیسیک (بدون چرخش) 11,,,False,True,False,False,False,دقت,1
1330,4111-9105,میکرومی خارج — 0-25mm,True,,میکرومی خارج,,,False,True,False,False,False,بازه اندازه‌گیری|دقت,2
1331,4111-9110,میکرومی خارج,True,,میکرومی خارج,,,False,True,False,False,False,دقت,1
1332,4111-9120,میکرومی خارج 2,True,,میکرومی خارج 2,,,False,True,False,False,False,دقت,1
1333,4111-9130,میکرومی خارج 3,True,,میکرومی خارج 3,,,False,True,False,False,False,دقت,1
1334,4112-7435,میکرومی خارج 7 — 0-175mm,True,,میکرومی خارج 7,,,False,True,False,False,False,بازه اندازه‌گیری|دقت,2
1335,4112-7440,میکرومی خارج 8,True,,میکرومی خارج 8,,,False,True,False,False,False,دقت,1
1336,4112-7445,میکرومی خارج 9 — 0-225mm,True,,میکرومی خارج 9,,,False,True,False,False,False,بازه اندازه‌گیری|دقت,2
1337,4112-7450,میکرومی خارج 11,True,,میکرومی خارج 11,,,False,True,False,False,False,دقت,1
1338,4112-8145,میکرومی خارج 10 — 0-225mm,True,,میکرومی خارج 10,,,False,True,False,False,False,بازه اندازه‌گیری|دقت,2
1339,4112-8150,میکرومی خارج 12,True,,میکرومی خارج 12,,,False,True,False,False,False,دقت,1
1340,4112-8155,میکرومی خارج 14 — 0-275mm,True,,میکرومی خارج 14,,,False,True,False,False,False,بازه اندازه‌گیری|دقت,2
1341,4112-8160,میکرومی خارج 15,True,,میکرومی خارج 15,,,False,True,False,False,False,دقت,1
1342,4127-0005,/ ی پیچ ( رزوه ) دیجیتال IP65 — 0-25mm/0-1,True,,/ ی پیچ ( رزوه ) دیجیتال IP65,,,False,True,False,False,False,بازه اندازه‌گیری,1
1343,4137-4005,/ ی پیچ ( رزوه ) دیجیتال ضد — 0-25mm/0-1,True,,/ ی پیچ ( رزوه ) دیجیتال ضد,,,False,True,False,False,False,بازه اندازه‌گیری,1
1344,4146-1005,میکرومی پیچ پراپ 16 — 0-25mm,True,,میکرومی پیچ پراپ 16,,,False,True,False,False,False,بازه اندازه‌گیری,1
1345,4146-1010,پاسومی خارج میکرومی 1 — 0-1010mm,True,,پاسومی خارج میکرومی 1,,,False,True,False,False,False,بازه اندازه‌گیری,1
1346,4146-1015,پاسومی خارج میکرومی 2 — 0-75mm,True,,پاسومی خارج میکرومی 2,,,False,True,False,False,False,بازه اندازه‌گیری,1
1347,4146-1020,پاسومی خارج میکرومی 3 — 0-1020mm,True,,پاسومی خارج میکرومی 3,,,False,True,False,False,False,بازه اندازه‌گیری,1
1348,4146-5105,پاسومی خارج میکرومی 4 — 0-25mm,True,,پاسومی خارج میکرومی 4,,,False,True,False,False,False,بازه اندازه‌گیری|دقت,2
1349,4210-2103,میکرومی دیجیتال یونیورسال (فک — 0-25mm/0-1,True,,میکرومی دیجیتال یونیورسال (فک,,,False,True,False,False,False,بازه اندازه‌گیری,1
1350,4210-2105,میکرومی خارج — 0-25mm/0-1,True,,میکرومی خارج,,,False,True,False,False,False,بازه اندازه‌گیری,1
1351,4210-2106,میکرومی دیجیتال یونیورسال (فک,True,,میکرومی دیجیتال یونیورسال (فک,,,False,True,False,False,False,,0
1352,4210-2110,میکرومی خارج,True,,میکرومی خارج,,,False,True,False,False,False,دقت,1
1353,4210-2125,میکرومی خارج — 0-125mm,True,,میکرومی خارج,,,False,True,False,False,False,بازه اندازه‌گیری|دقت,2
1354,4210-2135,میکرومی خارج دیجیتال با شفت — 0-175mm/6-7,True,,میکرومی خارج دیجیتال با شفت,,,False,True,False,False,False,بازه اندازه‌گیری,1
1355,4210-2140,میکرومی خارج دیجیتال با شفت,True,,میکرومی خارج دیجیتال با شفت,,,False,True,False,False,False,,0
1356,4210-2145,میکرومی خارج دیجیتال با شفت — 0-225mm/8-9,True,,میکرومی خارج دیجیتال با شفت,,,False,True,False,False,False,بازه اندازه‌گیری,1
1357,4210-2150,/ میکرومیی خارج دیجیتال با شفت,True,,/ میکرومیی خارج دیجیتال با شفت,,,False,True,False,False,False,,0
1358,4210-2155,میکرومی خارج دیجیتال با شفت — 0-275mm/10-11,True,,میکرومی خارج دیجیتال با شفت,,,False,True,False,False,False,بازه اندازه‌گیری,1
1359,4210-2160,میکرومی خارج دیجیتال با شفت,True,,میکرومی خارج دیجیتال با شفت,,,False,True,False,False,False,,0
1360,4220-2104,میکرومی خارج دیسیک دیجیتال رسی ع حرکت شفت بدون چرخش خروج — 0-25mm/0-1,True,,میکرومی خارج دیسیک دیجیتال رسی ع حرکت شفت بدون چرخش خروج,,,False,False,True,False,False,بازه اندازه‌گیری,1
1361,4220-2108,میکرومی خارج دیسیک دیجیتال رسی ع حرکت شفت بدون چرخش خروج,True,,میکرومی خارج دیسیک دیجیتال رسی ع حرکت شفت بدون چرخش خروج,,,False,True,False,False,False,,0
1362,4220-2109,میکرومی 2 — 0-75mm/2-3,True,,میکرومی 2,,,False,True,False,False,False,بازه اندازه‌گیری,1
1363,4230-2005,میکرومی خارج دیجیتال با شفت — 0-25mm/0-1,True,,میکرومی خارج دیجیتال با شفت,,,False,True,False,False,False,بازه اندازه‌گیری,1
1364,4230-2010,/ میکرومیی خارج دیجیتال با شفت,True,,/ میکرومیی خارج دیجیتال با شفت,,,False,True,False,False,False,,0
1365,4230-2015,میکرومی خارج دیجیتال با شفت — 0-75mm/2-3,True,,میکرومی خارج دیجیتال با شفت,,,False,True,False,False,False,بازه اندازه‌گیری,1
1366,4230-2020,میکرومی خارج دیجیتال با شفت,True,,میکرومی خارج دیجیتال با شفت,,,False,True,False,False,False,,0
1367,4230-2025,میکرومی خارج دیجیتال با شفت — 0-125mm/4-5,True,,میکرومی خارج دیجیتال با شفت,,,False,True,False,False,False,بازه اندازه‌گیری,1
1368,4230-2030,/ میکرومیی خارج دیجیتال با شفت,True,,/ میکرومیی خارج دیجیتال با شفت,,,False,True,False,False,False,,0
1369,4311-8103,میکرومی داخل سنج لوله ای — 0-63mm,True,,میکرومی داخل سنج لوله ای,,,False,True,False,False,False,بازه اندازه‌گیری|دقت,2
1370,4311-8106,میکرومی داخل سنج لوله ای 1 — 0-100mm,True,,میکرومی داخل سنج لوله ای 1,,,False,True,False,False,False,بازه اندازه‌گیری|دقت,2
1371,4311-8107,میکرومی داخل سنج لوله ای 2 — 0-150mm,True,,میکرومی داخل سنج لوله ای 2,,,False,True,False,False,False,بازه اندازه‌گیری|دقت,2
1372,4311-8109,میکرومی داخل سنج لوله ای 3 — 0-300mm,True,,میکرومی داخل سنج لوله ای 3,,,False,True,False,False,False,بازه اندازه‌گیری|دقت,2
1373,4311-8111,میکرومی داخل سنج لوله ای 3 — 0-500mm,True,,میکرومی داخل سنج لوله ای 3,,,False,True,False,False,False,بازه اندازه‌گیری|دقت,2
1374,4311-8113,میکرومی داخل سنج لوله ای 5 — 0-600mm,True,,میکرومی داخل سنج لوله ای 5,,,False,True,False,False,False,بازه اندازه‌گیری|دقت,2
1375,4311-8118,میکرومی داخل سنج لوله ای 6 — 0-1000mm,True,,میکرومی داخل سنج لوله ای 6,,,False,True,False,False,False,بازه اندازه‌گیری|دقت,2
1376,4311-8119,میکرومی داخل سنج لوله ای 6 — 0-1500mm,True,,میکرومی داخل سنج لوله ای 6,,,False,True,False,False,False,بازه اندازه‌گیری|دقت,2
1377,4311-8120,میکرومی داخل سنج دو فک 4,True,,میکرومی داخل سنج دو فک 4,,,False,True,False,False,False,دقت,1
1378,4400-0005,میکرومی لوله دیجیتال — 0-25mm/0-1,True,,میکرومی لوله دیجیتال,,,False,True,False,False,False,بازه اندازه‌گیری,1
1379,4400-0010,میکرومی لوله دیجیتال — 0-25mm/0-1,True,,میکرومی لوله دیجیتال,,,False,True,False,False,False,بازه اندازه‌گیری,1
1380,4410-1105,میکرومیخارج دیجیتال دسته فلزی ضد آب ( IP65سه دکمه) — 0-25mm/0-1,True,,میکرومیخارج دیجیتال دسته فلزی ضد آب ( IP65سه دکمه),,,False,False,True,False,False,بازه اندازه‌گیری,1
1381,4410-1110,میکرومیخارج دیجیتال دسته فلزی ضد آب ( IP65سه دکمه) — 0-1110mm,True,,میکرومیخارج دیجیتال دسته فلزی ضد آب ( IP65سه دکمه),,,False,False,True,False,False,بازه اندازه‌گیری,1
1382,4410-1115,میکرومیخارج دیجیتال دسته فلزی ضد آب ( IP65سه دکمه) — 0-75mm/2-3,True,,میکرومیخارج دیجیتال دسته فلزی ضد آب ( IP65سه دکمه),,,False,False,True,False,False,بازه اندازه‌گیری,1
1383,4410-1120,میکرومی خارج — 0-1120mm,True,,میکرومی خارج,,,False,True,False,False,False,بازه اندازه‌گیری,1
1384,4410-1125,میکرومی خارج — 0-125mm/4-5,True,,میکرومی خارج,,,False,True,False,False,False,بازه اندازه‌گیری,1
1385,4411-3210,میکرومی داخل سنج سه فک ست,True,,میکرومی داخل سنج سه فک ست,,,False,True,False,False,False,دقت,1
1386,4411-3215,میکرومی داخل سنج سه فک ست,True,,میکرومی داخل سنج سه فک ست,,,False,True,False,False,False,دقت,1
1387,4411-3220,میکرومی داخل سنج سه فک ست,True,,میکرومی داخل سنج سه فک ست,,,False,True,False,False,False,دقت,1
1388,4411-5101,میکرومیی داخل سنج سه فک,True,,میکرومیی داخل سنج سه فک,,,False,True,False,False,False,دقت,1
1389,4411-5102,میکرومی داخل سنج سه فک 1,True,,میکرومی داخل سنج سه فک 1,,,False,True,False,False,False,دقت,1
1390,4411-5103,میکرومی داخل سنج سه فک 1 — 0-12mm,True,,میکرومی داخل سنج سه فک 1,,,False,True,False,False,False,بازه اندازه‌گیری|دقت,2
1391,4411-5104,میکرومی داخل سنج سه فک 3,True,,میکرومی داخل سنج سه فک 3,,,False,True,False,False,False,دقت,1
1392,4411-5105,میکرومی داخل سنج سه فک 3,True,,میکرومی داخل سنج سه فک 3,,,False,True,False,False,False,دقت,1
1393,4411-5106,میکرومی داخل سنج سه فک 5 — 0-25mm,True,,میکرومی داخل سنج سه فک 5,,,False,True,False,False,False,بازه اندازه‌گیری|دقت,2
1394,4411-5107,میکرومی داخل سنج سه فک 5,True,,میکرومی داخل سنج سه فک 5,,,False,True,False,False,False,دقت,1
1395,4411-5108,میکرومی داخل سنج سه فک 7 — 0-40mm,True,,میکرومی داخل سنج سه فک 7,,,False,True,False,False,False,بازه اندازه‌گیری|دقت,2
1396,4411-5109,میکرومی داخل سنج سه فک 8 — 0-50mm,True,,میکرومی داخل سنج سه فک 8,,,False,True,False,False,False,بازه اندازه‌گیری|دقت,2
1397,4411-5110,میکرومی داخل سنج سه فک 9 — 0-63mm,True,,میکرومی داخل سنج سه فک 9,,,False,True,False,False,False,بازه اندازه‌گیری|دقت,2
1398,4411-5111,میکرومی داخل سنج سه فک 10,True,,میکرومی داخل سنج سه فک 10,,,False,True,False,False,False,دقت,1
1399,4411-5112,میکرومی داخل سنج سه فک 11,True,,میکرومی داخل سنج سه فک 11,,,False,True,False,False,False,دقت,1
1400,4411-5113,میکرومی داخل سنج سه فک 12,True,,میکرومی داخل سنج سه فک 12,,,False,True,False,False,False,دقت,1
1401,4411-5114,میکرومی داخل سنج سه فک 12 — 0-125mm,True,,میکرومی داخل سنج سه فک 12,,,False,True,False,False,False,بازه اندازه‌گیری|دقت,2
1402,4411-5115,میکرومی داخل سنج سه فک 14,True,,میکرومی داخل سنج سه فک 14,,,False,True,False,False,False,دقت,1
1403,4411-5116,میکرومی داخل سنج سه فک 14 — 0-175mm,True,,میکرومی داخل سنج سه فک 14,,,False,True,False,False,False,بازه اندازه‌گیری|دقت,2
1404,4411-5117,میکرومی داخل سنج سه فک 16,True,,میکرومی داخل سنج سه فک 16,,,False,True,False,False,False,دقت,1
1405,4411-5118,میکرومی داخل سنج سه فک 16 — 0-225mm,True,,میکرومی داخل سنج سه فک 16,,,False,True,False,False,False,بازه اندازه‌گیری|دقت,2
1406,4411-5119,میکرومی داخل سنج سه فک 18,True,,میکرومی داخل سنج سه فک 18,,,False,True,False,False,False,دقت,1
1407,4411-5120,میکرومی داخل سنج سه فک 19 — 0-275mm,True,,میکرومی داخل سنج سه فک 19,,,False,True,False,False,False,بازه اندازه‌گیری|دقت,2
1408,4411-5121,میکرومی داخل سنج سه فک 20,True,,میکرومی داخل سنج سه فک 20,,,False,True,False,False,False,دقت,1
1409,4411-9205,میکرومی داخل سنج سه فک ست — 0-12mm,True,,میکرومی داخل سنج سه فک ست,,,False,True,False,False,False,بازه اندازه‌گیری|دقت,2
1410,4440-1005,میکرومی لوله دو رس کروی 1 — 0-25mm,True,,میکرومی لوله دو رس کروی 1,,,False,True,False,False,False,بازه اندازه‌گیری|دقت,2
1411,4440-1010,میکرومیلوله (نوک نوع ) A 1 — 0-25mm,True,,میکرومیلوله (نوک نوع ) A 1,,,False,True,False,False,False,بازه اندازه‌گیری|دقت,2
1412,4510-1005,میکرومی داخل سنج لوله ای 8 — 0-25mm,True,,میکرومی داخل سنج لوله ای 8,,,False,True,False,False,False,بازه اندازه‌گیری|دقت,2
1413,4511-5101,میکرومی داخیل سه فک دیجیتال,True,,میکرومی داخیل سه فک دیجیتال,,,False,True,False,False,False,,0
1414,4511-5102,میکرومی داخیل سه فک دیجیتال,True,,میکرومی داخیل سه فک دیجیتال,,,False,True,False,False,False,,0
1415,4511-5103,میکرومی داخیل سه فک دیجیتال — 0-12mm,True,,میکرومی داخیل سه فک دیجیتال,,,False,True,False,False,False,بازه اندازه‌گیری,1
1416,4511-5104,میکرومی داخیل سه فک دیجیتال,True,,میکرومی داخیل سه فک دیجیتال,,,False,True,False,False,False,,0
1417,4511-5105,میکرومی داخیل سه فک دیجیتال,True,,میکرومی داخیل سه فک دیجیتال,,,False,True,False,False,False,,0
1418,4511-5106,ی داخیل سه فک دیجیتال — 0-25mm,True,,ی داخیل سه فک دیجیتال,,,False,True,False,False,False,بازه اندازه‌گیری,1
1419,4511-5107,میکرومی داخیل سه فک دیجیتال,True,,میکرومی داخیل سه فک دیجیتال,,,False,True,False,False,False,,0
1420,4511-5108,ی داخیل سه فک دیجیتال — 0-40mm,True,,ی داخیل سه فک دیجیتال,,,False,True,False,False,False,بازه اندازه‌گیری,1
1421,4511-5109,میکرومی داخیل سه فک دیجیتال — 0-50mm,True,,میکرومی داخیل سه فک دیجیتال,,,False,True,False,False,False,بازه اندازه‌گیری,1
1422,4511-5110,میکرومی داخیل سه فک دیجیتال — 0-63mm,True,,میکرومی داخیل سه فک دیجیتال,,,False,True,False,False,False,بازه اندازه‌گیری,1
1423,4511-5111,میکرومی داخیل سه فک دیجیتال,True,,میکرومی داخیل سه فک دیجیتال,,,False,True,False,False,False,,0
1424,4511-5112,میکرومی داخیل سه فک دیجیتال,True,,میکرومی داخیل سه فک دیجیتال,,,False,True,False,False,False,,0
1425,4511-5113,میکرومی داخیل سه فک دیجیتال,True,,میکرومی داخیل سه فک دیجیتال,,,False,True,False,False,False,,0
1426,4511-5114,میکرومی داخیل سه فک دیجیتال — 0-125mm,True,,میکرومی داخیل سه فک دیجیتال,,,False,True,False,False,False,بازه اندازه‌گیری,1
1427,4511-5115,ی داخیل سه فک دیجیتال,True,,ی داخیل سه فک دیجیتال,,,False,True,False,False,False,,0
1428,4511-5116,میکرومی داخیل سه فک دیجیتال — 0-175mm,True,,میکرومی داخیل سه فک دیجیتال,,,False,True,False,False,False,بازه اندازه‌گیری,1
1429,4511-5117,ی داخیل سه فک دیجیتال,True,,ی داخیل سه فک دیجیتال,,,False,True,False,False,False,,0
1430,4511-5118,میکرومی داخیل سه فک دیجیتال — 0-225mm,True,,میکرومی داخیل سه فک دیجیتال,,,False,True,False,False,False,بازه اندازه‌گیری,1
1431,4511-5119,ی داخیل سه فک دیجیتال,True,,ی داخیل سه فک دیجیتال,,,False,True,False,False,False,,0
1432,4511-5120,میکرومی داخیل سه فک دیجیتال — 0-275mm,True,,میکرومی داخیل سه فک دیجیتال,,,False,True,False,False,False,بازه اندازه‌گیری,1
1433,4511-5121,میکرومی داخیل سه فک دیجیتال,True,,میکرومی داخیل سه فک دیجیتال,,,False,True,False,False,False,,0
1434,4511-9205,میکرومی داخل دیجیتال سه فک با رینگ گیج IP54ضدآب ست,True,,میکرومی داخل دیجیتال سه فک با رینگ گیج IP54ضدآب ست,,,False,True,False,False,False,دقت,1
1435,4511-9210,میکرومی داخل دیجیتال سه فک با رینگ گیج IP54ضدآب ست,True,,میکرومی داخل دیجیتال سه فک با رینگ گیج IP54ضدآب ست,,,False,True,False,False,False,دقت,1
1436,4511-9215,ست میکرومی 2,True,,ست میکرومی 2,,,False,True,False,False,False,دقت,1
1437,4550-1005,میکرومی چرخ دنده — 0-25mm,True,,میکرومی چرخ دنده,,,False,True,False,False,False,بازه اندازه‌گیری|دقت,2
1438,4570-0005,میکرومی چرخ دنده دیجیتال — 0-25mm/0-1,True,,میکرومی چرخ دنده دیجیتال,,,False,True,False,False,False,بازه اندازه‌گیری,1
1439,4610-1005,میکرومیی خارج سوزنر — 0-25mm,True,,میکرومیی خارج سوزنر,,,False,True,False,False,False,بازه اندازه‌گیری|دقت,2
1440,4610-1010,میکرومی خارج سوزن ( 30درجه) ی 2 — 0-1010mm,True,,میکرومی خارج سوزن ( 30درجه) ی 2,,,False,True,False,False,False,بازه اندازه‌گیری|دقت,2
1441,4610-1015,میکرومی خارج 3 — 0-75mm,True,,میکرومی خارج 3,,,False,True,False,False,False,بازه اندازه‌گیری|دقت,2
1442,4610-1020,میکرومی خارج 3 — 0-1020mm,True,,میکرومی خارج 3,,,False,True,False,False,False,بازه اندازه‌گیری|دقت,2
1443,4610-1405,میکرومی خارج 1 — 0-25mm,True,,میکرومی خارج 1,,,False,True,False,False,False,بازه اندازه‌گیری|دقت,2
1444,4611-8106,میکرومی عمق سنج صلیت — 0-25mm,True,,میکرومی عمق سنج صلیت,,,False,True,False,False,False,بازه اندازه‌گیری|دقت,2
1445,4611-8110,میکرومی عمق سنج صلیت — 0-50mm,True,,میکرومی عمق سنج صلیت,,,False,True,False,False,False,بازه اندازه‌گیری|دقت,2
1446,4611-8120,میکرومی عمق سنج صلیت — 0-100mm,True,,میکرومی عمق سنج صلیت,,,False,True,False,False,False,بازه اندازه‌گیری|دقت,2
1447,4611-8125,ی عمق سنج صلیت با میله — 0-150mm,True,,ی عمق سنج صلیت با میله,,,False,True,False,False,False,بازه اندازه‌گیری|دقت,2
1448,4620-2020,سوزن دیجیتال ی,True,,سوزن دیجیتال ی,,,False,True,False,False,False,,0
1449,4620-5005,سوزن دیجیتال نوک 30 ی — 0-25mm/0-1,True,,سوزن دیجیتال نوک 30 ی,,,False,True,False,False,False,بازه اندازه‌گیری,1
1450,4620-5010,سوزن دیجیتال نوک 30 ی,True,,سوزن دیجیتال نوک 30 ی,,,False,True,False,False,False,,0
1451,4620-5015,سوزن دیجیتال نوک 30 ی — 0-75mm/2-3,True,,سوزن دیجیتال نوک 30 ی,,,False,True,False,False,False,بازه اندازه‌گیری,1
1452,4706-0002,میکرومیهای خارج — 0-200mm/4-8,True,,میکرومیهای خارج,,,False,True,False,False,False,بازه اندازه‌گیری,1
1453,4706-0003,میکرومیهای خارج — 0-300mm/8-12,True,,میکرومیهای خارج,,,False,True,False,False,False,بازه اندازه‌گیری,1
1454,4706-0011,ی IP65با نوک میکرومی — 0-150mm/6,True,,ی IP65با نوک میکرومی,,,False,True,False,False,False,بازه اندازه‌گیری,1
1455,4706-0012,میکرومیهای خارج — 0-300mm/6-12,True,,میکرومیهای خارج,,,False,True,False,False,False,بازه اندازه‌گیری,1
1456,4710-1205,عمق سنج کوچک دیجیتال (الستیک) میله ای — 0-25mm/0-1,True,,عمق سنج کوچک دیجیتال (الستیک) میله ای,,,False,True,False,False,False,بازه اندازه‌گیری,1
1457,4710-2205,میکرومی عمق سنج صلیت — 0-150mm/0-6,True,,میکرومی عمق سنج صلیت,,,False,True,False,False,False,بازه اندازه‌گیری,1
1458,4800-0005,میکرومی خارج — 0-400mm,True,,میکرومی خارج,,,False,True,False,False,False,بازه اندازه‌گیری|دقت,2
1459,4800-0010,میکرومی 1 — 0-500mm,True,,میکرومی 1,,,False,True,False,False,False,بازه اندازه‌گیری|دقت,2
1460,4800-0015,میکرومی خارج 2 — 0-600mm,True,,میکرومی خارج 2,,,False,True,False,False,False,بازه اندازه‌گیری|دقت,2
1461,4800-0020,میکرومی خارج 3 — 0-700mm,True,,میکرومی خارج 3,,,False,True,False,False,False,بازه اندازه‌گیری|دقت,2
1462,4800-0025,میکرومی خارج 4 — 0-800mm,True,,میکرومی خارج 4,,,False,True,False,False,False,بازه اندازه‌گیری|دقت,2
1463,4800-0030,میکرومی خارج 5 — 0-900mm,True,,میکرومی خارج 5,,,False,True,False,False,False,بازه اندازه‌گیری|دقت,2
1464,4800-0035,میکرومی 6 — 0-1000mm,True,,میکرومی 6,,,False,True,False,False,False,بازه اندازه‌گیری|دقت,2
1465,4801-0003,میکرومی خارج — 0-150mm,True,,میکرومی خارج,,,False,True,False,False,False,بازه اندازه‌گیری|دقت,2
1466,4801-0004,میکرومی خارج 1 — 0-200mm,True,,میکرومی خارج 1,,,False,True,False,False,False,بازه اندازه‌گیری|دقت,2
1467,4801-0005,میکرومی خارج 2 — 0-300mm,True,,میکرومی خارج 2,,,False,True,False,False,False,بازه اندازه‌گیری|دقت,2
1468,4801-0006,میکرومی خارج 3 — 0-300mm,True,,میکرومی خارج 3,,,False,True,False,False,False,بازه اندازه‌گیری|دقت,2
1469,4811-8115,میکرومی معمویل هد — 0-25mm,True,,میکرومی معمویل هد,,,False,True,False,False,False,بازه اندازه‌گیری|دقت,2
1470,4811-8120,هد میکرومی 1 — 0-50mm,True,,هد میکرومی 1,,,False,True,False,False,False,بازه اندازه‌گیری|دقت,2
1471,4905-0005,میکرومیخارج میله ای دیجیتال ضد — 0-400mm/12-16,True,,میکرومیخارج میله ای دیجیتال ضد,,,False,True,False,False,False,بازه اندازه‌گیری,1
1472,4905-0006,/ ی خارج میله ای دیجیتال ضد — 0-500mm/16-20,True,,/ ی خارج میله ای دیجیتال ضد,,,False,True,False,False,False,بازه اندازه‌گیری,1
1473,4905-0007,میکرومیخارج میله ای دیجیتال ضد — 0-600mm/20-24,True,,میکرومیخارج میله ای دیجیتال ضد,,,False,True,False,False,False,بازه اندازه‌گیری,1
1474,4905-0008,میکرومیخارج میله ای دیجیتال ضد — 0-700mm/24-28,True,,میکرومیخارج میله ای دیجیتال ضد,,,False,True,False,False,False,بازه اندازه‌گیری,1
1475,4905-0009,/ ی خارج میله ای دیجیتال ضد — 0-800mm/28-32,True,,/ ی خارج میله ای دیجیتال ضد,,,False,True,False,False,False,بازه اندازه‌گیری,1
1476,4905-0010,میکرومیخارج میله ای دیجیتال ضد — 0-900mm/32-36,True,,میکرومیخارج میله ای دیجیتال ضد,,,False,True,False,False,False,بازه اندازه‌گیری,1
1477,4905-0011,میکرومیخارج میله ای دیجیتال ضد — 0-1000mm/36-40,True,,میکرومیخارج میله ای دیجیتال ضد,,,False,True,False,False,False,بازه اندازه‌گیری,1
1478,4910-2110,ی دار هد میکرومی — 0-15mm/0,True,,ی دار هد میکرومی,,,False,True,False,False,False,بازه اندازه‌گیری|دقت,2
1479,4910-2115,میکرومی دیجیتال خروج هد 1 — 0-25mm/0-1,True,,میکرومی دیجیتال خروج هد 1,,,False,True,False,False,False,بازه اندازه‌گیری,1
1480,4910-2130,میکرومی دیجیتال کلمپ دار دسته فلزی ضد آب IP65خروج هد — 0-25mm/0-1,True,,میکرومی دیجیتال کلمپ دار دسته فلزی ضد آب IP65خروج هد,,,False,False,True,False,False,بازه اندازه‌گیری,1
1481,4910-2135,هد میکرومی 1 — 0-50mm,True,,هد میکرومی 1,,,False,True,False,False,False,بازه اندازه‌گیری,1
1482,4910-4105,میکرومی داخل سنج دیجیتال دو فک,True,,میکرومی داخل سنج دیجیتال دو فک,,,False,True,False,False,False,دقت,1
1483,4910-4110,میکرومی داخل سنج دیجیتال دو فک,True,,میکرومی داخل سنج دیجیتال دو فک,,,False,True,False,False,False,,0
1484,4910-4115,میکرومی داخل سنج دیجیتال دو فک — 0-75mm/2-3,True,,میکرومی داخل سنج دیجیتال دو فک,,,False,True,False,False,False,بازه اندازه‌گیری,1
1485,4910-4120,/ میکرومی داخل سنج دیجیتال دو فک ی,True,,/ میکرومی داخل سنج دیجیتال دو فک ی,,,False,True,False,False,False,,0
1486,4911-8105,میکرومی داخل سنج دو فک,True,,میکرومی داخل سنج دو فک,,,False,True,False,False,False,دقت,1
1487,4911-8115,میکرومی داخل سنج دو فک 3 — 0-75mm,True,,میکرومی داخل سنج دو فک 3,,,False,True,False,False,False,بازه اندازه‌گیری|دقت,2
1488,4911-8130,میکرومی داخل سنج دو فک 5 — 0-125mm,True,,میکرومی داخل سنج دو فک 5,,,False,True,False,False,False,بازه اندازه‌گیری|دقت,2
1489,4911-8135,میکرومی داخل سنج دو فک 6,True,,میکرومی داخل سنج دو فک 6,,,False,True,False,False,False,دقت,1
1490,4911-8140,میکرومی 7 — 0-175mm,True,,میکرومی 7,,,False,True,False,False,False,بازه اندازه‌گیری|دقت,2
1491,5111-1005,ي ساعت اندیکاتور پشت دار جعبه — 0-10mm,True,,ي ساعت اندیکاتور پشت دار جعبه,,,False,True,False,False,False,بازه اندازه‌گیری|دقت,2
1492,5111-1110,ساعت اندیکاتور دور فلزی — 0-10mm,True,,ساعت اندیکاتور دور فلزی,,,False,True,False,False,False,بازه اندازه‌گیری|دقت,2
1493,5111-1205,ساعت اندیکاتور پشت دار — 0-10mm,True,,ساعت اندیکاتور پشت دار,,,False,True,False,False,False,بازه اندازه‌گیری|دقت,2
1494,5121-1107,ساعت اندیکاتور ضدآب — 0-10mm,True,,ساعت اندیکاتور ضدآب,,,False,True,False,False,False,بازه اندازه‌گیری|دقت,2
1495,5121-1201,ساعت اندیکاتور صفحه کوچک ضد رضبه SHOCK PROF — 0-3mm,True,,ساعت اندیکاتور صفحه کوچک ضد رضبه SHOCK PROF,,,False,False,True,False,False,بازه اندازه‌گیری|دقت,2
1496,5121-1202,ساعت اندیکاتور صفحه کوچک ضد رضبه SHOCK PROF — 0-5mm,True,,ساعت اندیکاتور صفحه کوچک ضد رضبه SHOCK PROF,,,False,False,True,False,False,بازه اندازه‌گیری|دقت,2
1497,5121-1204,ساعت اندیکاتور صفحه کوچک ( — 0-5mm,True,,ساعت اندیکاتور صفحه کوچک (,,,False,True,False,False,False,بازه اندازه‌گیری|دقت,2
1498,5121-1215,ساعت اندیکاتور کورس بلند ضد رضبه — 0-50mm,True,,ساعت اندیکاتور کورس بلند ضد رضبه,,,False,True,False,False,False,بازه اندازه‌گیری|دقت,2
1499,5121-1220,ساعت اندیکاتور کورس بلند ضد رضبه — 0-100mm,True,,ساعت اندیکاتور کورس بلند ضد رضبه,,,False,True,False,False,False,بازه اندازه‌گیری|دقت,2
1500,5121-2101,ساعت اندیکاتور پشت دار دقت — 0-1mm,True,,ساعت اندیکاتور پشت دار دقت,,,False,True,False,False,False,بازه اندازه‌گیری|دقت,2
1501,5121-2201,ساعت اندیکاتور پشت دار دقت — 0-1mm,True,,ساعت اندیکاتور پشت دار دقت,,,False,True,False,False,False,بازه اندازه‌گیری|دقت,2
1502,5121-3005,ساعت اندیکاتور دور فلزی — 0-1mm,True,,ساعت اندیکاتور دور فلزی,,,False,True,False,False,False,بازه اندازه‌گیری|دقت,2
1503,5121-4200,ساعت اندیکاتور ( عقب گرد /بلی ینگ — 0-1mm,True,,ساعت اندیکاتور ( عقب گرد /بلی ینگ,,,False,True,False,False,False,بازه اندازه‌گیری|دقت,2
1504,5130-1110,ساعت اندیکاتور دیجیتال کورس بلند — 0-25/4,True,,ساعت اندیکاتور دیجیتال کورس بلند,,,False,True,False,False,False,بازه اندازه‌گیری|دقت,2
1505,5140-1110,ساعت اندیکاتور دیجیتال کورس بلند 5دکمه ابسلوت — 0-25/4,True,,ساعت اندیکاتور دیجیتال کورس بلند 5دکمه ابسلوت,,,False,False,True,False,False,بازه اندازه‌گیری|دقت,2
1506,5140-1120,ساعت اندیکاتور دیجیتال کورس بلند 5دکمه ابسلوت — 0-101/6,True,,ساعت اندیکاتور دیجیتال کورس بلند 5دکمه ابسلوت,,,False,False,True,False,False,بازه اندازه‌گیری|دقت,2
1507,5141-2105,ساعت اندیکاتور کورس بلند ضد رضبه — 0-30mm,True,,ساعت اندیکاتور کورس بلند ضد رضبه,,,False,True,False,False,False,بازه اندازه‌گیری|دقت,2
1508,5221-0000,ساعت شیطانیک,True,,ساعت شیطانیک,,,False,True,False,False,False,دقت,1
1509,5221-0005,ساعت شیطانیک — 0-50mm,True,,ساعت شیطانیک,,,False,True,False,False,False,بازه اندازه‌گیری|دقت,2
1510,5221-1000,ساعت شیطانیک با پایه مگنت shock — 0,True,,ساعت شیطانیک با پایه مگنت shock,,,False,True,False,False,False,بازه اندازه‌گیری|دقت,2
1511,5221-1001,ساعت شیطانیک ضد رضبه ست کامل — 0,True,,ساعت شیطانیک ضد رضبه ست کامل,,,False,True,False,False,False,بازه اندازه‌گیری|دقت,2
1512,5221-1106,ساعت شیطانیک ضد رضبه ست کامل — 0,True,,ساعت شیطانیک ضد رضبه ست کامل,,,False,True,False,False,False,بازه اندازه‌گیری|دقت,2
1513,5221-1129,ساعت شیطانیک ضد رضبه shock — 0,True,,ساعت شیطانیک ضد رضبه shock,,,False,True,False,False,False,بازه اندازه‌گیری|دقت,2
1514,5221-1140,ساعت شیطانیک صفحه بزرگ ضد — 0,True,,ساعت شیطانیک صفحه بزرگ ضد,,,False,True,False,False,False,بازه اندازه‌گیری|دقت,2
1515,5221-1145,ساعت شیطانیک صفحه بزرگ ضد — 0,True,,ساعت شیطانیک صفحه بزرگ ضد,,,False,True,False,False,False,بازه اندازه‌گیری|دقت,2
1516,5221-1210,ساعت شیطانیک صفحه بزرگ پراپ — 0-1210mm,True,,ساعت شیطانیک صفحه بزرگ پراپ,,,False,True,False,False,False,بازه اندازه‌گیری|دقت,2
1517,5221-1220,ساعت شیطانیک صفحه بزرگ پراپ — 0-1220mm,True,,ساعت شیطانیک صفحه بزرگ پراپ,,,False,True,False,False,False,بازه اندازه‌گیری|دقت,2
1518,5223-3105,ساعت شیطانیک بدنه ضد مگنت,True,,ساعت شیطانیک بدنه ضد مگنت,,,False,True,False,False,False,دقت,1
1519,5260-1105,ساعت اندیکاتور دیجیتال خروج — 0-12/7,True,,ساعت اندیکاتور دیجیتال خروج,,,False,True,False,False,False,بازه اندازه‌گیری|دقت,2
1520,5260-1110,ساعت اندیکاتور دیجیتال خروج — 0-25/4,True,,ساعت اندیکاتور دیجیتال خروج,,,False,True,False,False,False,بازه اندازه‌گیری|دقت,2
1521,5260-1115,ساعت اندیکاتور دیجیتال خروج — 0-5,True,,ساعت اندیکاتور دیجیتال خروج,,,False,True,False,False,False,بازه اندازه‌گیری|دقت,2
1522,5260-3705,ساعت اندیکاتور دیجیتال خروج — 0-12/7,True,,ساعت اندیکاتور دیجیتال خروج,,,False,True,False,False,False,بازه اندازه‌گیری|دقت,2
1523,5260-3710,ساعت اندیکاتور دیجیتال خروج — 0-25/4,True,,ساعت اندیکاتور دیجیتال خروج,,,False,True,False,False,False,بازه اندازه‌گیری|دقت,2
1524,5260-3715,ساعت اندیکاتور دیجیتال خروج — 0-5,True,,ساعت اندیکاتور دیجیتال خروج,,,False,True,False,False,False,بازه اندازه‌گیری|دقت,2
1525,5260-3720,ساعت اندیکاتور دیجیتال خروج — 0-100mm/0-4,True,,ساعت اندیکاتور دیجیتال خروج,,,False,True,False,False,False,بازه اندازه‌گیری|دقت,2
1526,5260-4205,ساعت اندیکاتور دیجیتال خروج — 0-12/7,True,,ساعت اندیکاتور دیجیتال خروج,,,False,True,False,False,False,بازه اندازه‌گیری|دقت,2
1527,5260-4210,ساعت اندیکاتور دیجیتال خروج — 0-25/4,True,,ساعت اندیکاتور دیجیتال خروج,,,False,True,False,False,False,بازه اندازه‌گیری|دقت,2
1528,5260-4215,ساعت اندیکاتور دیجیتال خروج — 0-5,True,,ساعت اندیکاتور دیجیتال خروج,,,False,True,False,False,False,بازه اندازه‌گیری|دقت,2
1529,5261-1205,ساعت اندیکاتور دیجیتال شارژی — 0-12/7,True,,ساعت اندیکاتور دیجیتال شارژی,,,False,True,False,False,False,بازه اندازه‌گیری|دقت,2
1530,5333-6101,پراپ ساعت غلطیک استیل اسنلس,True,,پراپ ساعت غلطیک استیل اسنلس,,,False,True,False,False,False,,0
1531,5333-6303,پراپ ساعت غلطیک استیل اسنلس,True,,پراپ ساعت غلطیک استیل اسنلس,,,False,True,False,False,False,,0
1532,5333-7001,نوک پراب ساعت اندیکاتور داسکوا کد 5333-7001,True,,پراب ساعت رس پيچ گوشت,,,False,True,False,False,False,,0
1533,5333-7201,نوک پراب ساعت اندیکاتور داسکوا کد 5333-7201,True,,پراب ساعت رس پيچ گوشت,,,False,True,False,False,False,,0
1534,5333-7203,نوک پراب ساعت اندیکاتور داسکوا کد 5333-7203,True,,پراب ساعت رس پيچ گوشت,,,False,True,False,False,False,,0
1535,5333-7204,نوک پراب ساعت اندیکاتور داسکوا کد 5333-7204,True,,پراب ساعت رس پيچ گوشت,,,False,True,False,False,False,دقت,1
1536,5333-7205,نوک پراب ساعت اندیکاتور داسکوا کد 5333-7205,True,,پراب ساعت رس پيچ گوشت,,,False,True,False,False,False,,0
1537,5333-7602,نوک پراب ساعت اندیکاتور داسکوا کد 5333-7602,True,,پراب ساعت رس پيچ گوشت,,,False,True,False,False,False,دقت,1
1538,5333-7603,نوک پراب ساعت اندیکاتور داسکوا کد 5333-7603,True,,پراب ساعت رس پيچ گوشت,,,False,True,False,False,False,دقت,1
1539,5333-7604,نوک پراب ساعت اندیکاتور داسکوا کد 5333-7604,True,,پراب ساعت رس پيچ گوشت,,,False,True,False,False,False,دقت,1
1540,5333-7707,نوک پراب ساعت اندیکاتور داسکوا کد 5333-7707,True,,پراب ساعت رس پيچ گوشت,,,False,True,False,False,False,,0
1541,5333-7708,نوک پراب ساعت اندیکاتور داسکوا کد 5333-7708,True,,پراب ساعت رس پيچ گوشت,,,False,True,False,False,False,,0
1542,5333-7712,نوک پراب ساعت اندیکاتور داسکوا کد 5333-7712,True,,پراب ساعت رس پيچ گوشت,,,False,True,False,False,False,,0
1543,5333-7713,نوک پراب ساعت اندیکاتور داسکوا کد 5333-7713,True,,پراب ساعت رس پيچ گوشت,,,False,True,False,False,False,,0
1544,5333-7801,نوک پراب ساعت اندیکاتور داسکوا کد 5333-7801,True,,پراب ساعت رس پيچ گوشت,,,False,True,False,False,False,دقت,1
1545,5333-7901,پراپ ساعت غلطیک استیل اسنلس,True,,پراپ ساعت غلطیک استیل اسنلس,,,False,True,False,False,False,,0
1546,5333-8001,نوک پراب ساعت اندیکاتور داسکوا کد 5333-8001,True,,گوشتي کاربايد پراب ساعت رس پيچ 15,,,False,True,False,False,False,,0
1547,5333-8002,نوک پراب ساعت اندیکاتور داسکوا کد 5333-8002,True,,گوشتي کاربايد پراب ساعت رس پيچ 15,,,False,True,False,False,False,,0
1548,5333-8003,نوک پراب ساعت اندیکاتور داسکوا کد 5333-8003,True,,گوشتي کاربايد پراب ساعت رس پيچ 15,,,False,True,False,False,False,,0
1549,5333-8004,نوک پراب ساعت اندیکاتور داسکوا کد 5333-8004,True,,گوشتي کاربايد پراب ساعت رس پيچ 15,,,False,True,False,False,False,,0
1550,5333-8005,نوک پراب ساعت اندیکاتور داسکوا کد 5333-8005,True,,گوشتي کاربايد پراب ساعت رس پيچ 15,,,False,True,False,False,False,,0
1551,5333-8006,نوک پراب ساعت اندیکاتور داسکوا کد 5333-8006,True,,گوشتي کاربايد پراب ساعت رس پيچ 15,,,False,True,False,False,False,,0
1552,5333-8007,نوک پراب ساعت اندیکاتور داسکوا کد 5333-8007,True,,گوشتي کاربايد پراب ساعت رس پيچ 15,,,False,True,False,False,False,,0
1553,5333-8008,نوک پراب ساعت اندیکاتور داسکوا کد 5333-8008,True,,گوشتي کاربايد پراب ساعت رس پيچ 15,,,False,True,False,False,False,,0
1554,5333-8009,نوک پراب ساعت اندیکاتور داسکوا کد 5333-8009,True,,گوشتي کاربايد پراب ساعت رس پيچ 15,,,False,True,False,False,False,,0
1555,5340-8110,ساعت اندیکاتور دیجیتال کورس بلند — 0-25/4,True,,ساعت اندیکاتور دیجیتال کورس بلند,,,False,True,False,False,False,بازه اندازه‌گیری|دقت,2
1556,5340-8115,ساعت اندیکاتور دیجیتال کورس بلند — 0-5,True,,ساعت اندیکاتور دیجیتال کورس بلند,,,False,True,False,False,False,بازه اندازه‌گیری|دقت,2
1557,5351-2110,ساعت اندازه گی — 0,True,,ساعت اندازه گی,,,False,True,False,False,False,بازه اندازه‌گیری|دقت,2
1558,5361-0005,ساعت اندازه گی — 0-50mm,True,,ساعت اندازه گی,,,False,True,False,False,False,بازه اندازه‌گیری|دقت,2
1559,5410-8205,ساعت شیطانیک دیجیتال ضد آب — 0,True,,ساعت شیطانیک دیجیتال ضد آب,,,False,True,False,False,False,بازه اندازه‌گیری|دقت,2
1560,5510-0005,مجموعه گیج داخل سیلندر با پراپ — 0-50mm,True,,مجموعه گیج داخل سیلندر با پراپ,,,False,True,False,False,False,بازه اندازه‌گیری|دقت,2
1561,5511-1100,گیج داخل سیلندر ساعت — 0-1100mm,True,,گیج داخل سیلندر ساعت,,,False,True,False,False,False,بازه اندازه‌گیری|دقت,2
1562,5511-1105,گیج داخل سیلندر ساعت — 0-1105mm,True,,گیج داخل سیلندر ساعت,,,False,True,False,False,False,بازه اندازه‌گیری|دقت,2
1563,5511-1110,ساعت با پراپ های گیج داخل سیلندر — 0-18mm,True,,ساعت با پراپ های گیج داخل سیلندر,,,False,True,False,False,False,بازه اندازه‌گیری|دقت,2
1564,5511-1115,ساعت با پراپ های گیج داخل سیلندر — 0-1115mm,True,,ساعت با پراپ های گیج داخل سیلندر,,,False,True,False,False,False,بازه اندازه‌گیری|دقت,2
1565,5511-1120,گیج داخل سیلندر ساعت — 0-1120mm,True,,گیج داخل سیلندر ساعت,,,False,True,False,False,False,بازه اندازه‌گیری|دقت,2
1566,5511-1121,گیج داخل سیلندر ساعت — 0-1121mm,True,,گیج داخل سیلندر ساعت,,,False,True,False,False,False,بازه اندازه‌گیری|دقت,2
1567,5511-1130,ساعت با پراپ های گیج داخل سیلندر — 0-160mm,True,,ساعت با پراپ های گیج داخل سیلندر,,,False,True,False,False,False,بازه اندازه‌گیری|دقت,2
1568,5511-1135,ساعت با پراپ های گیج داخل سیلندر — 0-250mm,True,,ساعت با پراپ های گیج داخل سیلندر,,,False,True,False,False,False,بازه اندازه‌گیری|دقت,2
1569,5511-1140,گیج داخل سیلندر ساعت — 0-450mm,True,,گیج داخل سیلندر ساعت,,,False,True,False,False,False,بازه اندازه‌گیری|دقت,2
1570,5511-2105,گیج داخل سیلندر با پراپ های,True,,گیج داخل سیلندر با پراپ های,,,False,True,False,False,False,دقت,1
1571,5511-2110,گیج داخل سیلندر با پراپ های — 0-18mm,True,,گیج داخل سیلندر با پراپ های,,,False,True,False,False,False,بازه اندازه‌گیری|دقت,2
1572,5511-2115,گیج داخل سیلندر با پراپ های,True,,گیج داخل سیلندر با پراپ های,,,False,True,False,False,False,دقت,1
1573,5511-2120,گیج داخل سیلندر با پراپ های,True,,گیج داخل سیلندر با پراپ های,,,False,True,False,False,False,دقت,1
1574,5511-2130,گیج داخل سیلندر با پراپ های — 0-160mm,True,,گیج داخل سیلندر با پراپ های,,,False,True,False,False,False,بازه اندازه‌گیری|دقت,2
1575,5581-0005,گیج داخل سیلندر ساعت — 0-800mm,True,,گیج داخل سیلندر ساعت,,,False,True,False,False,False,بازه اندازه‌گیری|دقت,2
1576,5610-8105,گیج داخل سیلندر با پراپ هاي,True,,گیج داخل سیلندر با پراپ هاي,,,False,True,False,False,False,دقت,1
1577,5610-8110,گیج داخل سیلندر با پراپ هاي — 0-18mm,True,,گیج داخل سیلندر با پراپ هاي,,,False,True,False,False,False,بازه اندازه‌گیری|دقت,2
1578,5610-8115,گیج داخل سیلندر با پراپ هاي,True,,گیج داخل سیلندر با پراپ هاي,,,False,True,False,False,False,دقت,1
1579,5610-8120,گیج داخل سیلندر با پراپ هاي,True,,گیج داخل سیلندر با پراپ هاي,,,False,True,False,False,False,دقت,1
1580,5610-8125,گیج داخل سیلندر با پراپ هاي — 0-160mm/2-6/3,True,,گیج داخل سیلندر با پراپ هاي,,,False,True,False,False,False,بازه اندازه‌گیری|دقت,2
1581,5610-8130,گیج داخل سیلندر با پراپ هاي — 0-250mm/6-10,True,,گیج داخل سیلندر با پراپ هاي,,,False,True,False,False,False,بازه اندازه‌گیری|دقت,2
1582,5610-8135,گیج داخل سیلندر با پراپ هاي — 0-450mm/10-16,True,,گیج داخل سیلندر با پراپ هاي,,,False,True,False,False,False,بازه اندازه‌گیری|دقت,2
1583,5711-0005,محوریاب سه بعدی یونیورسال طول و عرض و ارتفاع (ساخت آلمان) — 0-1/5,True,,محوریاب سه بعدی یونیورسال طول و عرض و ارتفاع (ساخت آلمان),,,False,False,True,False,False,بازه اندازه‌گیری|دقت,2
1584,5712-1100,ساعت مرکزیاب — 0-3mm,True,,ساعت مرکزیاب,,,False,True,False,False,False,بازه اندازه‌گیری|دقت,2
1585,5751-0010,ساعت میل لنگ — 0-500mm,True,,ساعت میل لنگ,,,False,True,False,False,False,بازه اندازه‌گیری|دقت,2
1586,5760-1005,ساعت مرکزیاب 1 — 0-1005mm,True,,ساعت مرکزیاب 1,,,False,True,False,False,False,بازه اندازه‌گیری|دقت,2
1587,5800-1015,پرگار داخل سنج با رسهای تعویض — 0-1015mm,True,,پرگار داخل سنج با رسهای تعویض,,,False,True,False,False,False,بازه اندازه‌گیری|دقت,2
1588,5810-2005,ساعت دسته دار بلند پرگار داخل سنج,True,,ساعت دسته دار بلند پرگار داخل سنج,,,False,True,False,False,False,دقت,1
1589,5810-2010,ساعت پرگار داخل سنج 1,True,,ساعت پرگار داخل سنج 1,,,False,True,False,False,False,دقت,1
1590,5810-2015,ساعت پرگار داخل سنج 2,True,,ساعت پرگار داخل سنج 2,,,False,True,False,False,False,دقت,1
1591,5810-2020,ساعت پرگار داخل سنج 3,True,,ساعت پرگار داخل سنج 3,,,False,True,False,False,False,دقت,1
1592,5810-3105,خط کش دیجیتال ضد آب و روغن — 0-150mm/0-6,True,,خط کش دیجیتال ضد آب و روغن,,,False,True,False,False,False,بازه اندازه‌گیری|دقت,2
1593,5810-3110,خط کش دیجیتال ضد آب و روغن — 0-200mm/0-8,True,,خط کش دیجیتال ضد آب و روغن,,,False,True,False,False,False,بازه اندازه‌گیری|دقت,2
1594,5810-3115,خط کش دیجیتال ضد آب و روغن — 0-300mm/0-12,True,,خط کش دیجیتال ضد آب و روغن,,,False,True,False,False,False,بازه اندازه‌گیری|دقت,2
1595,5810-3120,خط کش دیجیتال ضد آب و روغن — 0-600mm/0-24,True,,خط کش دیجیتال ضد آب و روغن,,,False,True,False,False,False,بازه اندازه‌گیری|دقت,2
1596,5810-3125,خط کش دیجیتال ضد آب و روغن — 0-1000mm/0-40,True,,خط کش دیجیتال ضد آب و روغن,,,False,True,False,False,False,بازه اندازه‌گیری|دقت,2
1597,5811-0005,پرگار داخل سنج دیجیتال دسته دار بلند — 0-50mm,True,,پرگار داخل سنج دیجیتال دسته دار بلند,,,False,True,False,False,False,بازه اندازه‌گیری|دقت,2
1598,5811-0010,پرگار داخل سنج دیجیتال دسته دار بلند — 0-100mm,True,,پرگار داخل سنج دیجیتال دسته دار بلند,,,False,True,False,False,False,بازه اندازه‌گیری|دقت,2
1599,5811-0015,پرگار داخل سنج دیجیتال دسته دار بلند — 0-150mm,True,,پرگار داخل سنج دیجیتال دسته دار بلند,,,False,True,False,False,False,بازه اندازه‌گیری|دقت,2
1600,5811-0020,پرگار داخل سنج دیجیتال دسته دار بلند — 0-200mm,True,,پرگار داخل سنج دیجیتال دسته دار بلند,,,False,True,False,False,False,بازه اندازه‌گیری|دقت,2
1601,5820-0005,ساعت اندیکاتور دیجیتال IP65 — 0-12/7,True,,ساعت اندیکاتور دیجیتال IP65,,,False,True,False,False,False,بازه اندازه‌گیری|دقت,2
1602,5820-0010,ساعت اندیکاتور دیجیتال IP65 — 0-25/4,True,,ساعت اندیکاتور دیجیتال IP65,,,False,True,False,False,False,بازه اندازه‌گیری|دقت,2
1603,5820-0015,ساعت اندیکاتور دیجیتال IP65 — 0-5,True,,ساعت اندیکاتور دیجیتال IP65,,,False,True,False,False,False,بازه اندازه‌گیری|دقت,2
1604,5820-0020,ساعت اندیکاتور دیجیتال IP65 — 0-100mm/0-4,True,,ساعت اندیکاتور دیجیتال IP65,,,False,True,False,False,False,بازه اندازه‌گیری|دقت,2
1605,5831-0005,شعاع سنج دیجیتال — 0-50mm,True,,شعاع سنج دیجیتال,,,False,True,False,False,False,بازه اندازه‌گیری|دقت,2
1606,5840-6200,ضخامت سنج پراپ رسامییک دیجیتال — 0-10mm,True,,ضخامت سنج پراپ رسامییک دیجیتال,,,False,True,False,False,False,بازه اندازه‌گیری|دقت,2
1607,5840-6205,ضخامت سنج پراپ رسامییک دیجیتال — 0-10mm,True,,ضخامت سنج پراپ رسامییک دیجیتال,,,False,True,False,False,False,بازه اندازه‌گیری|دقت,2
1608,5840-6240,ضخامت سنج پراپ رسامییک دیجیتال — 0-10mm,True,,ضخامت سنج پراپ رسامییک دیجیتال,,,False,True,False,False,False,بازه اندازه‌گیری|دقت,2
1609,5841-1105,ضخامت سنج پراپ رسامییک با ي — 0-10mm,True,,ضخامت سنج پراپ رسامییک با ي,,,False,True,False,False,False,بازه اندازه‌گیری|دقت,2
1610,5841-1110,ضخامت سنج پراپ رسامییک با ي — 0-20mm,True,,ضخامت سنج پراپ رسامییک با ي,,,False,True,False,False,False,بازه اندازه‌گیری|دقت,2
1611,5841-8106,ضخامت سنج ساعت 2 — 0-30mm,True,,ضخامت سنج ساعت 2,,,False,True,False,False,False,بازه اندازه‌گیری|دقت,2
1612,5841-9105,ساعت لوله ضخامت سنج — 0-10mm,True,,ساعت لوله ضخامت سنج,,,False,True,False,False,False,بازه اندازه‌گیری|دقت,2
1613,5911-0001,گیج داخل تلسکون — 0-10mm,True,,گیج داخل تلسکون,,,False,True,False,False,False,بازه اندازه‌گیری,1
1614,5911-0002,گیج داخل تلسکون — 0-20mm,True,,گیج داخل تلسکون,,,False,True,False,False,False,بازه اندازه‌گیری,1
1615,5921-0005,گیج داخل ساعت — 0-13mm,True,,گیج داخل ساعت,,,False,True,False,False,False,بازه اندازه‌گیری|دقت,2
1616,6110-1112,جعبه راپورتر (گیج بلوک) — 0-1112mm,True,,جعبه راپورتر (گیج بلوک),,,False,True,False,False,False,بازه اندازه‌گیری,1
1617,6110-1232,جعبه راپورتر (گیج بلوک) — 0-1232mm,True,,جعبه راپورتر (گیج بلوک),,,False,True,False,False,False,بازه اندازه‌گیری,1
1618,6110-1247,جعبه راپورتر (گیج بلوک) — 0-1247mm,True,,جعبه راپورتر (گیج بلوک),,,False,True,False,False,False,بازه اندازه‌گیری,1
1619,6110-1287,جعبه راپورتر (گیج بلوک) — 0-1287mm,True,,جعبه راپورتر (گیج بلوک),,,False,True,False,False,False,بازه اندازه‌گیری,1
1620,6111-1112,جعبه راپورتر (گیج بلوک) — 0-1112mm,True,,جعبه راپورتر (گیج بلوک),,,False,True,False,False,False,بازه اندازه‌گیری,1
1621,6111-1232,جعبه راپورتر (گیج بلوک) — 0-1232mm,True,,جعبه راپورتر (گیج بلوک),,,False,True,False,False,False,بازه اندازه‌گیری,1
1622,6111-1247,جعبه راپورتر (گیج بلوک) — 0-1247mm,True,,جعبه راپورتر (گیج بلوک),,,False,True,False,False,False,بازه اندازه‌گیری,1
1623,6111-1287,جعبه راپورتر (گیج بلوک) — 0-1287mm,True,,جعبه راپورتر (گیج بلوک),,,False,True,False,False,False,بازه اندازه‌گیری,1
1624,6112-1112,جعبه راپورتر (گیج بلوک) — 0-1112mm,True,,جعبه راپورتر (گیج بلوک),,,False,True,False,False,False,بازه اندازه‌گیری,1
1625,6112-1232,جعبه راپورتر (گیج بلوک) — 0-1232mm,True,,جعبه راپورتر (گیج بلوک),,,False,True,False,False,False,بازه اندازه‌گیری,1
1626,6112-1247,جعبه راپورتر (گیج بلوک) — 0-1247mm,True,,جعبه راپورتر (گیج بلوک),,,False,True,False,False,False,بازه اندازه‌گیری,1
1627,6112-1287,جعبه راپورتر (گیج بلوک) — 0-1287mm,True,,جعبه راپورتر (گیج بلوک),,,False,True,False,False,False,بازه اندازه‌گیری,1
1628,6211-4205,مجموعه رپیر گیج 91عددی,True,,مجموعه رپیر گیج 91عددی,,,False,True,False,False,False,دقت,1
1629,6211-4210,پی گیج 51عددی 20,True,,پی گیج 51عددی 20,,,False,True,False,False,False,دقت,1
1630,6211-4300,مجموعه رپیر گیج 91عددی,True,,مجموعه رپیر گیج 91عددی,,,False,True,False,False,False,دقت,1
1631,6211-4301,پی گیج 31عددی 1,True,,پی گیج 31عددی 1,,,False,True,False,False,False,دقت,1
1632,6211-4302,پی گیج 51عددی 2,True,,پی گیج 51عددی 2,,,False,True,False,False,False,دقت,1
1633,6211-4303,پی گیج 51عددی 3,True,,پی گیج 51عددی 3,,,False,True,False,False,False,دقت,1
1634,6211-4304,پی گیج 51عددی 4,True,,پی گیج 51عددی 4,,,False,True,False,False,False,دقت,1
1635,6211-4305,پی گیج 51عددی 5,True,,پی گیج 51عددی 5,,,False,True,False,False,False,دقت,1
1636,6211-4306,پی گیج 51عددی 6,True,,پی گیج 51عددی 6,,,False,True,False,False,False,دقت,1
1637,6211-4307,پی گیج 51عددی 7,True,,پی گیج 51عددی 7,,,False,True,False,False,False,دقت,1
1638,6211-4308,پی گیج 51عددی 8,True,,پی گیج 51عددی 8,,,False,True,False,False,False,دقت,1
1639,6211-4309,پی گیج 51عددی 9,True,,پی گیج 51عددی 9,,,False,True,False,False,False,دقت,1
1640,6211-4310,پی گیج 51عددی 10,True,,پی گیج 51عددی 10,,,False,True,False,False,False,دقت,1
1641,6211-4311,پی گیج 51عددی 11,True,,پی گیج 51عددی 11,,,False,True,False,False,False,دقت,1
1642,6211-4312,پی گیج 51عددی 12,True,,پی گیج 51عددی 12,,,False,True,False,False,False,دقت,1
1643,6211-4313,پی گیج 51عددی 13,True,,پی گیج 51عددی 13,,,False,True,False,False,False,دقت,1
1644,6211-4314,پی گیج 51عددی 14,True,,پی گیج 51عددی 14,,,False,True,False,False,False,دقت,1
1645,6211-4315,پی گیج 51عددی 15,True,,پی گیج 51عددی 15,,,False,True,False,False,False,دقت,1
1646,6211-4316,پی گیج 51عددی 16,True,,پی گیج 51عددی 16,,,False,True,False,False,False,دقت,1
1647,6211-4317,پی گیج 51عددی 17,True,,پی گیج 51عددی 17,,,False,True,False,False,False,دقت,1
1648,6211-4318,پی گیج 51عددی 18,True,,پی گیج 51عددی 18,,,False,True,False,False,False,دقت,1
1649,6211-4319,پی گیج 51عددی 19,True,,پی گیج 51عددی 19,,,False,True,False,False,False,دقت,1
1650,6310-0001,گیج رزوه تون 5 — 0-10mm,True,,گیج رزوه تون 5,,,False,True,False,False,False,بازه اندازه‌گیری|دقت,2
1651,6310-0002,گیج رزوه تون 7 — 0-20mm,True,,گیج رزوه تون 7,,,False,True,False,False,False,بازه اندازه‌گیری|دقت,2
1652,6310-0003,گیج رزوه تون 8 — 0-30mm,True,,گیج رزوه تون 8,,,False,True,False,False,False,بازه اندازه‌گیری|دقت,2
1653,6310-0004,گیج رزوه تون 9 — 0-40mm,True,,گیج رزوه تون 9,,,False,True,False,False,False,بازه اندازه‌گیری,1
1654,6310-0005,گیج رزوه ی 10 — 0-50mm,True,,گیج رزوه ی 10,,,False,True,False,False,False,بازه اندازه‌گیری,1
1655,6310-0006,گیج رزوه ی 11 — 0-60mm,True,,گیج رزوه ی 11,,,False,True,False,False,False,بازه اندازه‌گیری,1
1656,6310-0007,گیج رزوه ی 12 — 0-70mm,True,,گیج رزوه ی 12,,,False,True,False,False,False,بازه اندازه‌گیری,1
1657,6310-0008,گیج رزوه ی 13 — 0-80mm,True,,گیج رزوه ی 13,,,False,True,False,False,False,بازه اندازه‌گیری,1
1658,6310-0009,گیج رزوه ی 14 — 0-90mm,True,,گیج رزوه ی 14,,,False,True,False,False,False,بازه اندازه‌گیری,1
1659,6310-0010,گیج رزوه ی 15 — 0-100mm,True,,گیج رزوه ی 15,,,False,True,False,False,False,بازه اندازه‌گیری,1
1660,6310-0011,گیج رزوه تون — 0-110mm,True,,گیج رزوه تون,,,False,True,False,False,False,بازه اندازه‌گیری|دقت,2
1661,6310-0012,گیج رزوه تون 1 — 0-120mm,True,,گیج رزوه تون 1,,,False,True,False,False,False,بازه اندازه‌گیری|دقت,2
1662,6310-0013,گیج رزوه تون 2 — 0-130mm,True,,گیج رزوه تون 2,,,False,True,False,False,False,بازه اندازه‌گیری|دقت,2
1663,6310-0014,گیج رزوه تون 3 — 0-140mm,True,,گیج رزوه تون 3,,,False,True,False,False,False,بازه اندازه‌گیری|دقت,2
1664,6310-0015,گیج رزوه تون 4 — 0-150mm,True,,گیج رزوه تون 4,,,False,True,False,False,False,بازه اندازه‌گیری|دقت,2
1665,6310-0016,گیج رزوه تون 6 — 0-160mm,True,,گیج رزوه تون 6,,,False,True,False,False,False,بازه اندازه‌گیری|دقت,2
1666,6310-0017,گیج رزوه ی 16 — 0-170mm,True,,گیج رزوه ی 16,,,False,True,False,False,False,بازه اندازه‌گیری,1
1667,6310-0018,گیج رزوه ی 17 — 0-180mm,True,,گیج رزوه ی 17,,,False,True,False,False,False,بازه اندازه‌گیری,1
1668,6310-0019,گیج رزوه ی 18 — 0-190mm,True,,گیج رزوه ی 18,,,False,True,False,False,False,بازه اندازه‌گیری,1
1669,6310-0020,گیج رزوه ی 19 — 0-200mm,True,,گیج رزوه ی 19,,,False,True,False,False,False,بازه اندازه‌گیری,1
1670,6310-0021,گیج رزوه ی 20 — 0-210mm,True,,گیج رزوه ی 20,,,False,True,False,False,False,بازه اندازه‌گیری,1
1671,6310-0022,گیج رزوه ی 21 — 0-220mm,True,,گیج رزوه ی 21,,,False,True,False,False,False,بازه اندازه‌گیری,1
1672,6310-0023,گیج رزوه ی 22 — 0-230mm,True,,گیج رزوه ی 22,,,False,True,False,False,False,بازه اندازه‌گیری,1
1673,6310-0024,گیج رزوه ی 23 — 0-240mm,True,,گیج رزوه ی 23,,,False,True,False,False,False,بازه اندازه‌گیری,1
1674,6310-0025,گیج رزوه ی 24 — 0-25mm,True,,گیج رزوه ی 24,,,False,True,False,False,False,بازه اندازه‌گیری,1
1675,6350-0005,سوزن) شابلون گپ ( شابلون 2 — 0-50mm,True,,سوزن) شابلون گپ ( شابلون 2,,,False,True,False,False,False,بازه اندازه‌گیری|دقت,2
1676,6703-1005,میکروسکوپ اندازه گی 1 — 0-1005mm,True,,میکروسکوپ اندازه گی 1,,,False,True,False,False,False,بازه اندازه‌گیری,1
1677,6710-0005,زبری سنج دیجیتال پرتابل — 0-50mm,True,,زبری سنج دیجیتال پرتابل,,,False,True,False,False,False,بازه اندازه‌گیری,1
1678,7000-0010,پایه ساعت هیدرولیک با بازوی سه — 0-100mm,True,,پایه ساعت هیدرولیک با بازوی سه,,,False,True,False,False,False,بازه اندازه‌گیری,1
1679,7111-1105,میکرومی ی پایه — 0-1105mm,True,,میکرومی ی پایه,,,False,True,False,False,False,بازه اندازه‌گیری|دقت,2
1680,7121-0025,پایه ساعت مفصیل قوی ( جایگزین پایه هیدرولیک) — 0-25mm,True,,پایه ساعت مفصیل قوی ( جایگزین پایه هیدرولیک),,,False,False,True,False,False,بازه اندازه‌گیری,1
1681,7121-0030,پایه ساعت مفصیل قوی ( جایگزین پایه هیدرولیک) — 0-30mm,True,,پایه ساعت مفصیل قوی ( جایگزین پایه هیدرولیک),,,False,False,True,False,False,بازه اندازه‌گیری,1
1682,7121-0035,پایه ساعت مفصیل قوی ( جایگزین پایه هیدرولیک) — 0-35mm,True,,پایه ساعت مفصیل قوی ( جایگزین پایه هیدرولیک),,,False,False,True,False,False,بازه اندازه‌گیری,1
1683,7121-0045,پایه ساعت مفصیل قوی ( جایگزین پایه هیدرولیک) — 0-45mm,True,,پایه ساعت مفصیل قوی ( جایگزین پایه هیدرولیک),,,False,False,True,False,False,بازه اندازه‌گیری,1
1684,7122-0005,ضخامت سنج الکی — 0-50mm,True,,ضخامت سنج الکی,,,False,True,False,False,False,بازه اندازه‌گیری,1
1685,7122-0010,ضخامت سنج الکی — 0-100mm,True,,ضخامت سنج الکی,,,False,True,False,False,False,بازه اندازه‌گیری,1
1686,7122-0015,ضخامت سنج الکی — 0-150mm,True,,ضخامت سنج الکی,,,False,True,False,False,False,بازه اندازه‌گیری,1
1687,7123-0005,پایه سوزن خط کش مگنت — 0-50mm,True,,پایه سوزن خط کش مگنت,,,False,True,False,False,False,بازه اندازه‌گیری,1
1688,7212-1015,کمی دیجیتال با درایو 1/2 1 — 0-1015mm,True,,کمی دیجیتال با درایو 1/2 1,,,False,True,False,False,False,بازه اندازه‌گیری|دقت,2
1689,7212-4020,شابلون ضخامت سنج رنگ و پوشش,True,,شابلون ضخامت سنج رنگ و پوشش,,,False,True,False,False,False,دقت,1
1690,7312-0010,پایه ساعت مفصیل با بازوی سه بعدی — 0-100mm,True,,پایه ساعت مفصیل با بازوی سه بعدی,,,False,True,False,False,False,بازه اندازه‌گیری,1
1691,7312-0015,پایه ساعت مفصیل با بازوی سه بعدی — 0-150mm,True,,پایه ساعت مفصیل با بازوی سه بعدی,,,False,True,False,False,False,بازه اندازه‌گیری,1
1692,7412-0005,پایه ساعت هیدرولیک با بازوی سه — 0-50mm,True,,پایه ساعت هیدرولیک با بازوی سه,,,False,True,False,False,False,بازه اندازه‌گیری,1
1693,7611-0020,ترازوی جیت دیجیتال — 0-200mm,True,,ترازوی جیت دیجیتال,,,False,True,False,False,False,بازه اندازه‌گیری,1
1694,7851-0005,کمی دیجیتال با درایو 1/2 1 — 0-50mm,True,,کمی دیجیتال با درایو 1/2 1,,,False,True,False,False,False,بازه اندازه‌گیری,1
1695,7851-0008,کمی دیجیتال با درایو 1/2 1 — 0-80mm,True,,کمی دیجیتال با درایو 1/2 1,,,False,True,False,False,False,بازه اندازه‌گیری,1
1696,7851-0011,کمی دیجیتال با درایو 1/2 1 — 0-110mm,True,,کمی دیجیتال با درایو 1/2 1,,,False,True,False,False,False,بازه اندازه‌گیری,1
1697,7851-0013,کمی دیجیتال با درایو 1/2 1 — 0-130mm,True,,کمی دیجیتال با درایو 1/2 1,,,False,True,False,False,False,بازه اندازه‌گیری,1
1698,7912-0004,پایه ساعت گر ی — 0-40mm,True,,پایه ساعت گر ی,,,False,True,False,False,False,بازه اندازه‌گیری,1
1699,8101-0005,سختی‌سنج شور داسکوا 0-50mm کد 8101-0005,True,,"1,336,200,000 ی ي سنج شور A,B,E,O,OO",,,False,True,False,False,False,بازه اندازه‌گیری|دقت,2
1700,8101-0010,سختی‌سنج شور داسکوا 0-100mm کد 8101-0010,True,,"1,336,200,000 ی ي سنج شور A,B,E,O,OO",,,False,True,False,False,False,بازه اندازه‌گیری|دقت,2
1701,8203-0010,سختی‌سنج شور داسکوا 0-100mm کد 8203-0010,True,,"1,336,200,000 ی ي سنج شور A,B,E,O,OO",,,False,True,False,False,False,بازه اندازه‌گیری,1
1702,8300-0015,مگنت با رنیوی مغناطیش ی — 0-150mm,True,,مگنت با رنیوی مغناطیش ی,,,False,True,False,False,False,بازه اندازه‌گیری|دقت,2
1703,8300-0020,ی با رنیوی مغناطیش — 0-200mm,True,,ی با رنیوی مغناطیش,,,False,True,False,False,False,بازه اندازه‌گیری|دقت,2
1704,8300-0025,صنعت دیجیتال تراز — 0-25mm,True,,صنعت دیجیتال تراز,,,False,True,False,False,False,بازه اندازه‌گیری|دقت,2
1705,8300-0095,ست 4عددي زاويه كوليس ديجيتال -پالستيیکي ،عمق سنج ديجيتال،تراز ديجيتال — 0-95mm,True,,ست 4عددي زاويه كوليس ديجيتال -پالستيیکي ،عمق سنج ديجيتال،تراز ديجيتال,,,False,False,True,False,False,بازه اندازه‌گیری,1
1706,8300-1000,صنعت دیجیتال بسیار دقیق تراز — 0-1000mm,True,,صنعت دیجیتال بسیار دقیق تراز,,,False,True,False,False,False,بازه اندازه‌گیری|دقت,2
1707,8301-0003,صنعت چهارگوش تراز 6 — 0-30mm,True,,صنعت چهارگوش تراز 6,,,False,True,False,False,False,بازه اندازه‌گیری|دقت,2
1708,8301-0005,صنعت تخت تراز 3 — 0-50mm,True,,صنعت تخت تراز 3,,,False,True,False,False,False,بازه اندازه‌گیری|دقت,2
1709,8301-0006,تراز صنعت 7 — 0-60mm,True,,تراز صنعت 7,,,False,True,False,False,False,بازه اندازه‌گیری|دقت,2
1710,8301-0009,صنعت چهارگوش تراز 8 — 0-90mm,True,,صنعت چهارگوش تراز 8,,,False,True,False,False,False,بازه اندازه‌گیری|دقت,2
1711,8301-0010,صنعت تخت تراز 4 — 0-100mm,True,,صنعت تخت تراز 4,,,False,True,False,False,False,بازه اندازه‌گیری|دقت,2
1712,8301-0013,تراز صنعت 9 — 0-130mm,True,,تراز صنعت 9,,,False,True,False,False,False,بازه اندازه‌گیری|دقت,2
1713,8301-0015,صنعت تخت تراز 5 — 0-150mm,True,,صنعت تخت تراز 5,,,False,True,False,False,False,بازه اندازه‌گیری|دقت,2
1714,8301-1005,صنعت تخت تراز — 0-1005mm,True,,صنعت تخت تراز,,,False,True,False,False,False,بازه اندازه‌گیری|دقت,2
1715,8301-1009,ی تراز صنعت 4 — 0-1009mm,True,,ی تراز صنعت 4,,,False,True,False,False,False,بازه اندازه‌گیری|دقت,2
1716,8301-1010,صنعت تخت تراز 1 — 0-1010mm,True,,صنعت تخت تراز 1,,,False,True,False,False,False,بازه اندازه‌گیری|دقت,2
1717,8301-1013,صنعت چهارگوش تراز 5 — 0-1013mm,True,,صنعت چهارگوش تراز 5,,,False,True,False,False,False,بازه اندازه‌گیری|دقت,2
1718,8301-1020,صنعت تخت تراز 2 — 0-1020mm,True,,صنعت تخت تراز 2,,,False,True,False,False,False,بازه اندازه‌گیری|دقت,2
1719,8301-2645,تراز تخت دیجیتال مگنت دار با — 0,True,,تراز تخت دیجیتال مگنت دار با,,,False,True,False,False,False,بازه اندازه‌گیری|دقت,2
1720,8301-2655,تراز تخت دیجیتال مگنت دار با — 0,True,,تراز تخت دیجیتال مگنت دار با,,,False,True,False,False,False,بازه اندازه‌گیری|دقت,2
1721,8400-0000,تراز دیجیتال مگنت دار ابسلوت ضد,True,,تراز دیجیتال مگنت دار ابسلوت ضد,,,False,True,False,False,False,,0
1722,8400-0005,تراز دیجیتال مگنت دار ابسلوت ضد — 0-50mm,True,,تراز دیجیتال مگنت دار ابسلوت ضد,,,False,True,False,False,False,بازه اندازه‌گیری|دقت,2
1723,8500-1063,ضخامت سنج الکی — 0-1063mm,True,,ضخامت سنج الکی,,,False,True,False,False,False,بازه اندازه‌گیری,1
1724,8500-1075,ضخامت سنج الکی — 0-1075mm,True,,ضخامت سنج الکی,,,False,True,False,False,False,بازه اندازه‌گیری,1
1725,8500-3020,صفحه گرانیتی داسکوا 300×200mm کد 8500-3020,True,,ضخامت سنج الکی,,,False,True,False,False,False,,0
1726,8500-3030,صفحه گرانیتی داسکوا 300×300mm کد 8500-3030,True,,ضخامت سنج الکی,,,False,True,False,False,False,,0
1727,8500-4025,صفحه گرانیتی داسکوا 400×250mm کد 8500-4025,True,,ضخامت سنج الکی,,,False,True,False,False,False,,0
1728,8500-4040,صفحه گرانیتی داسکوا 400×400mm کد 8500-4040,True,,ضخامت سنج الکی,,,False,True,False,False,False,,0
1729,8500-4545,صفحه گرانیتی داسکوا 450×450mm کد 8500-4545,True,,ضخامت سنج الکی,,,False,True,False,False,False,,0
1730,8500-5032,صفحه گرانیتی داسکوا 500×320mm کد 8500-5032,True,,ضخامت سنج الکی,,,False,True,False,False,False,,0
1731,8500-6340,صفحه گرانیتی داسکوا 630×400mm کد 8500-6340,True,,ضخامت سنج الکی,,,False,True,False,False,False,,0
1732,8500-6363,صفحه گرانیتی داسکوا 630×630mm کد 8500-6363,True,,ضخامت سنج الکی,,,False,True,False,False,False,,0
1733,8500-8050,صفحه گرانیتی داسکوا 800×500mm کد 8500-8050,True,,ضخامت سنج الکی,,,False,True,False,False,False,,0
1734,8511-0005,شابلون شعاع سنج — 0-50mm,True,,شابلون شعاع سنج,,,False,True,False,False,False,بازه اندازه‌گیری,1
1735,8511-0010,زاویه نوک 118درجه ،تا Φ50مییل ی شابلون مته 118درجه تا سایز 50 — 0-100mm,True,,زاویه نوک 118درجه ،تا Φ50مییل ی شابلون مته 118درجه تا سایز 50,,,False,False,True,False,False,بازه اندازه‌گیری,1
1736,8511-0020,ساعت تلسکونی گیج داخل 1 — 0-200mm,True,,ساعت تلسکونی گیج داخل 1,,,False,True,False,False,False,بازه اندازه‌گیری|دقت,2
1737,8511-0030,ساعت تلسکونی گیج داخل 1 — 0-30mm,True,,ساعت تلسکونی گیج داخل 1,,,False,True,False,False,False,بازه اندازه‌گیری|دقت,2
1738,8511-2005,گیج تست رزوه,True,,گیج تست رزوه,,,False,True,False,False,False,,0
1739,8511-2010,گیج تست رزوه,True,,گیج تست رزوه,,,False,True,False,False,False,دقت,1
1740,8521-0005,شابلون گپ سنج — 0-50mm,True,,شابلون گپ سنج,,,False,True,False,False,False,بازه اندازه‌گیری|دقت,2
1741,8521-0010,شابلون گپ سنج — 0-100mm,True,,شابلون گپ سنج,,,False,True,False,False,False,بازه اندازه‌گیری|دقت,2
1742,8521-0015,شابلون گپ سنج — 0-45mm,True,,شابلون گپ سنج,,,False,True,False,False,False,بازه اندازه‌گیری|دقت,2
1743,8521-0020,شابلون گپ سنج — 0-200mm,True,,شابلون گپ سنج,,,False,True,False,False,False,بازه اندازه‌گیری|دقت,2
1744,8530-1005,ساعت تلسکونی گیج داخل 1 — 0-1,True,,ساعت تلسکونی گیج داخل 1,,,False,True,False,False,False,بازه اندازه‌گیری|دقت,2
1745,8531-0005,ساعت تلسکونی گیج داخل 1 — 0-50mm,True,,ساعت تلسکونی گیج داخل 1,,,False,True,False,False,False,بازه اندازه‌گیری|دقت,2
1746,8561-2005,سختی‌سنج شور داسکوا کد 8561-2005,True,,"1,336,200,000 ی ي سنج شور A,B,E,O,OO",,,False,True,False,False,False,,0
1747,8561-2010,سختی‌سنج شور داسکوا کد 8561-2010,True,,"1,336,200,000 ی ي سنج شور A,B,E,O,OO",,,False,True,False,False,False,,0
1748,8561-2015,سختی‌سنج شور داسکوا کد 8561-2015,True,,"1,336,200,000 ی ي سنج شور A,B,E,O,OO",,,False,True,False,False,False,,0
1749,8561-2020,سختی‌سنج شور داسکوا کد 8561-2020,True,,"1,336,200,000 ی ي سنج شور A,B,E,O,OO",,,False,True,False,False,False,,0
1750,8561-2025,سختی‌سنج شور داسکوا کد 8561-2025,True,,"1,336,200,000 ی ي سنج شور A,B,E,O,OO",,,False,True,False,False,False,,0
1751,8561-2030,سختی‌سنج شور داسکوا کد 8561-2030,True,,"1,336,200,000 ی ي سنج شور A,B,E,O,OO",,,False,True,False,False,False,,0
1752,8561-2035,سختی‌سنج شور داسکوا کد 8561-2035,True,,"1,336,200,000 ی ي سنج شور A,B,E,O,OO",,,False,True,False,False,False,,0
1753,8802-5105,سختی‌سنج شور داسکوا کد 8802-5105,True,,"1,336,200,000 ی ي سنج شور A,B,E,O,OO",,,False,True,False,False,False,,0
1754,8802-5110,سختی‌سنج شور داسکوا کد 8802-5110,True,,"1,336,200,000 ی ي سنج شور A,B,E,O,OO",,,False,True,False,False,False,,0
1755,8802-5115,سختی‌سنج شور داسکوا کد 8802-5115,True,,"1,336,200,000 ی ي سنج شور A,B,E,O,OO",,,False,True,False,False,False,,0
1756,8802-5120,سختی‌سنج شور داسکوا کد 8802-5120,True,,"1,336,200,000 ی ي سنج شور A,B,E,O,OO",,,False,True,False,False,False,,0
1757,8802-5125,سختی‌سنج شور داسکوا کد 8802-5125,True,,"1,336,200,000 ی ي سنج شور A,B,E,O,OO",,,False,True,False,False,False,,0
1758,9110-0005,خط کش زاویه سنج دیجیتال دو خط — 0-50mm,True,,خط کش زاویه سنج دیجیتال دو خط,,,False,True,False,False,False,بازه اندازه‌گیری,1
1759,9110-0010,خط کش زاویه سنج دیجیتال دو خط — 0-100mm,True,,خط کش زاویه سنج دیجیتال دو خط,,,False,True,False,False,False,بازه اندازه‌گیری,1
1760,9110-0015,خط کش زاویه سنج دیجیتال دو خط — 0-150mm,True,,خط کش زاویه سنج دیجیتال دو خط,,,False,True,False,False,False,بازه اندازه‌گیری,1
1761,9110-0020,خط کش زاویه سنج دیجیتال دو خط — 0-200mm,True,خط کش زاویه سنج دیجیتال دو خط برند داسکوا — بازه 0-200mm — کد 9110-0020,خط کش زاویه سنج دیجیتال دو خط,خط کش زاویه سنج دیجیتال دو خط — 0-200mm,خط کش زاویه سنج دیجیتال دو خط برند داسکوا — بازه 0-200mm — کد 9110-0020,True,True,False,True,True,بازه اندازه‌گیری,1
1762,9110-0025,خط کش زاویه سنج دیجیتال دو خط — 0-25mm,True,خط کش زاویه سنج دیجیتال دو خط برند داسکوا — بازه 0-25mm — کد 9110-0025,خط کش زاویه سنج دیجیتال دو خط,خط کش زاویه سنج دیجیتال دو خط — 0-25mm,خط کش زاویه سنج دیجیتال دو خط برند داسکوا — بازه 0-25mm — کد 9110-0025,True,True,False,True,True,بازه اندازه‌گیری,1
1763,9110-0030,خط کش زاویه سنج دیجیتال دو خط — 0-30mm,True,خط کش زاویه سنج دیجیتال دو خط برند داسکوا — بازه 0-30mm — کد 9110-0030,خط کش زاویه سنج دیجیتال دو خط,خط کش زاویه سنج دیجیتال دو خط — 0-30mm,خط کش زاویه سنج دیجیتال دو خط برند داسکوا — بازه 0-30mm — کد 9110-0030,True,True,False,True,True,بازه اندازه‌گیری,1
1764,9110-0035,خط کش زاویه سنج دیجیتال دو خط — 0-35mm,True,خط کش زاویه سنج دیجیتال دو خط برند داسکوا — بازه 0-35mm — کد 9110-0035,خط کش زاویه سنج دیجیتال دو خط,خط کش زاویه سنج دیجیتال دو خط — 0-35mm,خط کش زاویه سنج دیجیتال دو خط برند داسکوا — بازه 0-35mm — کد 9110-0035,True,True,False,True,True,بازه اندازه‌گیری,1
1765,9111-1110,خط کش زاویه سنج دیجیتال دو خط — 0-1110mm,True,خط کش زاویه سنج دیجیتال دو خط برند داسکوا — بازه 0-1110mm — کد 9111-1110,خط کش زاویه سنج دیجیتال دو خط,خط کش زاویه سنج دیجیتال دو خط — 0-1110mm,خط کش زاویه سنج دیجیتال دو خط برند داسکوا — بازه 0-1110mm — کد 9111-1110,True,True,False,True,True,بازه اندازه‌گیری,1
1766,9211-3005,گیج ضخامت صفحه‌ای داسکوا کد 9211-3005,True,,ضخامت سنج الکی,,,False,True,False,False,False,,0
1767,9211-3010,گیج ضخامت صفحه‌ای داسکوا کد 9211-3010,True,,ضخامت سنج الکی,,,False,True,False,False,False,,0
1768,9211-3015,گیج ضخامت صفحه‌ای داسکوا کد 9211-3015,True,,ضخامت سنج الکی,,,False,True,False,False,False,,0
1769,9222-3110,خط کش زاویه سنج دیجیتال دو خط,True,,خط کش زاویه سنج دیجیتال دو خط,,,False,True,False,False,False,,0
1770,9411-1205,گیج راپورتر زاویه 10پارچه — 0-1205mm,True,راپورتر(گیج بلوک-گیج بلاک) برند داسکوا — بازه 0-1205mm — کد 9411-1205,گیج راپورتر زاویه 10پارچه,گیج راپورتر زاویه 10پارچه — 0-1205mm,راپورتر(گیج بلوک-گیج بلاک) برند داسکوا — بازه 0-1205mm — کد 9411-1205,True,True,False,True,True,بازه اندازه‌گیری,1
