id,sku,name,reason,candidates,confidence
4156,9646-301,سختی سنج فلزات اینسایز (Insize) مدل 301-9646,not_in_catalog_index,,none
4154,5023,ست ساعت شیطونکی و پایه اینسایز(insize) مدل 5023,not_in_catalog_index,,none
4152,5022,ست کولیس و میکرومتر اینسایز(insize) مدل 5022,not_in_catalog_index,,none
4150,5021,ست کولیس و میکرومتر اینسایز(insize) مدل 5021,not_in_catalog_index,,none
4148,5064,ست ابزار دقیق جوشکاری 6 پارچه اینسایز(insize) مدل 5064,not_in_catalog_index,,none
4146,5063,ست ابزار دقیق 6 پارچه اینسایز(insize) مدل 5063,not_in_catalog_index,,none
4145,5062,ست ابزار دقیق 6 پارچه اینسایز(insize) مدل 5062,not_in_catalog_index,,none
4144,5061,ست ابزار دقیق 6 پارچه اینسایز(insize) مدل 5061,not_in_catalog_index,,none
4143,5052,ست ابزار دقیق 5 پارچه اینسایز(insize) مدل 5052,not_in_catalog_index,,none
4142,5051,ست ابزار دقیق 5 پارچه اینسایز(insize) مدل 5051,not_in_catalog_index,,none
4140,5042,ست ابزار دقیق 4 پارچه اینسایز(insize) مدل 5042,not_in_catalog_index,,none
4138,5041,ست ابزار دقیق 4 پارچه اینسایز(insize) مدل 5041,not_in_catalog_index,,none
4137,5031,ست ساعت اندیکاتور دیجیتال و انبر قفلی اینسایز(insize) مدل 5031,not_in_catalog_index,,none
4134,5072,ست ابزار دقیق جوشکاری 7 پارچه اینسایز(insize) مدل 5072,not_in_catalog_index,,none
4132,5071,ست ابزار دقیق جوشکاری 7 پارچه اینسایز(insize) مدل 5071,not_in_catalog_index,,none
4131,2304-01,ساعت اینچی دور کوچک اینسایز (Insize) مدل 01-2304,not_in_catalog_index,,none
4130,7214-50M,کابل انتقال داده ساعت دیجیتال بلوتوثی اینسایز (Insize) مدل 7214-50M,not_in_catalog_index,,none
4129,F5-2311,ساعت اندیکاتور اینسایز (Insize) دور کوچک کورس 5 میلی متری مدل F5-2311,not_in_catalog_index,,none
4127,6372-25,هد میکرومتر اینسایز (Insize) مدل 25-6372,not_in_catalog_index,,none
4124,ISV-E40,بروسکوپ اینسایز (Insize) مدل ISV-E40,not_in_catalog_index,,none
4122,ISU-250C,ضخامت سنج اولتراسونیک فلزات اینسایز (Insize) مدل ISU-250C,not_in_catalog_index,,none
4121,ISR-CS130-W,بلوک زبری سنج جعبه ای اینسایز (Insize) مدل ISR-CS130-W,not_in_catalog_index,,none
4119,ISO-1200FN,ضخامت سنج رنگ اینسایز (Insize) 0 – 2000 میکرون همراه با کابل مدل ISO-1200FN,not_in_catalog_index,,none
4118,HDT-L411,سختی سنج مدادی فلزات اینسایز (Insize) مدل HDT-L411,not_in_catalog_index,,none
4117,DSW-A010,کرنومتر اینسایز (Insize) مدل DSW-A010,not_in_catalog_index,,none
4116,9563-C40,متر دیجیتال و لیزری اینسایز (Insize) 40 متری بلوتوثی مدل 9563-C40,not_in_catalog_index,,none
4115,9315-CF210,آمپرمتر کلمپی اینسایز (Insize) مدل 9315-CF210,not_in_catalog_index,,none
4113,9241-ML200,مولتی متر دیجیتال اینسایز (Insize) مدل 9241-ML200,not_in_catalog_index,,none
4112,8604-40,ترازو دیجیتال اینسایز (Insize) 40kg مدل 40-8604,not_in_catalog_index,,none
4110,8301-1200,ترازو دیجیتال اینسایز (Insize) 0.2-1200g مدل 1200-8301,not_in_catalog_index,,none
4108,8203-CW1T,ترازو جرثقیل الکترونیکی اینسایز (Insize) 10-1000kg مدل 8203-CW1T,not_in_catalog_index,,none
4107,8203-CW05T,ترازو جرثقیل الکترونیکی اینسایز (Insize) 4-500kg مدل 8203-CW05T,not_in_catalog_index,,none
4106,8203-CW03T,ترازو جرثقیل الکترونیکی اینسایز (Insize) 2-300kg مدل 8203-CW03T,not_in_catalog_index,,none
4104,8101-30,ترازو دیجیتال شمارش دار اینسایز (Insize) 20g تا 30kg مدل 30-8101,not_in_catalog_index,,none
4102,8003-6,ترازو دیجیتال اینسایز (Insize) 10 گرم تا 6 کیلوگرم مدل 6-8003,not_in_catalog_index,,none
4101,8003-10,ترازو دیجیتال اینسایز (Insize) 20 گرم تا 10 کیلوگرم مدل 10-8003,not_in_catalog_index,,none
4100,7527-2D,ذره بین 10x چراغ دار اینسایز (Insize) مدل 2D-7527,not_in_catalog_index,,none
4098,7527-1D,ذره بین 10x چراغ دار اینسایز (Insize) مدل 1D-7527,not_in_catalog_index,,none
4097,7517-3D,ذره بین میزی 1.75X چراغ دار اینسایز (Insize) مدل 3D-7517,not_in_catalog_index,,none
4095,7516-5D,ذره بین میزی 2.25X چراغ دار اینسایز (Insize) مدل 5D-7516,not_in_catalog_index,,none
4094,7515-10,ذره بین تاشو 10X چراغ دار اینسایز (Insize) مدل 10-7515,not_in_catalog_index,,none
4092,7513-4,ذره بین 4X چراغ دار اینسایز (Insize) مدل 4-7513,not_in_catalog_index,,none
4091,7513-2,ذره بین 2X چراغ دار اینسایز (Insize) مدل 2-7513,not_in_catalog_index,,none
4090,7315-21,کابل انتقال داده کولیس دیجیتال (وایرلس) اینسایز (Insize) مدل 21-7315,not_in_catalog_index,,none
4088,7302-21,کابل انتقال داده کولیس دیجیتال اینسایز (Insize) 3 متر مدل 21-7302,not_in_catalog_index,,none
4086,7163-1,مگنت تلسکوپی (چراغ دار) اینسایز (Insize) مدل 1-7163,not_in_catalog_index,,none
4085,7161-1,مگنت تلسکوپی اینسایز (Insize) مدل 1-7161,not_in_catalog_index,,none
4084,7145-1,چرخ متر اینسایز (Insize) 0.1 – 9999.9 متر همراه با کوله پشتی مدل 1-7145,not_in_catalog_index,,none
4082,7144-1,چرخ متر اینسایز (Insize) 0.1 – 9999.9 متر مدل 1-7144,not_in_catalog_index,,none
4079,6896-13,ست وی بلوک اینسایز (Insize) مدل 13-6896,not_in_catalog_index,,none
4077,6896-11,ست وی بلوک اینسایز (Insize) مدل 11-6896,not_in_catalog_index,,none
4076,6832-1,گیج جوشکاری اینسایز (Insize) مدل 1-6832,not_in_catalog_index,,none
4074,6566-2,مرکزیاب نوری اینسایز (Insize) مدل 2-6566,not_in_catalog_index,,none
4072,6520-87,گیره دقیق اینسایز (Insize) 0-87 مدل 87-6520,not_in_catalog_index,,none
4071,6520-67,گیره دقیق اینسایز (Insize) 0-67 مدل 67-6520,not_in_catalog_index,,none
4069,6511-24,پارالل گیج اینسایز (Insize) مدل 24-6511,not_in_catalog_index,,none
4068,6300,پایه میکرومتر اینسایز (Insize) مدل 6300,not_in_catalog_index,,none
4066,6298-2,پایه ساعت شیطانکی اینسایز (Insize) مدل 2-6298,not_in_catalog_index,,none
4065,6228-40,پایه ساعت هیدرولیکی کوچک اینسایز (Insize) 40 کیلویی مدل 40-6228,not_in_catalog_index,,none
4064,6226-80,پایه ساعت اینسایز (Insize) بدون مگنت مدل 80-6226,not_in_catalog_index,,none
4062,6224-40,پایه ساعت کوچک اینسایز (Insize) 40 کیلویی مدل 40-6224,not_in_catalog_index,,none
4060,63B2Y10-5201,گیج فشار لوله اینسایز (Insize) مدل 63B2Y10-5201,not_in_catalog_index,,none
4058,5013,ست 13 پارچه لوازم اندازه گیری اینسایز (Insize) مدل 5013,not_in_catalog_index,,none
4056,4917-30,تراز لیزری اینسایز (Insize) مدل 30-4917,not_in_catalog_index,,none
4054,4852-3,گیج مخروطی اینسایز (Insize) 3-16 میلیمتر مدل 3-4852,not_in_catalog_index,,none
4053,4852-30,گیج مخروطی اینسایز (Insize) 30-45 میلیمتر مدل 30-4852,not_in_catalog_index,,none
4051,4852-15,گیج مخروطی اینسایز (Insize) 15-30 میلیمتر مدل 15-4852,not_in_catalog_index,,none
4049,4851-1,گیج جوش اینسایز (Insize) مدل 1-4851,not_in_catalog_index,,none
4048,4845-2,گیج فیلم مرطوب اینسایز (Insize) 25-3000 میکرون مدل 2-4845,not_in_catalog_index,,none
4046,4841-1,گیج هایلو سینگل اینسایز (Insize) مدل 1-4841,not_in_catalog_index,,none
4045,4837-1,گپ گیج با خط کش اینسایز (Insize) 29-1 میلیمتر مدل 1-4837,not_in_catalog_index,,none
4044,4836-2,گیج جوش فلت اینسایز (Insize) مدل 2-4836,not_in_catalog_index,,none
4042,4834-1,گیج جوش اینسایز (Insize) مدل 1-4834,not_in_catalog_index,,none
4040,4833-4,گپ سنج اینسایز (Insize) 60-45 میلی متر مدل 4-4833,not_in_catalog_index,,none
4039,4833-3,گپ سنج اینسایز (Insize) 30-45 میلی متر مدل 3-4833,not_in_catalog_index,,none
4037,4833-2,گپ سنج اینسایز (Insize) 30-15 میلی متر مدل 2-4833,not_in_catalog_index,,none
4036,4832-1,گیج جوشکاری فلت اینسایز (Insize) مدل 1-4832,not_in_catalog_index,,none
4034,4830,گیج جوش اینسایز (Insize) مدل 4830,not_in_catalog_index,,none
4033,4829-1,گپ گیج با خط کش اینسایز (Insize) 15-0.8،طول خط کش 15 سانت مدل 1-4829,not_in_catalog_index,,none
4032,4796-75,گونیا صنعتی اینسایز (Insize) 75×50 میلیمتر مدل 75-4796,not_in_catalog_index,,none
4031,4796-50,گونیا صنعتی اینسایز (Insize) 50×30 میلیمتر مدل 50-4796,not_in_catalog_index,,none
4030,4790-075,گونیا مویی اینسایز (Insize) 75×50 میلی متر مدل 075-4790,not_in_catalog_index,,none
4028,4790-050,گونیا مویی اینسایز (Insize) 40×50 میلی متر مدل 050-4790,not_in_catalog_index,,none
4024,4168-S25,ساچمه های اندازه گیری فولادی اینسایز (Insize) 25 پارچه مدل 4168-S25,not_in_catalog_index,,none
4023,4139-8P,گیج رزوه برو نرو توپی اینسایز (Insize) 8×1mm مدل 8P-4139,not_in_catalog_index,,none
4022,4139-6G,گیج رزوه برو نرو توپی اینسایز (Insize) 6×0.5mm مدل 6G-4139,not_in_catalog_index,,none
4020,4139-5G,گیج رزوه برو نرو توپی اینسایز (Insize) 5×0.5mm مدل 5G-4139,not_in_catalog_index,,none
4019,4139-4G,گیج رزوه برو نرو توپی اینسایز (Insize) 4×0.5mm مدل 4G-4139,not_in_catalog_index,,none
4018,4139-30T,گیج رزوه برو نرو توپی اینسایز (Insize) 30×2mm مدل 30T-4139,not_in_catalog_index,,none
4017,4139-28T,گیج رزوه برو نرو توپی اینسایز (Insize) 28×2mm مدل 28T-4139,not_in_catalog_index,,none
4016,4139-27T,گیج رزوه برو نرو توپی اینسایز (Insize) 27×2mm مدل 27T-4139,not_in_catalog_index,,none
4014,4139-26T,گیج رزوه برو نرو توپی اینسایز (Insize) 26×2mm مدل 26T-4139,not_in_catalog_index,,none
4012,4139-25T,گیج رزوه برو نرو توپی اینسایز (Insize) 25×2mm مدل 25T-4139,not_in_catalog_index,,none
4011,4139-24T,گیج رزوه برو نرو توپی اینسایز (Insize) 24×2mm مدل 24T-4139,not_in_catalog_index,,none
4010,4139-22T,گیج رزوه برو نرو توپی اینسایز (Insize) 22×2mm مدل 22T-4139,not_in_catalog_index,,none
4008,4139-20T,گیج رزوه برو نرو توپی اینسایز (Insize) 20×2mm مدل 20T-4139,not_in_catalog_index,,none
4007,4139-18T,گیج رزوه برو نرو توپی اینسایز (Insize) 18×2mm مدل 18T-4139,not_in_catalog_index,,none
4005,4139-16R,گیج رزوه برو نرو توپی اینسایز (Insize) 16×1.5mm مدل 16R-4139,not_in_catalog_index,,none
4003,4139-14R,گیج رزوه برو نرو توپی اینسایز (Insize) 14×1.5mm مدل 14R-4139,not_in_catalog_index,,none
4001,4139-12R,گیج رزوه برو نرو توپی اینسایز (Insize) 12×1.5mm مدل 12R-4139,not_in_catalog_index,,none
3999,4139-10Q,گیج رزوه برو نرو توپی اینسایز (Insize) 10×1.25mm مدل 10Q-4139,not_in_catalog_index,,none
3997,4130-1,گیج رزوه برو نرو توپی اینسایز (Insize) 1×0.25mm مدل 1-4130,not_in_catalog_index,,none
3995,4129-8PN,گیج رینگی نرو اینسایز (Insize) 1-8 میلی متر مدل 8PN-4129,not_in_catalog_index,,none
3994,4129-8P,گیج رینگی برو اینسایز (Insize) 1-8 میلی متر مدل 8P-4129,not_in_catalog_index,,none
3992,4129-30TN,گیج رینگی نرو اینسایز (Insize) 2-30 میلی متر مدل 30TN-4129,not_in_catalog_index,,none
3990,4129-30T,گیج رینگی برو اینسایز (Insize) 2-30 میلی متر مدل 30T-4129,not_in_catalog_index,,none
3989,4129-28TN,گیج رینگی نرو اینسایز (Insize) 2-28 میلی متر مدل 28TN-4129,not_in_catalog_index,,none
3987,4129-28T,گیج رینگی برو اینسایز (Insize) 2-28 میلی متر مدل 28T-4129,not_in_catalog_index,,none
3985,4129-27TN,گیج رینگی نرو اینسایز (Insize) 2-27 میلی متر مدل 27TN-4129,not_in_catalog_index,,none
3984,4129-27T,گیج رینگی برو اینسایز (Insize) 2-27 میلی متر مدل 27T-4129,not_in_catalog_index,,none
3982,4129-26TN,گیج رینگی نرو اینسایز (Insize) 2-26 میلی متر مدل 26TN-4129,not_in_catalog_index,,none
3981,4129-26T,گیج رینگی برو اینسایز (Insize) 2-26 میلی متر مدل 26T-4129,not_in_catalog_index,,none
3980,4129-25TN,گیج رینگی نرو اینسایز (Insize) 2-25 میلی متر مدل 25TN-4129,not_in_catalog_index,,none
3978,4129-25T,گیج رینگی برو اینسایز (Insize) 2-25 میلی متر مدل 25T-4129,not_in_catalog_index,,none
3976,4129-24TN,گیج رینگی نرو اینسایز (Insize) 2-24 میلی متر مدل 24TN-4129,not_in_catalog_index,,none
3975,4129-24T,گیج رینگی برو اینسایز (Insize) 2-24 میلی متر مدل 24T-4129,not_in_catalog_index,,none
3973,4129-22TN,گیج رینگی نرو اینسایز (Insize) 2-22 میلی متر مدل 22TN-4129,not_in_catalog_index,,none
3972,4129-22T,گیج رینگی برو اینسایز (Insize) 2-22 میلی متر مدل 22T-4129,not_in_catalog_index,,none
3970,4129-20TN,گیج رینگی نرو اینسایز (Insize) 2-20 میلی متر مدل 20TN-4129,not_in_catalog_index,,none
3969,4129-20T,گیج رینگی برو اینسایز (Insize) 2-20 میلی متر مدل 20T-4129,not_in_catalog_index,,none
3968,4129-18TN,گیج رینگی نرو اینسایز (Insize) 2-18 میلی متر مدل 18TN-4129,not_in_catalog_index,,none
3967,4129-18T,گیج رینگی برو اینسایز (Insize) 2-18 میلی متر مدل 18T-4129,not_in_catalog_index,,none
3965,4129-16RN,گیج رینگی نرو اینسایز (Insize) 1.5-16 میلی متر مدل 16RN-4129,not_in_catalog_index,,none
3964,4129-16R,گیج رینگی برو اینسایز (Insize) 1.5-16 میلی متر مدل 16R-4129,not_in_catalog_index,,none
3963,4129-14RN,گیج رینگی نرو اینسایز (Insize) 1.5-14 میلی متر مدل 14RN-4129,not_in_catalog_index,,none
3962,4129-14R,گیج رینگی برو اینسایز (Insize) 1.5-14 میلی متر مدل 14R-4129,not_in_catalog_index,,none
3960,4129-12RN,گیج رینگی نرو اینسایز (Insize) 1.5-12 میلی متر مدل 12RN-4129,not_in_catalog_index,,none
3959,4129-12R,گیج رینگی برو اینسایز (Insize) 1.5-12 میلی متر مدل 12R-4129,not_in_catalog_index,,none
3957,4129-10QN,گیج رینگی نرو اینسایز (Insize) 1.25-10 میلی متر مدل 10QN-4129,not_in_catalog_index,,none
3956,4129-10Q,گیج رینگی برو اینسایز (Insize) 1.25-10 میلی متر مدل 10Q-4129,not_in_catalog_index,,none
3954,3227-6,میکرومتر اینسایز (Insize) 5-6 میلی متری داخل سه فک مدل 6-3227,not_in_catalog_index,,none
3946,3127-6,میکرومتر داخل سه فک دیجیتال اینسایز (Insize) 5-6 میلی متر مدل 6-3127,not_in_catalog_index,,none
3944,3127-5,میکرومتر داخل سه فک دیجیتال اینسایز (Insize) 4-5 میلی متر مدل 5-3127,not_in_catalog_index,,none
3942,4100-8,جعبه راپورتر 8 پارچه اینسایز (Insize) سایز 500-100 مدل 8-4100,not_in_catalog_index,,none
3940,A25-3560,میکرومتر لوله یک سر کروی دیجیتال اینسایز (Insize) مدل A25-3560,not_in_catalog_index,,none
3938,3540-50,عمق سنج میله ای دیجیتال اینسایز (Insize) 0-50 میلی متر مدل 50-3540,not_in_catalog_index,,none
3937,3358-25,میکرومتر دیجیتال پاسومتر اینسایز (Insize) جهت سری کاری مدل 25-3358,not_in_catalog_index,,none
3936,3332-25,میکرومتر پاسومتر اینسایز (Insize) 0-25 میلی متر مدل 25-3332,not_in_catalog_index,,none
3935,3287-25B,میکرومتر داخل شیار اینسایز (Insize) 0-25 میلی متر مدل 25B-3287,not_in_catalog_index,,none
3933,3260-25SA,میکرومتر لوله دو سر کروی اینسایز (Insize) 0-25 میلی متر مدل 25SA-3260,not_in_catalog_index,,none
3931,3101-25,میکرومتر دیجیتال اینسایز (Insize) خارج سنج 25-0 میلیمتر مدل 25-3101,not_in_catalog_index,,none
3929,2878-6A,پایه ضخامت سنج اینسایز (Insize) همراه با ساعت دیجیتال مدل 6A-2878,not_in_catalog_index,,none
3928,2878-71B,پایه ضخامت سنج گرانیت اینسایز (Insize) همراه با ساعت دیجیتال مدل 71B-2878,not_in_catalog_index,,none
3927,2875-30,ضخامت سنج ساعتی بازوبلند اینسایز (Insize) عمق 30 سانت کورس 5.5 مدل 30-2875,not_in_catalog_index,,none
3922,2365-10,ضخامت سنج ساعتی بازو بلند اینسایز (Insize) 10 میلیمتر مدل 10-2365,not_in_catalog_index,,none
3920,2199-1,متر دیجیتال و ژیروسکوپ 2 محوره اینسایز (Insize) مدل 1-2199,not_in_catalog_index,,none
3919,2198-2,شیب سنج و سطح سنج دیجیتال اینسایز (Insize) مدل 2-2198,not_in_catalog_index,,none
3918,A25-2164,ضخامت سنج دیجیتال 3 منظوره اینسایز (Insize) مدل A25-2164,not_in_catalog_index,,none
3917,2163-25,ضخامت سنج دیجیتال اینسایز (Insize) مدل 25-2163,not_in_catalog_index,,none
3915,2153-10,گیج داخل سیلندر اینسایز (Insize) 6-10 میلی متری مدل 10-2153,not_in_catalog_index,,none
3914,2122-35,گیج داخل سیلندر اینسایز (Insize) دیجیتال 35-18 میلی متری مدل 35-2122,ambiguous_letter_suffixes,"2122-35A,2122-35AWP",low
3913,2122-60,گیج داخل سیلندر اینسایز (Insize) دیجیتال 60-35 میلی متری مدل 60-2122,not_in_catalog_index,,none
3911,2115-25,ساعت اندیکاتور دیجیتال (ضدآب ) اینسایز (Insize) مدل 25-2115,not_in_catalog_index,,none
3909,2115-10,ساعت اندیکاتور دیجیتال (ضدآب ) اینسایز (Insize) مدل 10-2115,not_in_catalog_index,,none
3907,1205-300S,کولیس استنلس استیل معمولی اینسایز (Insize) 30 سانت مدل 300S-1205,not_in_catalog_index,,none
3901,1141-1000,عمق سنج دیجیتال اینسایز (Insize) 1 متری مدل 1000-1141,not_in_catalog_index,,none
3895,0312-TH50,رطوبت سنج / دماسنج اینسایز (Insize) مدل 0312-TH50,not_in_catalog_index,,none
3894,C520-0222,ترمومتر لیزری اینسایز (Insize) مدل C520-0222,not_in_catalog_index,,none
3893,A900-0215,ترمومتر لیزری اینسایز (Insize) 135 گرمی مدل A900-0215,not_in_catalog_index,,none
3892,4166-3D,ست پین گیج اینسایز (Insize) 3.5 – 3 میلی متر 51 پارچه مدل 3D-4166,not_in_catalog_index,,none
3891,4166-10,ست پین گیج اینسایز (Insize) 9.5-10 میلی متر 51 پارچه مدل 10-4166,not_in_catalog_index,,none
3889,4130-30,گیج رزوه برو نرو توپی اینسایز (Insize) 30×3.5mm مدل 30-4130,not_in_catalog_index,,none
3887,4130-27,گیج رزوه برو نرو توپی اینسایز (Insize) 27x3mm مدل 27-4130,not_in_catalog_index,,none
3886,4130-24,گیج رزوه برو نرو توپی اینسایز (Insize) 24x3mm مدل 24-4130,not_in_catalog_index,,none
3885,4130-22,گیج رزوه برو نرو توپی اینسایز (Insize) 22×2.5mm مدل 22-4130,not_in_catalog_index,,none
3884,4130-20,گیج رزوه برو نرو توپی اینسایز (Insize) 20×2.5mm مدل 20-4130,not_in_catalog_index,,none
3883,4130-18,گیج رزوه برو نرو توپی اینسایز (Insize) 18×2.5mm مدل 18-4130,not_in_catalog_index,,none
3882,4130-16,گیج رزوه برو نرو توپی اینسایز (Insize) 16x2mm مدل 16-4130,not_in_catalog_index,,none
3881,4130-14,گیج رزوه برو نرو توپی اینسایز (Insize) 14x2mm مدل 14-4130,not_in_catalog_index,,none
3880,4130-12,گیج رزوه برو نرو توپی اینسایز (Insize) 12×1.75mm مدل 12-4130,not_in_catalog_index,,none
3878,4130-10,گیج رزوه برو نرو توپی اینسایز (Insize) 10×1.5mm مدل 10-4130,not_in_catalog_index,,none
3876,4130-8,گیج رزوه برو نرو توپی اینسایز (Insize) 8×1.25mm مدل 8-4130,not_in_catalog_index,,none
3874,4130-6,گیج رزوه برو نرو توپی اینسایز (Insize) 6x1mm مدل 6-4130,not_in_catalog_index,,none
3873,4130-5,گیج رزوه برو نرو توپی اینسایز (Insize) 5×0.8mm مدل 5-4130,not_in_catalog_index,,none
3872,4130-4,گیج رزوه برو نرو توپی اینسایز (Insize) 4*0.7mm مدل 4-4130,not_in_catalog_index,,none
3871,N30-4120,گیج رینگی نرو اینسایز (Insize) 3.5-30 میلی متر مدل N30-4120,not_in_catalog_index,,none
3869,4120-30,گیج رینگی برو اینسایز (Insize) 3.5-30 میلی متر مدل 30-4120,not_in_catalog_index,,none
3867,N27-4120,گیج رینگی نرو اینسایز (Insize) 3-27 میلی متر مدل N27-4120,not_in_catalog_index,,none
3865,4120-27,گیج رینگی برو اینسایز (Insize) 3-27 میلی متر مدل 27-4120,not_in_catalog_index,,none
3863,N24-4120,گیج رینگی نرو اینسایز (Insize) 3-24 میلی متر مدل N24-4120,not_in_catalog_index,,none
3862,4120-24,گیج رینگی برو اینسایز (Insize) 3-24 میلی متر مدل 24-4120,not_in_catalog_index,,none
3861,N22-4120,گیج رینگی نرو اینسایز (Insize) 2.5-22 میلی متر مدل N22-4120,not_in_catalog_index,,none
3859,4120-22,گیج رینگی برو اینسایز (Insize) 2.5-22 میلی متر مدل 22-4120,not_in_catalog_index,,none
3858,N20-4120,گیج رینگی نرو اینسایز (Insize) 2.5-20 میلی متر مدل N20-4120,not_in_catalog_index,,none
3857,4120-20,گیج رینگی برو اینسایز (Insize) 2.5-20 میلی متر مدل 20-4120,not_in_catalog_index,,none
3856,N18-4120,گیج رینگی نرو اینسایز (Insize) 2.5-18 میلی متر مدل N18-4120,not_in_catalog_index,,none
3855,4120-18,گیج رینگی برو اینسایز (Insize) 2.5-18 میلی متر مدل 18-4120,not_in_catalog_index,,none
3854,N16-4120,گیج رینگی نرو اینسایز (Insize) 2-16 میلی متر مدل N16-4120,not_in_catalog_index,,none
3853,4120-16,گیج رینگی برو اینسایز (Insize) 2-16 میلی متر مدل 16-4120,not_in_catalog_index,,none
3852,N14-4120,گیج رینگی نرو اینسایز (Insize) 2-14 میلی متر مدل N14-4120,not_in_catalog_index,,none
3850,4120-14,گیج رینگی برو اینسایز (Insize) 2-14 میلی متر مدل 14-4120,not_in_catalog_index,,none
3849,N12-4120,گیج رینگی نرو اینسایز (Insize) 1.75-12 میلی متر مدل N12-4120,not_in_catalog_index,,none
3848,4120-12,گیج رینگی برو اینسایز (Insize) 1.75-12 میلی متر مدل 12-4120,not_in_catalog_index,,none
3846,N10-4120,گیج رینگی نرو اینسایز (Insize) 1.5-10 میلی متر مدل N10-4120,not_in_catalog_index,,none
3845,4120-10,گیج رینگی برو اینسایز (Insize) 1.5-10میلی متر مدل 10-4120,not_in_catalog_index,,none
3844,N8-4120,گیج رینگی نرو اینسایز (Insize) 1.25-8 میلی متر مدل N8-4120,not_in_catalog_index,,none
3843,ISU-200D,ضخامت سنج لوله دیجیتال التراسونیک اینسایز (Insize) مدل ISU-200D,not_in_catalog_index,,none
3841,4608-31,فیلر اینسایز (Insize) 32 تیغ مدل 31-4608,not_in_catalog_index,,none
3840,4208-1,گیج اینسایز (Insize) مدل 1-4208,not_in_catalog_index,,none
3839,ISU-100D,ضخامت سنج لوله دیجیتال التراسونیک اینسایز (Insize) مدل ISU-100D,not_in_catalog_index,,none
3837,ISQ-RM30,غلظت‌ سنج اینسایز (Insize) مدل ISQ-RM30,not_in_catalog_index,,none
3835,ISO-1000FN,ضخامت سنج رنگ و پوشش اینسایز (Insize) مدل ISO-1000FN,not_in_catalog_index,,none
3834,ISH-STD,پایه سختی سنج اینسایز (Insize) مدل ISH-STD,not_in_catalog_index,,none
3833,ISH-STAC,پایه سختی سنج اینسایز (Insize) مدل ISH-STAC,not_in_catalog_index,,none
3832,ISH-PHB,سختی سنج فلزات اینسایز (Insize) مدل ISH-PHB,not_in_catalog_index,,none
3830,ISF-MT500,پایه تست نیروسنج اینسایز (Insize) مدل ISF-MT500,not_in_catalog_index,,none
3828,HDT-LP200,سختی سنج فلزات اینسایز (Insize) مدل HDT-LP200,not_in_catalog_index,,none
3827,9561-70B,متر لیزری اینسایز (Insize) 70 متری مدل9561-70B,not_in_catalog_index,,none
3826,9561-50B,متر لیزری اینسایز (Insize) 50 متری مدل 9561-50B,not_in_catalog_index,,none
3825,9501-1200,ضخامت سنج رنگ و پوشش اینسایز (Insize) مدل 1200-9501,not_in_catalog_index,,none
3824,7600-6,شمارانداز 6 رقمی اینسایز (Insize) مدل 6-7600,not_in_catalog_index,,none
3823,7524-10,عینک ذره‌ بین 10X اینسایز (Insize) مدل 10-7524,not_in_catalog_index,,none
3821,7351-EX12,رابط بور گیج اینسایز (Insize) مدل 7351-EX12,not_in_catalog_index,,none
3820,7230,سوزن خط کش فلزی اینسایز (INSIZE) مدل 7230,not_in_catalog_index,,none
3818,7160-2,آینه بازرسی تلسکوپی اینسایز (INSIZE) مدل 2-7160,not_in_catalog_index,,none
3816,7160-1,آینه بازرسی تلسکوپی اینسایز (INSIZE) مدل 1-7160,not_in_catalog_index,,none
3815,7142-5,متر 5 متری اینسایز (Insize) مدل 5-7142,not_in_catalog_index,,none
3814,6557-50,زد سنج (رفرنس یاب محور Z) مگنت دار اینسایز (Insize) مدل 50-6557,not_in_catalog_index,,none
3813,6377-25W,هد میکرومتر اینسایز (Insize) فک بدون چرخش مدل 25W-6377,not_in_catalog_index,,none
3812,6297-1A,پایه ساعت شیطونکی اینسایز (Insize) مدل 1A-6297,not_in_catalog_index,,none
3811,6295-1A,پایه ساعت شیطونکی اینسایز (Insize) مدل 1A-6295,not_in_catalog_index,,none
3810,A1-6294,پایه ساعت شیطونکی اینسایز (Insize) مدل A1-6294,not_in_catalog_index,,none
3808,6293-2,پایه ساعت شیطونکی اینسایز (Insize) مدل 2-6293,not_in_catalog_index,,none
3807,6293-1,پایه ساعت شیطونکی اینسایز (Insize) مدل 1-6293,not_in_catalog_index,,none
3805,6291-1,پایه ساعت شیطونکی اینسایز (Insize) 8 میلی‌ متری مدل 1-6291,not_in_catalog_index,,none
3804,6282-1601,پراب سرسوزنی اینسایز (Insize) مدل 1601-6282,not_in_catalog_index,,none
3802,6282-1203,پراب سرتخت اینسایز (Insize) مدل 1203-6282,not_in_catalog_index,,none
3801,6282-1201,پراب سرتخت اینسایز (Insize) مدل 1201-6282,not_in_catalog_index,,none
3800,6282-1102,پراب سرتخت اینسایز (Insize) مدل 1102-6282,not_in_catalog_index,,none
3799,6229-80,پایه ساعت اندیکاتور اینسایز (Insize) هیدرولیکی مدل 80-6229,not_in_catalog_index,,none
3798,6229-60,پایه ساعت اندیکاتور اینسایز (Insize) هیدرولیکی مدل 60-6229,not_in_catalog_index,,none
3796,6215-60,پایه ساعت اندیکاتور اینسایز (Insize) برای سطح ناهموار مدل 60-6215,not_in_catalog_index,,none
3795,6210-80,پایه ساعت اندیکاتور اینسایز (Insize) مگنتی مدل 80-6210,not_in_catalog_index,,none
3794,5024,ست ساعت اندیکاتور اینسایز (Insize) با پایه مدل 5024,not_in_catalog_index,,none
3793,A20-4831,گیج جوش دیجیتال اینسایز (Insize) مدل A20-4831,not_in_catalog_index,,none
3791,4824-12,شابلون دنده ای ذوزنقه ای اینسایز (Insize) مدل 12-4824,not_in_catalog_index,,none
3790,4806-20,شابلون زاویه سنج اینسایز (Insize) مدل 20-4806,not_in_catalog_index,,none
3789,4166-10D,ست پین گیج اینسایز (Insize) 10.5 – 10 میلی متر 51 پارچه مدل 10D-4166,not_in_catalog_index,,none
3787,4804-26,ست شعاع‌ سنج اینسایز (Insize) 0.5-13 میلی‌ متری مدل 26-4804,not_in_catalog_index,,none
3786,4803-1,گیج سیم اینسایز (Insize) مدل 1-4803,not_in_catalog_index,,none
3782,4790-0300,گونیا مویی اینسایز (Insize) 200×300 میلی متر مدل 0300-4790,not_in_catalog_index,,none
3780,4120-8,گیج رینگی برو اینسایز (Insize) 1.25-8 میلی متر مدل 8-4120,not_in_catalog_index,,none
3779,4120-6N,گیج رینگی نرو اینسایز (Insize) 1-6میلی متر مدل 6N-4120,not_in_catalog_index,,none
3778,4101-C1000,گیج بلوک اینسایز (Insize) 1000 میلی متر گرید 2 مدل 4101-C1000,not_in_catalog_index,,none
3777,4100-2112,گیج بلوک اینسایز (Insize) 112 عددی گرید 2 مدل 2112-4100,not_in_catalog_index,,none
3776,3530-25BA,میکرومتر سوزنی اینسایز (Insize) 0-25 میلی‌متر خارج سنج مدل 25BA-3530,not_in_catalog_index,,none
3775,3222-12,میکرومتر داخل لوله ای اینسایز (Insize) 2-12 اینچ مدل 12-3222,not_in_catalog_index,,none
3772,3260-25,میکرومتر یک سر گرد اینسایز (Insize) خارج سنج 25-0 میلی متر مدل 25-3260,not_in_catalog_index,,none
3770,3230-25BA,میکرومتر سوزنی اینسایز (Insize) خارج سنج 25-0 میلی متر مدل 3230-25BA,not_in_catalog_index,,none
3769,2876-10,ضخامت سنج دیجیتال فک لوله ای اینسایز (Insize) مدل 10-2876,not_in_catalog_index,,none
3767,2874-02,ضخامت سنج دو طرفه سطح دنده اینسایز (Insize) 2-0 میلی متر مدل 02-2874,not_in_catalog_index,,none
3765,2710-25,ضخامت سنج ورق دیجیتال اینسایز (Insize) 25.4-0 میلی متر مدل 25-2710,not_in_catalog_index,,none
3764,2385-3,مرکز یاب اینسایز (Insize) داخل سنج و خارج سنج ساعتی مدل 3-2385,not_in_catalog_index,,none
3763,2383-08,ساعت شیطونکی اینسایز (Insize) کورس 0.8 میلی متر پایه بلند مدل 08-2383,not_in_catalog_index,,none
3762,2366-30,ضخامت سنج ورق ساعتی اینسایز (Insize) 30-0 میلی متر مدل 30-2366,not_in_catalog_index,,none
3760,2321-75,پرگار داخل سنج ساعتی اینسایز (Insize) 75 میلی متر مدل 75-2321,not_in_catalog_index,,none
3758,2321-55,پرگار داخل سنج ساعتی اینسایز (Insize) 55 میلی متر مدل 55-2321,not_in_catalog_index,,none
3757,2321-35,پرگار داخل سنج ساعتی اینسایز (Insize) 35 میلی متر مدل 35-2321,not_in_catalog_index,,none
3756,2309-100D,ساعت اندیکاتور اینسایز (Insize) مدل 100D-2309,not_in_catalog_index,,none
3754,2222-25,پرگار ساعتی داخل سنج اینسایز (Insize) کد 25-2222,not_in_catalog_index,,none
3753,2151-AL75,پرگار داخل سنج اینسایز (Insize) دیجیتال 75 میلی متر مدل 2151-AL75,not_in_catalog_index,,none
3751,2151-AL55,پرگار داخل سنج اینسایز (Insize) دیجیتال 55 میلی متر مدل 2151-AL55,not_in_catalog_index,,none
3750,2151-AL35,پرگار داخل سنج اینسایز (Insize) دیجیتال 35 میلی متر مدل 2151-AL35,not_in_catalog_index,,none
3748,2151-95,پرگار داخل سنج اینسایز (Insize) دیجیتال 95 میلی متر مدل 95-2151,not_in_catalog_index,,none
3747,2151-75,پرگار داخل سنج اینسایز (Insize) دیجیتال 75 میلی متر مدل 75-2151,not_in_catalog_index,,none
3745,2132-20,پرگار خارج سنج اینسایز(Insize) دیجیتال 20 میلی متر مدل 20-2132,not_in_catalog_index,,none
3743,1181-M50A,کولیس چرخ دنده دیجیتال اینسایز(Insize) M5-50 مدل 1181-M50A,not_in_catalog_index,,none
3741,0213-500A,ترمومتر دیجیتال اینسایز(Insize) لیزری 380 درجه مدل 500A-0213,not_in_catalog_index,,none
3740,4120-6,گیج رینگی برو 1 – 6 میلی متری اینسایز (Insize) مدل 6-4120,not_in_catalog_index,,none
3739,4120-5N,گیج رینگی نرو 0.8 – 5 میلی متری اینسایز (Insize) مدل 5N-4120,not_in_catalog_index,,none
3737,4120-5,گیج رینگی برو 0.8 – 5 میلی متری اینسایز (Insize) مدل 5-4120,not_in_catalog_index,,none
3735,4120-4N,گیج رینگی نرو 0.7 – 4 میلی متری اینسایز (Insize) مدل 4N-4120,not_in_catalog_index,,none
3733,4120-4,گیج رینگی برو 0.7 – 4 میلی متری اینسایز (Insize) مدل 4-4120,not_in_catalog_index,,none
3732,6284-82,پراب ساعت شیطانکی بلند اینسایز (Insize) مدل 82-6284,not_in_catalog_index,,none
3731,ISH-TDV-1000,سختی سنج میکرو ویکرز اینسایز (Insize) مدل ISH-TDV-1000,not_in_catalog_index,,none
3729,ISH-DR150,سختی سنج پایه دار دیجیتال اینسایز (Insize) مدل ISH-DR150,not_in_catalog_index,,none
3728,6140,پایه عمق سنج کولیس اینسایز (insize) مدل 6140,not_in_catalog_index,,none
3727,ISGF-0501,چراغ قوه اینسایز (Insize) مدل ISGF-0501,not_in_catalog_index,,none
3725,ISGF-0901,پیج گوشتی ساعتی اینسایز (Insize) مدل ISGF-0901,not_in_catalog_index,,none
3724,ISR-C300,زبری سنج دیجیتال اینسایز (Insize) مدل ISR-C300,not_in_catalog_index,,none
3723,1KGM1-8910,ست وزنه 25 عددی 1 میلی گرم تا 1 کیلو گرم اینسایز (Insize) مدل 1KGM1-8910,not_in_catalog_index,,none
3721,8003-3,ترازو دیجیتال 2 گرم تا 3 کیلو گرم اینسایز (Insize) مدل 3-8003,not_in_catalog_index,,none
3720,9341-50,رطوبت سنج چوب اینسایز (Insize) مدل 50-9341,not_in_catalog_index,,none
3718,6566-3,تاچ پراب یا مرکز یاب نوری/ بوقی الکترونیکی اینسایز (Insize) مدل 3-6566,not_in_catalog_index,,none
3717,6354-25W,هد میکرومتر دیجیتال اینسایز (Insize) 25-0 میلی متر مدل 25W-6354,not_in_catalog_index,,none
3715,ISL-DR2,"نمایشگر خط کش دیجیتال 2 محور (X,Y) اینسایز (Insize) مدل ISL-DR2",not_in_catalog_index,,none
3713,ISL-DR3,"نمایشگر خط کش دیجیتال 3 محور (X,Y,Z) اینسایز (Insize) مدل ISL-DR3",not_in_catalog_index,,none
3712,ISL-B5-1000,خط کش دیجیتال 1 متری اینسایز (Insize) مدل ISL-B5-1000,not_in_catalog_index,,none
3711,ISL-A1-600,خط کش دیجیتال 60 سانتی متری اینسایز (Insize) مدل ISL-A1-600,not_in_catalog_index,,none
3709,ISL-A1-800,خط کش دیجیتال 80 سانتی متری اینسایز (Insize) مدل ISL-A1-800,not_in_catalog_index,,none
3708,ISL-A1-1000,خط کش دیجیتال 1 متری اینسایز (Insize) مدل ISL-A1-1000,not_in_catalog_index,,none
3707,7523-3D5,عینک ذره بینی اینسایز (Insize) مدل 7523-3D5,not_in_catalog_index,,none
3706,ISM-PM200SB,میکروسکوپ دیجیتال اینسایز (Insize) مدل ISM-PM200SB,not_in_catalog_index,,none
3705,ISM-PM200SA,میکروسکوپ دیجیتال اینسایز (Insize) مدل ISM-PM200SA,not_in_catalog_index,,none
3704,ISF-F200,نیرو سنج عقربه ای 200 نیوتن اینسایز (Insize) مدل ISF-F200,not_in_catalog_index,,none
3702,HDT-LP200B,سختی سنج فلزات اینسایز (Insize) مدل HDT-LP200B,not_in_catalog_index,,none
3700,ISF-F500,نیرو سنج عقربه ای 500 نیوتن اینسایز (Insize) مدل ISF-F500,not_in_catalog_index,,none
3698,ISF-F300,نیرو سنج عقربه ای 300 نیوتن اینسایز (Insize) مدل ISF-F300,not_in_catalog_index,,none
3697,ISH-SDM,سختی سنج پلاستیک D اینسایز (Insize) مدل ISH-SDM,not_in_catalog_index,,none
3695,ISH-SAM,سختی سنج لاستیک A اینسایز (Insize) مدل ISH-SAM,not_in_catalog_index,,none
3694,7240-200,پرگار خارج سنج 20 سانتی اینسایز (Insize) مدل 200-7240,not_in_catalog_index,,none
3692,7111-1000,خط کش تاپ سیلندر 1 متری اینسایز (Insize) مدل 1000-7111,not_in_catalog_index,,none
3689,6902-85,میز صفحه صافی 100*500*800 اینسایز (Insize) مدل 85-6902,not_in_catalog_index,,none
3688,6900-1106,صفحه صافی گرانیت 140*630*1000 میلی متری اینسایز (insize) مدل 1106-6900,not_in_catalog_index,,none
3687,6900-0106,صفحه صافی گرانیت 140*630*1000 میلی متری اینسایز (insize) مدل 0106-6900,not_in_catalog_index,,none
3686,6211-10,پایه ساعت کوچک ده کیلویی اینسایز (Insize) مدل 10-6211,not_in_catalog_index,,none
3685,4824-16,شابلون دنده (رزوه) ذوزنقه 12-1 اینچ اینسایز (Insize) مدل 16-4824,not_in_catalog_index,,none
3684,4843-1,شابلون مته 118 درجه اینسایز (Insize) مدل 1-4843,not_in_catalog_index,,none
3682,4842-1,شابلون مته اینسایز (Insize) کدل 1-4842,not_in_catalog_index,,none
3680,4836-1,گیج جوش فلت اینسایز (Insize) مدل 1-4836,not_in_catalog_index,,none
3678,4838-1,گیج جوشکاری اینسایز (Insize) مدل 1-4838,not_in_catalog_index,,none
3676,4833-1,گپ سنج 15-08 میلی متری اینسایز (Insize) مدل 1-4833,not_in_catalog_index,,none
3674,4839-1,گیج جوشکاری اینسایز (Insize) مدل 1-4839,not_in_catalog_index,,none
3672,4835-1,گیج جوشکاری اینسایز (Insize) مدل 1-4835,not_in_catalog_index,,none
3670,4807,ست شابلون زاویه سنج 18 عدد اینسایز (Insize) مدل 4807,not_in_catalog_index,,none
3669,4801-15,شابلون شعاع سنج 25-15.5 میلی متری اینسایز (Insize) مدل 15-4801,not_in_catalog_index,,none
3667,4801-16,شابلون شعاع سنج 15-7.5 میلی متری اینسایز (Insize) مدل 16-4801,not_in_catalog_index,,none
3666,4801-17,شابلون شعاع سنج 7-1 میلی متری اینسایز (Insize) مدل 17-4801,not_in_catalog_index,,none
3664,2183,شعاع سنج دیجیتال اینسایز (Insize) مدل 2183,not_in_catalog_index,,none
3662,4780-85,زاویه سنج ساده اینسایز (Insize) مدل 85-4780,not_in_catalog_index,,none
3657,4605-20,فیلر 20 تیغه 15 سانتی متری اینسایز (Insize) مدل 20-4605,not_in_catalog_index,,none
3656,4760-1200,گونیا صنعتی 60 درجه اینسایز (Insize) مدل 1200-4760,not_in_catalog_index,,none
3655,4790-0200,گونیا مویی 20 سانتی دقیق اینسایز (Insize) مدل 0200-4790,not_in_catalog_index,,none
3654,4100-1112,گیج بلوک (راپورتر) 112 پارچه اینسایز (Insize) مدل 1112-4100,not_in_catalog_index,,none
3653,4100-18,گیج بلوک (راپورتر) 8 پارچه اینسایز (Insize) مدل 18-4100,not_in_catalog_index,,none
3652,3127-1004,میکرومتر دیجیتال اینسایز (Insize) 100-50 میلی متر داخل سنج سه فک مدل 1004-3127,not_in_catalog_index,,none
3651,7350-60,ست رابط گیج داخل سیلندر 60-35 میلی متری اینسایز (Insize) مدل 60-7350,not_in_catalog_index,,none
3650,7350-35,ست رابط گیج داخل سیلندر 35-18 میلی متری اینسایز (Insize) مدل 35-7350,not_in_catalog_index,,none
3649,3127-16,میکرومتر دیجیتال اینسایز (Insize) 16-12 میلی متر داخل سنج سه فک مدل 16-3127,not_in_catalog_index,,none
3647,3222-1500,میکرومتر اینسایز (Insize) 1500-50 میلی متر داخل سنج لوله‌ای مدل 1500-3222,not_in_catalog_index,,none
3646,3222-1000,میکرومتر اینسایز (Insize) 1000-50 میلی متر داخل سنج لوله‌ای مدل 1000-3222,not_in_catalog_index,,none
3645,3520-30,میکرومتر دیجیتال اینسایز (Insize) 5-30 میلی متر داخل سنج مدل 30-3520,not_in_catalog_index,,none
3643,3232-75,میکرومتر اینسایز (Insize) 75-50 میلی متر نوک پیچ گوشتی مدل 75-3232,not_in_catalog_index,,none
3642,3291-25,میکرومتر اینسایز (Insize) 25-0 میلی متر گام پیچ مدل 25-3291,not_in_catalog_index,,none
3640,3210-75,میکرومتر اینسایز (Insize) 75-50 میلی متر خارج سنج مدل 75-3210,not_in_catalog_index,,none
3639,S3-2824,ست گیج داخل سیلندر ساعتی 160-18 میلی متری اینسایز (Insize) مدل S3-2824,not_in_catalog_index,,none
3638,2872-10,ضخامت سنج دیجیتال بازو بلند 10-0 میلی متری اینسایز (Insize) مدل 10-2872,not_in_catalog_index,,none
3637,2871-10,ضخامت سنج دیجیتال 10-0 میلی متری اینسایز (Insize) مدل 10-2871,not_in_catalog_index,,none
3635,1150-1000,کولیس دیجیتال اینسایز (Insize) 1 متری پایه دار مدل 1000-1150,not_in_catalog_index,,none
3633,1203-1003,کولیس اینسایز (Insize) 10 سانتی متر مدل 1003-1203,not_in_catalog_index,,none
3632,4602-20,فیلر 20 تیغه 10 سانتی متری اینسایز (Insize) مدل 20-4602,not_in_catalog_index,,none
3631,2852-18,بورگیج داخل سیلندر اینسایز (insize) 18-10 میلیمتر مدل 18-2852,not_in_catalog_index,,none
3628,2852-10,بورگیج داخل سیلندر اینسایز (insize) 10-6 میلیمتر مدل 10-2852,not_in_catalog_index,,none
3627,2118-10,ساعت اندیکاتور صفحه گردان دیجیتال اینسایز (Insize) مدل 10-2118,not_in_catalog_index,,none
3626,2103-10,ساعت اندیکاتور دیجیتال هزارم اینسایز (insize) مدل 10-2103,not_in_catalog_index,,none
3625,2114-5F,ساعت اندیکاتور دیجیتال دور کوچک اینسایز (Insize) مدل 5F-2114,not_in_catalog_index,,none
3624,2318-30,ساعت اندیکاتور کورس 30 میلی متری اینسایز (Insize) مدل 30-2318,not_in_catalog_index,,none
3623,2318-10,ساعت اندیکاتور کورس 10 میلی متری اینسایز (Insize) مدل 10-2318,not_in_catalog_index,,none
3622,2301-10,ساعت اندیکاتور اینسایز (Insize) مدل 10-2301,not_in_catalog_index,,none
3621,2311-5,ساعت اندیکاتور دور کوچک کورس 5 میلی متری اینسایز (Insize) مدل 5-2311,not_in_catalog_index,,none
3620,2313-1,ساعت اندیکاتور کورس 1 میلی متری اینسایز (Insize) مدل 1-2313,not_in_catalog_index,,none
3619,2309-50,ساعت اندیکاتور کورس 50 میلی متری اینسایز (Insize) مدل 50-2309,not_in_catalog_index,,none
3618,2310-30,ساعت اندیکاتور کورس 30 میلی متر اینسایز (Insize) مدل 30-2310,not_in_catalog_index,,none
3617,2302-25,ساعت اندیکاتور کورس 25 میلی متری اینسایز (Insize) مدل 25-2302,not_in_catalog_index,,none
3616,2381-02,ساعت شیطانکی صفحه بزرگ اینسایز (Insize) مدل 02-2381,not_in_catalog_index,,none
3615,2381-08,ساعت شیطانکی صفحه بزرگ اینسایز (Insize) مدل 08-2381,not_in_catalog_index,,none
3614,2380-08,ساعت شیطانکی اینسایز (Insize) مدل 08-2380,not_in_catalog_index,,none
3613,2112-50,ساعت اندیکاتور دیجیتال کورس 50 میلی متری اینسایز (Insize) مدل 50-2112,not_in_catalog_index,,none
3612,2112-25,ساعت اندیکاتور دیجیتال کورس 25 میلی متری اینسایز (Insize) مدل 25-2112,not_in_catalog_index,,none
3611,2112-10,ساعت اندیکاتور دیجیتال اینسایز (insize) مدل 10-2112,not_in_catalog_index,,none
3610,7140-5,متر 5 متری اینسایز (Insize) مدل 5-7140,not_in_catalog_index,,none
3609,7140-3,متر 3 متری اینسایز (Insize) مدل 3-7140,not_in_catalog_index,,none
3608,7143-50,متر 50 متری اینسایز (Insize) مدل 50-7143,not_in_catalog_index,,none
3605,4745-1120,گونیا 45 درجه اینسایز (Insize) مدل 1120-4745,not_in_catalog_index,,none
3604,4790-0100,گونیا مویی 10 سانتی اینسایز (Insize) مدل 0100-4790,not_in_catalog_index,,none
3603,4790-0150,گونیا مویی 15 سانتی اینسایز (Insize) مدل 0150-4790,not_in_catalog_index,,none
3602,6284-3,پراب ساعت شیطانکی اینسایز (Insize) مدل 3-6284,not_in_catalog_index,,none
3601,4166-9D,پین گیج 51 پارچه 9.5 – 9 میلی متری اینسایز (Insize) مدل 9D-4166,not_in_catalog_index,,none
3600,4166-8D,پین گیج 51 پارچه 8.5 – 8 میلی متری اینسایز (Insize) مدل 8D-4166,not_in_catalog_index,,none
3599,3240-25,میکرومتر اینسایز (Insize) 25 سانتی متر عمق سنج صلیبی مدل 25-3240,not_in_catalog_index,,none
3598,4166-8,پین گیج 51 پارچه 8 – 7.5 میلی متری اینسایز (Insize) مدل 8-4166,not_in_catalog_index,,none
3597,4166-9,پین گیج 51 پارچه 9 – 8.5 میلی متری اینسایز (Insize) مدل 9-4166,not_in_catalog_index,,none
3596,4166-7D,پین گیج 51 پارچه 7.5- 7 میلی متری اینسایز (Insize) مدل 7D-4166,not_in_catalog_index,,none
3594,4166-7,پین گیج 51 پارچه 7 – 6.5 میلی متری اینسایز (Insize) مدل 7-4166,not_in_catalog_index,,none
3593,4166-6D,پین گیج 51 پارچه 6.5 – 6 میلی متری اینسایز (Insize) مدل 6D-4166,not_in_catalog_index,,none
3592,1145-25,کولیس دیجیتال اینسایز (Insize) 2.5 سانتی متر عمق سنج مدل 25-1145,ambiguous_letter_suffixes,"1145-25A,1145-25AWL",low
3591,4166-6,پین گیج 51 پارچه 6 -5.5 میلی متری اینسایز (Insize) مدل 6-4166,not_in_catalog_index,,none
3590,4166-5D,پین گیج 51 پارچه 5.50 – 5 میلی متری اینسایز (Insize) مدل 5D-4166,not_in_catalog_index,,none
3589,4166-5,پین گیج 51 پارچه 5 – 4.50 میلی متری اینسایز مدل (Insize) 4166-5,not_in_catalog_index,,none
3588,4166-4D,پین گیج 51 پارچه 4.50-4 میلی متری اینسایز (Insize) مدل 4D-4166,not_in_catalog_index,,none
3587,4166-4,پین گیج 51 پارچه 4-3.50 میلی متری اینسایز (Insize) مدل 4-4166,not_in_catalog_index,,none
3586,4166-3,پین گیج 51 پارچه 3 -2.50 میلی متری اینسایز(Insize) مدل 3-4166,not_in_catalog_index,,none
3585,4166-2D,پین گیج 51 پارچه 2.50-2 میلیمتری اینسایز (Insize) مدل 2D-4166,not_in_catalog_index,,none
3584,4166-2,پین گیج 51 پارچه 2 – 1.50 میلی متری اینسایز (Insize) مدل 2-4166,not_in_catalog_index,,none
3582,4166-1D,پین گیج 51 پارچه 1.5- 1 میلی متری اینسایز (Insize) مدل 1D-4166,not_in_catalog_index,,none
3579,4166-1,پین گیج 51 پارچه 1 – 0.5 میلی متری اینسایز (Insize) مدل 1-4166,not_in_catalog_index,,none
3575,3400-25,میکرومتر اینسایز (Insize) 25-0 میلی متر خارج سنج کنتور دار مدل 25-3400,not_in_catalog_index,,none
3574,3210-50,میکرومتر اینسایز (Insize) 50-25 میلی متر خارج سنج مدل 50-3210,not_in_catalog_index,,none
3573,3210-25,میکرومتر اینسایز (Insize) 25-0 میلی متر خارج سنج 0.001 مدل 25-3210,not_in_catalog_index,,none
3572,4166-0D,پین گیج 31 پارچه 0.50 – 0.20 میلی متری اینسایز (Insize) مدل 4166-0D,not_in_catalog_index,,none
3548,3108-25,میکرومتر دیجیتال اینسایز (Insize) 25 میلی متر خارج سنج مدل 25-3108,ambiguous_letter_suffixes,"3108-25A,3108-25FA",low
3547,4206-1,گیج تلسکوپی اینسایز (Insize) کد 1-4206,not_in_catalog_index,,none
3545,4602-32,فیلر 32 تیغه 10 سانتی متری اینسایز (Insize) مدل 32-4602,not_in_catalog_index,,none
3544,4602-17,فیلر 17 تیغه 10 سانتی متری اینسایز (Insize) مدل 17-4602,not_in_catalog_index,,none
3543,6301,پایه میکرومتر اینسایز (Insize) مدل6301,not_in_catalog_index,,none
3542,6210-81,پایه ساعت مفصلی مگنتی 80 کیلوگرم اینسایز (Insize) مدل 81-6210,not_in_catalog_index,,none
3541,6208-80,پایه ساعتی مفصلی مگنتی 80 کیلو گرمی اینسایز (Insize) مدل 80-6208,not_in_catalog_index,,none
3540,6207-80,پایه ساعت خرطومی 80 کیلو گرمی اینسایز (Insize) مدل 80-6207,not_in_catalog_index,,none
3539,6202-80,پایه ساعت اندیکاتور 80 کیلو گرمی اینسایز (Insize) مدل 80-6202,not_in_catalog_index,,none
3538,6201-60,پایه ساعت مگنتی اندیکاتور اینسایز (insize) مدل 60-6201,not_in_catalog_index,,none
3537,6200-60,پایه ساعت اندیکاتور 60 کیلو گرمی (Insize) مدل 60-6200,not_in_catalog_index,,none
3536,3227-1004,میکرومتر اینسایز (Insize) 100-50 میلی متر داخل سنج سه فک مدل 1004-3227,not_in_catalog_index,,none
3535,3227-88,میکرومتر اینسایز (Insize) 88-75 میلی متر داخل سنج سه فک مدل 88-3227,not_in_catalog_index,,none
3534,3520-75,میکرومتر دیجیتال اینسایز (Insize) 75-50 میلی متر داخل سنج مدل 75-3520,not_in_catalog_index,,none
3533,3227-75,میکرومتر اینسایز (Insize) 75-62 میلی متر داخل سنج سه فک مدل75-3227,not_in_catalog_index,,none
3532,3227-63,میکرومتر اینسایز (Insize) داخل سنج سه فک 63-50 میلی متر مدل 63-3227,not_in_catalog_index,,none
3531,3227-50,میکرومتر اینسایز (Insize) 50-40 میلی متر داخل سنج سه فک مدل 50-3227,not_in_catalog_index,,none
3530,3227-40,میکرومتر اینسایز (Insize) 40-30 میلی متر داخل سنج سه فک مدل 40-3227,not_in_catalog_index,,none
3529,3227-30,میکرومتر اینسایز (Insize) 30-25 میلی متر داخل سنج سه فک مدل 30-3227,not_in_catalog_index,,none
3528,3227-25,میکرومتر اینسایز (Insize) 25-20 میلی متر داخل سنج سه فک مدل 25-3227,not_in_catalog_index,,none
3527,3520-50,میکرومتر دیجیتال اینسایز (Insize) 50-25 میلی متر داخل سنج مدل 50-3520,not_in_catalog_index,,none
3526,3227-20,میکرومتر اینسایز (Insize) 20-16 میلی متر داخل سنج سه فک مدل 20-3227,not_in_catalog_index,,none
3525,3227-16,میکرومتر اینسایز (Insize) 16-12 میلی متر داخل سنج سه فک مدل 16-3227,not_in_catalog_index,,none
3524,3220-75,میکرومتر اینسایز (Insize) 75-50 میلی متر داخل سنج مدل 75-3220,not_in_catalog_index,,none
3523,3227-12,میکرومتر اینسایز (Insize) 12-10 میلی متر داخل سنج سه فک مدل 12-3227,not_in_catalog_index,,none
3522,3220-50,میکرومتر اینسایز (insize) 50-25 میلی متر داخل سنج مدل 50-3220,not_in_catalog_index,,none
3521,3227-10,میکرومتر اینسایز (Insize) 10-8 میلی متر داخل سنج سه فک مدل 10-3227,not_in_catalog_index,,none
3520,2367-10,ضخامت سنج ساعتی لوله اینسایز (Insize) 10 میلی متر مدل 10-2367,not_in_catalog_index,,none
3519,3227-8,میکرومتر اینسایز (Insize) 8-6 میلی متر داخل سنج سه فک مدل 8-3227,not_in_catalog_index,,none
3518,2866-10,ضخامت سنج ساعتی 10 میلی متری اینسایز (Insize) مدل 10-2866,not_in_catalog_index,,none
3517,2863-10,ضخامت سنج ساعتی 10 میلی متری اینسایز (Insize) مدل 10-2863,not_in_catalog_index,,none
3516,3127-88,میکرومتر دیجیتال اینسایز (Insize) سه فک 88-75 میلی متر داخل سنج مدل 88-3127,not_in_catalog_index,,none
3515,3220-30,میکرومتر اینسایز (Insize) 30-5 میلی متر داخل سنج مدل 30-3220,not_in_catalog_index,,none
3514,3127-75,میکرومتر دیجیتال اینسایز (Insize) سه فک 75-62 میلی متر داخل سنج مدل 75-3127,not_in_catalog_index,,none
3513,3127-63,میکرومتر دیجیتال اینسایز (Insize) سه فک 63-50 میلی متر داخل سنج مدل 63-3127,not_in_catalog_index,,none
3512,2364-1,ضخامت سنج ساعتی 1 میلی متری اینسایز (Insize) مدل 1-2364,not_in_catalog_index,,none
3510,3127-50,میکرومتر دیجیتال اینسایز (Insize) سه فک 50-40 میلی متر داخل سنج مدل 50-3127,not_in_catalog_index,,none
3509,3282-75,میکرومتر اینسایز (Insize) 75-50 میلی متر دیسکی مدل 75-3282,not_in_catalog_index,,none
3508,3127-40,میکرومتر دیجیتال اینسایز (Insize) سه فک 40-30 میلی متر داخل سنج مدل 40-3127,not_in_catalog_index,,none
3507,3282-50,میکرومتر اینسایز (Insize) 50-25 میلی متر دیسکی مدل 50-3282,not_in_catalog_index,,none
3506,3127-30,میکرومتر دیجیتال اینسایز (Insize) سه فک 30-25 میلی متر داخل سنج مدل 30-3127,not_in_catalog_index,,none
3505,3127-25,میکرومتر دیجیتال اینسایز (Insize) سه فک 25-20 میلی متر داخل سنج مدل 25-3127,not_in_catalog_index,,none
3504,3282-25,میکرومتر اینسایز (Insize) 25-0 میلی متر دیسکی مدل 25-3282,not_in_catalog_index,,none
3503,3127-20,میکرومتر دیجیتال اینسایز (Insize) سه فک 20-16 میلی متر داخل سنج مدل 20-3127,not_in_catalog_index,,none
3502,3203-6,میکرومتر اینسایز (Insize) 6-5 اینچ خارج سنج مدل 6-3203,ambiguous_letter_suffixes,"3203-6A,3203-6FA",low
3501,3127-12,میکرومتر دیجیتال اینسایز (Insize) سه فک 12-10 میلی متر داخل سنج مدل 12-3127,not_in_catalog_index,,none
3500,3127-10,میکرومتر دیجیتال اینسایز (Insize) سه فک 10-8 میلی متر داخل سنج مدل 10-3127,not_in_catalog_index,,none
3499,3127-8,میکرومتر دیجیتال اینسایز (Insize) سه فک 8-6 میلی متر داخل سنج مدل 8-3127,not_in_catalog_index,,none
3498,3203-5,میکرومتر اینسایز (Insize) 5-4 اینچ خارج سنج مدل 5-3203,ambiguous_letter_suffixes,"3203-5A,3203-5FA",low
3497,3203-4,میکرومتر اینسایز (Insize) 4-3 اینچ خارج سنج مدل 4-3203,ambiguous_letter_suffixes,"3203-4A,3203-4FA",low
3496,3203-3,میکرومتر اینسایز (Insize) 3-2 اینچ خارج سنج مدل 3-3203,ambiguous_letter_suffixes,"3203-3A,3203-3FA",low
3495,3203-2,میکرومتر اینسایز (Insize) 2-1 اینچ خارج سنج مدل 2-3203,ambiguous_letter_suffixes,"3203-2A,3203-2FA",low
3494,2364-10,ضخامت سنج ساعتی 10 میلی متری اینسایز (Insize) مدل 10-2364,not_in_catalog_index,,none
3493,2361-10,ضخامت سنج ساعتی 10میلی متری اینسایز (Insize) مدل 10-2361,not_in_catalog_index,,none
3492,2151-55,پرگار دیجیتالی داخل سنج 55-35 میلی متری اینسایز (Insize) مدل 55-2151,not_in_catalog_index,,none
3491,3203-1,میکرومتر اینسایز (Insize) 1-0 اینچ خارج سنج مدل 1-3203,ambiguous_letter_suffixes,"3203-1A,3203-1FA",low
3490,2151-35,پرگار دیجیتالی داخل 35-15 میلی متری اینسایز (Insize) مدل 35-2151,not_in_catalog_index,,none
3489,ISE-2DT,تراز دیجیتال اینسایز (Insize) مدل ISE-2DT,not_in_catalog_index,,none
3488,2332-20,پرگار ساعتی خارج سنج 20-0 میلی متری اینسایز (Insize) مدل 20-2332,not_in_catalog_index,,none
3486,4100-2122,گیج بلوک (راپورتر) 122 پارچه اینسایز (Insize) مدل 2122-4100,not_in_catalog_index,,none
3485,2170-1,تراز (شیب‌سنج) دیجیتال اینسایز (Insize) مدل 1-2170,not_in_catalog_index,,none
3484,2315-05,ساعت اینچی اندیکاتور اینسایز (insize) مدل 05-2315,not_in_catalog_index,,none
3483,2308-10,ساعت اندیکاتور اینسایز (Insize) مدل 10-2308,not_in_catalog_index,,none
3482,2307-025,ساعت اینچی اندیکاتور اینسایز (Insize) مدل 025-2307,not_in_catalog_index,,none
3481,2307-1,ساعت اینچی اندیکاتور اینسایز (Insize) مدل 1-2307,not_in_catalog_index,,none
3480,M26-1281,کولیس معمولی اینسایز (insize) چرخ دنده مدل M26-1281,not_in_catalog_index,,none
3477,1181-M25,کولیس دیجیتال اینسایز (Insize) چرخ دنده مدل 1181-M25,not_in_catalog_index,,none
3469,1204-70,کولیس اینسایز (Insize) 7 سانتی متر مدل 70-1204,not_in_catalog_index,,none
3468,1201-1003,کولیس اینسایز (Insize) 10 سانتی متر مدل 1003-1201,not_in_catalog_index,,none
2107,9723-400,تستر ولتاژ دیجیتالی اینسایز (Insize) مدل 400-9723,not_in_catalog_index,,none
2106,9722-250,فاز متر اینسایز (Insize) مدل 250-9722,not_in_catalog_index,,none
2105,9721-250,تستر ولتاژ دیجیتالی اینسایز (Insize) مدل 250-9721,not_in_catalog_index,,none
2104,9351-130,صوت سنج دیجیتالی اینسایز (Insize) 30 – 130 دسی بل مدل 130-9351,not_in_catalog_index,,none
2103,9247-190,مولتی متر هوشمند دیجیتال اینسایز (Insize) مدل 190-9247,not_in_catalog_index,,none
2102,9225-405,تاکومتر (دور سنج) اینسایز (Insize) مدل 405-9225,not_in_catalog_index,,none
2101,8602-200,ترازو دیجیتال 0.2 گرم تا 200 گرم اینسایز (Insize) مدل 200-8602,not_in_catalog_index,,none
2100,8601-100,ترازو دیجیتال اینسایز (Insize) 0.1-100g مدل 100-8601,not_in_catalog_index,,none
2099,7522-610,ذره بین دو لنزه 6X و 10X اینسایز (Insize) مدل 610-7522,not_in_catalog_index,,none
2098,7350-160,ست رابط گیج داخل سیلندر 160-50 میلی متری اینسایز (Insize) مدل 160-7350,not_in_catalog_index,,none
2097,7262-300,پرگار خارج سنج 30 سانتی اینسایز (Insize) مدل 300-7262,not_in_catalog_index,,none
2096,7262-200,پرگار خارج سنج 20 سانتی اینسایز (Insize) مدل 200-7262,not_in_catalog_index,,none
2095,7262-150,پرگار خارج سنج 15 سانتی اینسایز (Insize) مدل 150-7262,not_in_catalog_index,,none
2094,7261-300,پرگار داخل سنج 30 سانتی اینسایز (Insize) مدل 300-7261,not_in_catalog_index,,none
2093,7261-200,پرگار داخل سنج 20 سانتی اینسایز (Insize) مدل 200-7261,not_in_catalog_index,,none
2092,7261-150,پرگار داخل سنج 15 سانتی اینسایز (Insize) مدل 150-7261,not_in_catalog_index,,none
2091,7247-300,پرگار مستقیم 30 سانت اینسایز (Insize) مدل 300-7247,not_in_catalog_index,,none
2090,7247-200,پرگار مستقیم 20 سانت اینسایز (Insize) مدل 200-7247,not_in_catalog_index,,none
2089,7247-150,پرگار مستقیم 15 سانت اینسایز (Insize) مدل 150-7247,not_in_catalog_index,,none
2088,7205-200,گونیا مرکز یاب اینسایز (Insize) مدل 200-7205,not_in_catalog_index,,none
2087,7202-200,کولیس خط کش اینسایز (Insize) 20 سانتی متر مدل 200-7202,not_in_catalog_index,,none
2086,7139-100,خط کش نواری 1 متری اینسایز (Insize) مدل 100-7139,not_in_catalog_index,,none
2085,7120-200,کولیس خط کش اینسایز (Insize) 20 سانتی متر مدل 200-7120,not_in_catalog_index,,none
2083,7111-500,خط کش تاپ سیلندر 50 سانتی متری اینسایز (Insize) مدل 500-7111,not_in_catalog_index,,none
2082,7111-300,خط کش تاب سیلندر اینسایز (Insize) 30 سانت مدل 300-7111,not_in_catalog_index,,none
2076,6902-106,میز صفحه صافی 140*630*1000 اینسایز (Insize) مدل 106-6902,not_in_catalog_index,,none
2075,6900-185,صفحه صافی گرانیت 100*500*800 میلی متری اینسایز (insize) مدل 185-6900,not_in_catalog_index,,none
2074,6900-164,صفحه صافی گرانیت 80*400*630 میلی متری اینسایز (insize) مدل 164-6900,not_in_catalog_index,,none
2073,6900-153,صفحه صافی گرانیت 70*315*500 میلی متری اینسایز (insize) مدل 153-6900,not_in_catalog_index,,none
2072,6900-142,صفحه صافی گرانیتی اینسایز (Insize) 250-400 میلی‌ متر مدل 142-6900,not_in_catalog_index,,none
2071,6900-132,صفحه صافی گرانیتی اینسایز (Insize) مدل 132-6900,not_in_catalog_index,,none
2070,6890-702,وی بلوک مگنتی اینسایز (Insize) مدل 702-6890,not_in_catalog_index,,none
2069,6866-150,پایه ساعت گرانیتی اینسایز (Insize) مدل 150-6866,not_in_catalog_index,,none
2068,6862-1002,پایه ساعت اینسایز (Insize) مدل 1002-6862,not_in_catalog_index,,none
2067,6801-1202,وی بلوک مگنتی اینسایز (Insize) 95*70*100 میلیمتر مدل 1202-6801,not_in_catalog_index,,none
2066,6801-1201,وی بلوک مگنتی اینسایز (Insize) 95*70*80 میلیمتر مدل 1201-6801,not_in_catalog_index,,none
2065,6520-102,گیره دقیق اینسایز (Insize) 0-102 مدل 102-6520,not_in_catalog_index,,none
2064,6511-241,پارالل گیج اینسایز (Insize) مدل 241-6511,not_in_catalog_index,,none
2063,6282-2017,میله رابط ساعت 100 میلیمتر اندیکاتور اینسایز (Insize) مدل 2017-6282,not_in_catalog_index,,none
2062,6282-2013,میله رابط ساعت 70 میلیمتر اندیکاتور اینسایز (Insize) مدل 2013-6282,not_in_catalog_index,,none
2061,6282-2009,میله رابط ساعت 50 میلیمتر اندیکاتور اینسایز (Insize) مدل 2009-6282,not_in_catalog_index,,none
2060,6282-2007,میله رابط ساعت 40 میلیمتر اندیکاتور اینسایز (Insize) مدل 2007-6282,not_in_catalog_index,,none
2059,6282-2005,میله رابط ساعت 30 میلیمتر اندیکاتور اینسایز (Insize) مدل 2005-6282,not_in_catalog_index,,none
2058,6282-2004,میله رابط ساعت 25 میلیمتر اندیکاتور اینسایز (Insize) مدل 2004-6282,not_in_catalog_index,,none
2057,6282-2003,میله رابط ساعت 20 میلیمتر اندیکاتور اینسایز (Insize) مدل 2003-6282,not_in_catalog_index,,none
2056,6282-2002,میله رابط ساعت 15 میلیمتر اندیکاتور اینسایز (Insize) مدل 2002-6282,not_in_catalog_index,,none
2055,6282-2001,میله رابط ساعت 10 میلیمتر اندیکاتور اینسایز (Insize) مدل 2001-6282,not_in_catalog_index,,none
2054,6210-100,پایه ساعت مفصلی مگنتی 100 کیلو گرم اینسایز (Insize) مدل 100-6210,not_in_catalog_index,,none
2053,6202-100,پایه ساعت اندیکاتور 100 کیلو گرمی اینسایز (insize) مدل100-6202,not_in_catalog_index,,none
2052,4922-150,تراز 3 طرفه دستی اینسایز (Insize) 15 سانت مدل 150-4922,not_in_catalog_index,,none
2051,4922-100,تراز 2 طرفه دستی اینسایز (Insize) مدل 100-4922,not_in_catalog_index,,none
2050,4921-230,تراز 3 طرفه اینسایز (Insize) 23 سانتی مدل 230-4921,not_in_catalog_index,,none
2049,4918-600,تراز اینسایز (Insize) 60 سانت مگنت دار مدل 600-4918,not_in_catalog_index,,none
2048,4918-300,تراز اینسایز (Insize) 30 سانت مگنت دار مدل 300-4918,not_in_catalog_index,,none
2047,4913-250,تراز مگنتی 25 سانتی اینسایز (Insize) مدل 250-4913,not_in_catalog_index,,none
2046,4912-100,تراز مگنتی 10 سانتی اینسایز (Insize) مدل 100-4912,not_in_catalog_index,,none
2045,4911-600,تراز اینسایز (Insize) 60 سانت آلومینیومی (بدون مگنت) مدل 600-4911,not_in_catalog_index,,none
2044,4910-600,شیب سنج دیجیتال اینسایز (Insize) 60 سانت مدل 600-4910,not_in_catalog_index,,none
2043,4910-400,شیب سنج دیجیتال اینسایز (Insize) 40 سانت مدل 400-4910,not_in_catalog_index,,none
2042,4903-300,تراز صنعتی تخت 30 سانتی اینسایز (Insize) مدل 300-4903,not_in_catalog_index,,none
2041,4903-200,تراز صنعتی تخت 20 سانتی اینسایز (Insize) مدل 200-4903,not_in_catalog_index,,none
2040,4903-150,تراز صنعتی تخت اینسایز 15 سانتی (Insize) مدل 150-4903,not_in_catalog_index,,none
2039,4902-300,تراز صنعتی چهار گوش اینسایز (Insize) مدل 300-4902,not_in_catalog_index,,none
2038,4902-200,تراز چهار گوش اینسایز 20 سانتی (Insize) مدل 200-4902,not_in_catalog_index,,none
2037,4902-150,تراز چهار گوش اینسایز 15 سانتی (Insize) مدل 150-4902,not_in_catalog_index,,none
2036,4860-245,شابلون مودول 20 درجه 4.5 – 0.35 میلی متر اینسایز (Insize) مدل 245-4860,not_in_catalog_index,,none
2035,4860-212,شابلون دنده ای ذوزنقه ای اینسایز (Insize) مدل 212-4860,not_in_catalog_index,,none
2034,4820-552,شابلون رزوه اینچ و میلیمتر 60 درجه 7 – 0.4 میلی متر اینسایز (insize) مدل 552-4820,not_in_catalog_index,,none
2033,4820-452,شابلون رزوه اینچ و میلیمتر 6 – 0.25 میلی متر اینسایز (insize) مدل 452-4820,not_in_catalog_index,,none
2032,4820-230,شابلون دنده 60 درجه اینسایز (Insize) مدل 230-4820,not_in_catalog_index,,none
2031,4810-602,شابلون رنده 60 درجه اینسایز (Insize) مدل 602-4810,not_in_catalog_index,,none
2030,4810-601,شابلون رنده 60 درجه اینسایز (Insize) مدل 601-4810,not_in_catalog_index,,none
2029,4799-180,زاویه سنج 12 سانتی اینسایز (Insize) مدل 180-4799,not_in_catalog_index,,none
2028,4799-1300,زاویه سنج 50 سانتی اینسایز (Insize) مدل 1300-4799,not_in_catalog_index,,none
2027,4799-1200,زاویه سنج اینسایز (Insize) 30 سانتی مدل 1200-4799,not_in_catalog_index,,none
2026,4799-1150,زاویه سنج 20 سانتی اینسایز (Insize) مدل 1150-4799,not_in_catalog_index,,none
2025,4799-1120,زاویه سنج 15 سانتی اینسایز (Insize) مدل 1120-4799,not_in_catalog_index,,none
2024,4796-300,گونیا صنعتی اینسایز (Insize) 300×200 میلیمتر مدل 300-4796,not_in_catalog_index,,none
2023,4796-150,گونیا صنعتی اینسایز (Insize) 150×100 میلیمتر مدل 150-4796,not_in_catalog_index,,none
2022,4796-100,گونیا صنعتی اینسایز (Insize) 70×100 میلیمتر کد 100-4796,not_in_catalog_index,,none
2021,4745-1200,گونیا 45 درجه اینسایز (Insize) مدل 1200-4745,not_in_catalog_index,,none
2020,4745-1150,گونیا 45 درجه اینسایز (Insize) مدل 1150-4745,not_in_catalog_index,,none
2019,4707-500,گونیا صنعتی 50 سانتی اینسایز (Insize) مدل 500-4707,not_in_catalog_index,,none
2018,4707-300,گونیا صنعتی 30 سانتی اینسایز (Insize) مدل 300-4707,not_in_catalog_index,,none
2017,4700-200,خط کش مویی 20 سانتی اینسایز (insize) مدل 200-4700,not_in_catalog_index,,none
2015,4605-202,فیلر 20 تیغه 30 سانتی متری اینسایز (Insize) مدل 202-4605,not_in_catalog_index,,none
2014,4605-201,فیلر 20 تیغه 20 سانتی متری اینسایز (Insize) مدل 201-4605 مدل  201-4605,not_in_catalog_index,,none
2013,4166-513,پین گیج 51 پارچه 20-15 میلی متری اینسایز (Insize) مدل513-4166,not_in_catalog_index,,none
2012,4166-512,ست پین گیج اینسایز (Insize) 10 – 15 میلی متر 51 پارچه مدل 512-4166,not_in_catalog_index,,none
2011,4166-511,پین گیج 51 پارچه 10-5 میلی متری اینسایز (Insize) مدل 511-4166,not_in_catalog_index,,none
2010,4166-411,پین گیج 41 پارچه 5-1 میلی متری اینسایز (Insize) مدل 411-4166,not_in_catalog_index,,none
2009,4150-2501,خط کش سینوسی,not_in_catalog_index,,none
2008,4150-250,خط کش سینوسی — 0-250mm,not_in_catalog_index,,none
2007,4150-1301,خط کش سینوسی — 0-1301mm,not_in_catalog_index,,none
2006,4150-130,خط کش سینوسی — 0-130mm,not_in_catalog_index,,none
2005,4141-400,گونیا گرانیتی اینسایز (Insize) 250×400mm مدل 400-4141,not_in_catalog_index,,none
2004,4100-287,گیج بلوک (راپورتر) 87 عددی اینسایز (Insize) مدل 287-4100,not_in_catalog_index,,none
2003,4100-247,گیج بلوک (راپورتر) 47 پارچه اینسایز (insize) مدل 247-4100,not_in_catalog_index,,none
2002,4100-232,گیج بلوک (راپورتر) 32 پارچه اینسایز (Insize) مدل 232-4100,not_in_catalog_index,,none
2001,4100-187,گیج بلوک (راپورتر) 87 پارچه اینسایز (Insize) مدل 187-4100,not_in_catalog_index,,none
2000,3590-153,میکرومتر جناقی دیجیتال اینسایز (Insize) 60 درجه 15-1 میلی متری مدل 153-3590,not_in_catalog_index,,none
1999,3540-300,عمق سنج میله ای دیجیتال 30 سانتی اینسایز (Insize) مدل 300-3540,not_in_catalog_index,,none
1998,3540-150,عمق سنج میله ای دیجیتال اینسایز (Insize) 0-150 میلی متر مدل 150-3540,not_in_catalog_index,,none
1997,3521-2000,میکرومتر داخل لوله ای اینسایز (Insize) 150-2000 میلیمتر دیجیتال مدل 2000-3521,not_in_catalog_index,,none
1996,3520-100,میکرومتر دیجیتال اینسایز (Insize) 75-100 میلی متر داخل سنج مدل 100-3520,not_in_catalog_index,,none
1995,3506-600,میکرومتر میله ای دیجیتال اینسایز(Insize) 500-600 میلیمتر خارج سنج مدل 600-3506,not_in_catalog_index,,none
1994,3506-500,میکرومتر دیجیتال اینسایز (Insize) 400-500 میلی متر خارج سنج مدل 500-3506,not_in_catalog_index,,none
1993,3506-400,میکرومتر دیجیتال (Insize) اینسایز 400-300 میلی متر خارج سنج میله‌ای مدل 400-3506,not_in_catalog_index,,none
1992,3506-300,میکرومتر دیجیتال اینسایز (Insize) 300-150 میلی متر خارج سنج میله‌ای مدل 300-3506,not_in_catalog_index,,none
1991,3506-150,میکرومتر دیجیتال اینسایز (Insize) 150-0 میلی متر خارج سنج میله‌ای مدل 150-3506,not_in_catalog_index,,none
1990,3293-131,میکرومتر درب قوطی سوزنی اینسایز (Insize) 0-13 میلی‌ متر مدل 131-3293,not_in_catalog_index,,none
1989,3290-455,میکرومتر 60 درجه جناغی اینسایز (Insize) 25-45 میلی متر مدل 455-3290,not_in_catalog_index,,none
1988,3290-203,میکرومتر اینسایز (Insize) 60 درجه جناغی مدل 203-3290,not_in_catalog_index,,none
1987,3290-153,میکرومتر اینسایز (Insize) 60 درجه جناغی مدل 153-3290,not_in_catalog_index,,none
1986,3282-100,میکرومتر اینسایز (Insize) 100-75 میلی متر دیسکی مدل 100-3282,not_in_catalog_index,,none
1985,3240-300,میکرومتر اینسایز (Insize) 30 سانتی متر عمق سنج میله‌ای مدل 300-3240,not_in_catalog_index,,none
1984,3240-150,عمق سنج میکرومتر اینسایز (Insize) 0-150 میلی متر مدل 150-3240,not_in_catalog_index,,none
1983,3240-100,عمق سنج میکرومتر اینسایز (Insize) 0-100 میلی متر مدل 100-3240,not_in_catalog_index,,none
1982,3232-100,میکرومتر اینسایز (Insize) 100-75 میلی متر نوک پیچ گوشتی مدل 100-3232,not_in_catalog_index,,none
1981,3227-504,میکرومتر اینسایز (Insize) 50-20 میلی متر داخل سنج سه فک مدل 504-3227,not_in_catalog_index,,none
1980,3227-202,میکرومتر اینسایز (Insize) 20-12 میلی متر داخل سنج سه فک مدل 202-3227,not_in_catalog_index,,none
1979,3227-200,میکرومتر اینسایز (Insize) 200-175 میلی متر داخل سنج سه فک مدل 200-3227,not_in_catalog_index,,none
1978,3227-175,میکرومتر اینسایز (Insize) 175-150 میلی متر داخل سنج سه فک مدل 175-3227,not_in_catalog_index,,none
1977,3227-150,میکرومتر اینسایز (Insize) 150-125 میلی متر داخل سنج سه فک مدل 150-3227,not_in_catalog_index,,none
1976,3227-125,میکرومتر اینسایز (Insize) 125-100 میلی متر داخل سنج سه فک مدل 125-3227,not_in_catalog_index,,none
1975,3227-123,میکرومتر اینسایز (Insize) 12-6 میلی متر داخل سنج سه فک مدل 123-3227,not_in_catalog_index,,none
1974,3227-100,میکرومتر اینسایز (Insize) 87-100 میلی متر داخل سه فک مدل 100-3227,not_in_catalog_index,,none
1973,3225-2100,میکرومتر اینسایز (Insize) 100-2100 میلی متر داخل سنج لوله‌ای مدل 2100-3225,not_in_catalog_index,,none
1972,3222-600,ست میکرومتر لوله اینسایز (Insize) داخل سنج 600-50 میلی متر مدل 600-3222,not_in_catalog_index,,none
1971,3222-500,میکرومتر اینسایز (Insize) 500-50 میلی متر داخل سنج لوله‌ای مدل 500-3222,not_in_catalog_index,,none
1970,3222-300,میکرومتر اینسایز (Insize) 300-50 میلی متر داخل سنج لوله‌ای مدل 300-3222,not_in_catalog_index,,none
1969,3220-100,میکرومتر اینسایز (Insize) 100-75 میلی متر داخل سنج مدل 100-3220,not_in_catalog_index,,none
1968,3210-100,میکرومتر اینسایز (Insize) 100-75 میلی متر خارج سنج مدل 100-3210,not_in_catalog_index,,none
1967,3206-301,میکرومتر میله ای اینسایز (Insize) 200-300 میلی متر خارج سنج مدل 301-3206,not_in_catalog_index,,none
1966,3206-300,میکرومتر اینسایز (Insize) 300-150 میلی متر خارج سنج میله‌ای مدل 300-3206,not_in_catalog_index,,none
1965,3206-200,میکرومتر اینسایز (Insize) 200-100 میلی متر خارج سنج میله‌ای مدل 200-3206,not_in_catalog_index,,none
1964,3206-150,میکرومتر150-0 میلی متر خارج‌سنج میله‌ای اینسایز (Insize) مدل 150-3206,not_in_catalog_index,,none
1963,3205-900,میکرومتر اینسایز (Insize) 800-900 میلی متر خارج سنج مدل 900-3205,not_in_catalog_index,,none
1962,3205-800,میکرومتر اینسایز (Insize) 800-700 میلی متر خارج سنج مدل 800-3205,not_in_catalog_index,,none
1961,3205-700,میکرومتر اینسایز (Insize) 700-600 میلی متر خارج سنج مدل 700-3205,not_in_catalog_index,,none
1960,3205-600,میکرومتر اینسایز (Insize) 600-500 میلی متر خارج سنج مدل 600-3205,not_in_catalog_index,,none
1959,3205-500,میکرومتر اینسایز (Insize) 500-400 میلی متر خارج سنج مدل 500-3205,not_in_catalog_index,,none
1958,3205-400,میکرومتر اینسایز (Insize) 400-300 میلی متر خارج سنج مدل 400-3205,not_in_catalog_index,,none
1957,3205-1800,میکرومتر اینسایز (Insize) 1600-1800 میلی‌ متری خارج‌ سنج مدل 1800-3205,not_in_catalog_index,,none
1956,3205-1600,میکرومتر اینسایز (Insize) 1600-1400 میلی متر خارج سنج مدل 1600-3205,not_in_catalog_index,,none
1955,3205-1400,میکرومتر اینسایز (Insize) 1200-1400 میلی‌ متر خارج‌ سنج مدل 1400-3205,not_in_catalog_index,,none
1954,3205-1200,میکرومتر اینسایز (Insize) 1000-1200 میلی متر خارج سنج مدل 1200-3205,not_in_catalog_index,,none
1953,3205-1000,میکرومتر اینسایز (Insize) 1000-900 میلی متر خارج سنج مدل 1000-3205,not_in_catalog_index,,none
1952,3203-3012,ست میکرومتر اینسایز (Insize) 300-0 میلی متر خارج سنج مدل 3012-3203,not_in_catalog_index,,none
1951,3203-3006,میکرومتر اینسایز (Insize) 300-150 میلی متر خارج سنج صندوقی مدل 3006-3203,not_in_catalog_index,,none
1944,3203-1506,میکرومتر اینسایز (Insize) 150-0 میلی متر خارج سنج صندوقی مدل 1506-3203,not_in_catalog_index,,none
1940,3127-504,میکرومتر دیجیتال اینسایز (Insize) 50-20 میلی متر داخل سنج سه فک مدل 504-3127,not_in_catalog_index,,none
1939,3127-300,میکرومتر دیجیتال اینسایز (Insize) 275-300 میلی متر داخل سنج سه فک مدل 300-3127,not_in_catalog_index,,none
1938,3127-275,میکرومتر دیجیتال اینسایز (Insize) 250-275 میلی متر داخل سنج سه فک مدل 275-3127,not_in_catalog_index,,none
1937,3127-250,میکرومتر دیجیتال اینسایز (Insize) 225-250 میلی متر داخل سنج سه فک مدل 250-3127,not_in_catalog_index,,none
1936,3127-225,میکرومتر دیجیتال اینسایز (Insize) 200-225 میلی متر داخل سنج سه فک مدل 225-3127,not_in_catalog_index,,none
1935,3127-202,میکرومتر دیجیتال اینسایز (Insize) 20-12 میلی متر داخل سنج سه فک مدل 202-3127,not_in_catalog_index,,none
1934,3127-200,میکرومتر دیجیتال اینسایز (Insize) 175-200 میلی متر داخل سنج سه فک مدل 200-3127,not_in_catalog_index,,none
1933,3127-175,میکرومتر دیجیتال اینسایز (Insize) 150-175 میلی متر داخل سنج سه فک مدل 175-3127,not_in_catalog_index,,none
1932,3127-150,میکرومتر دیجیتال اینسایز (Insize) 125-150 میلی متر داخل سنج سه فک مدل 150-3127,not_in_catalog_index,,none
1931,3127-125,میکرومتر دیجیتال اینسایز (Insize) 100-125 میلی متر داخل سنج سه فک مدل 125-3127,not_in_catalog_index,,none
1930,3127-123,میکرومتر دیجیتال اینسایز (Insize) 12-6 میلی متر داخل سنج سه فک مدل 123-3127,not_in_catalog_index,,none
1929,3127-100,میکرومتر دیجیتال اینسایز (|Insize) سه فک 100-87 میلی متر داخل سنج مدل 100-3127,not_in_catalog_index,,none
1918,3101-300,میکرومتر دیجیتال اینسایز (Insize) خارج سنج 275-300 میلی متر مدل 300-3101,not_in_catalog_index,,none
1917,3101-275,میکرومتر دیجیتال اینسایز (Insize) خارج سنج 250-275 میلی متر مدل 275-3101,not_in_catalog_index,,none
1916,3101-250,میکرومتر دیجیتال اینسایز (Insize) خارج سنج 225-250 میلی متر مدل 250-3101,not_in_catalog_index,,none
1915,3101-225,میکرومتر دیجیتال اینسایز (Insize) خارج سنج 200-225 میلی متر مدل 225-3101,not_in_catalog_index,,none
1914,2871-101,ضخامت سنج دیجیتال 10-0 میلی متری اینسایز (Insize) مدل 101-2871,not_in_catalog_index,,none
1913,2862-102,ضخامت سنج ساعتی 10 میلی متری اینسایز (Insize) مدل 102-2862,not_in_catalog_index,,none
1912,2841-500,گیج شفت اینسایز (Insize) مدل 500-2841,not_in_catalog_index,,none
1911,2841-300,گیج شفت اینسایز (Insize) 60-300 مدل 300-2841,not_in_catalog_index,,none
1910,2828-800,بورگیج اینسایز (Insize) 800-400 میلی متر مدل 800-2828,not_in_catalog_index,,none
1908,2825-160,گیج داخل سیلندر ساعتی اینسایز (Insize) 50-160 میلیمتر مدل 160-2825,not_in_catalog_index,,none
1907,2771-360,زاویه‌ سنج دیجیتال 360 درجه اینسایز (Insize) مدل 360-2771,not_in_catalog_index,,none
1906,2711-216,پرگار دیجیتال اینسایز (Insize) مدل 216-2711,not_in_catalog_index,,none
1905,2711-165,پرگار دیجیتال داخل اینسایز (Insize) 12.7-165 میلی متر مدل 165-2711,not_in_catalog_index,,none
1904,2381-021,ساعت شیطانکی هزارم صفحه بزرگ اینسایز (Insize) مدل 021-2381,not_in_catalog_index,,none
1903,2374-320,زاویه سنج اینسایز (Insize) مدل 320-2374,not_in_catalog_index,,none
1902,2373-360,زاویه سنج ساعتی اینسایز (Insize) مدل 360-2373,not_in_catalog_index,,none
1901,2372-360,زاویه سنج ذره بینی اینسایز (Insize) مدل 360-2372,not_in_catalog_index,,none
1900,2343-102,عمق سنج سوزنی ساعتی 10-0 میلی متری اینساز (Insize) مدل 102-2343,not_in_catalog_index,,none
1899,2342-202,عمق سنج ساعتی اینسایز (Insize) 300 میلی متر مدل 202-2342,not_in_catalog_index,,none
1898,2341-101,عمق سنج ساعتی 1 سانتی اینساز (Insize) مدل 101-2341,not_in_catalog_index,,none
1897,2333-201,پرگار خارج سنج اینسایز (Insize) ساعتی 20 میلی متر مدل 201-2333,not_in_catalog_index,,none
1894,2322-160,بورگیج داخل سیلندر اینسایز (Insize) 160-50 میلی متری مدل 160-2322,not_in_catalog_index,,none
1893,2307-105,ساعت اینچی اندیکاتور اینسایز (Insize) مدل 105-2307,not_in_catalog_index,,none
1892,2281-360,زاویه سنج اینسایز (Insize) 20 سانت مدل 360-2281,not_in_catalog_index,,none
1891,2278-180,زاویه سنج 3 تیکه اینسایز (Insize) مدل 180-2278,not_in_catalog_index,,none
1890,2275-300,گونیا 170 در 300 اینسایز (Insize) مدل 300-2275,not_in_catalog_index,,none
1889,2223-153,پرگار ساعتی داخل 55-153 میلی متری اینسایز (Insize) مدل 153-2223,not_in_catalog_index,,none
1888,2222-301,پرگار داخل سنج ساعتی 30-10 میلی‌ متر اینسایز (Insize) مدل 301-2222,not_in_catalog_index,,none
1887,2179-360,تراز دیجیتال 15 سانتی اینسایز (Insize) مدل 360-2179,not_in_catalog_index,,none
1886,2176-300,زاویه سنج دیجیتالی 30 سانتی اینسایز (Insize) مدل 300-2176,not_in_catalog_index,,none
1885,2176-200,زاویه سنج دیجیتال اینسایز (Insize) 20 سانت مدل 200-2176,not_in_catalog_index,,none
1884,2175-360,تراز دیجیتال مگنت دار اینسایز (Insize) مدل 360-2175,not_in_catalog_index,,none
1883,2174-225,زاویه سنج دیجیتال اینسایز (Insize) 46 سانت آب تراز دار مدل 225-2174,not_in_catalog_index,,none
1882,2173-360,تراز دیجیتالی مگنت دار 15 سانت اینسایز (Insize) مدل 360-2173,not_in_catalog_index,,none
1881,2172-360,زاویه سنج دیجیتال اینسایز (Insize) مدل 360-2172,not_in_catalog_index,,none
1880,2171-250,زاویه سنج دیجیتال 25 سانتی اینسایز (Insize) مدل 250-2171,not_in_catalog_index,,none
1879,2142-102,عمق سنج دیجیتال سوزنی اینسایز( INSIZE) مدل 102-2142,not_in_catalog_index,,none
1878,2142-101,عمق سنج سوزنی دیجیتال اینسایز (Insize) 0-10 میلیمتر مدل 101-2142,not_in_catalog_index,,none
1877,2141-202,عمق سنج صلیبی دیجیتال 30 سانتی اینسایز (Insize) مدل 202-2141,not_in_catalog_index,,none
1876,2122-160,گیج داخل سیلندر اینسایز (Insize) دیجیتال 160-50 میلی متری مدل 160-2122,not_in_catalog_index,,none
1875,2112-501,ساعت اندیکاتور دیجیتال کورس اینسایز (Insize) 50 میلیمتر مدل 501-2112,not_in_catalog_index,,none
1874,2112-251,ساعت اندیکاتور کورس دیجیتال 25 میلی متری اینسایز (Insize) مدل 251-2112,not_in_catalog_index,,none
1873,2112-101,ساعت اندیکاتور دیجیتال 12.7 میلی متری اینسایز (Insize) مدل 101-2112,not_in_catalog_index,,none
1870,1520-150,کولیس دیجیتال اینسایز (Insize) 15 سانتی متر شیار سنج مدل 150-1520,not_in_catalog_index,,none
1869,1340-300,کولیس عمق سنج ساعتی اینسایز( Insize ) 300 میلی متر مدل 300-1340,not_in_catalog_index,,none
1868,1340-200,کولیس عمق سنج ساعتی اینسایز( Insize ) 200 میلی متر مدل 200-1340,not_in_catalog_index,,none
1867,1340-150,کولیس عمق سنج ساعتی اینسایز( Insize) 150 میلی متر مدل 150-1340,not_in_catalog_index,,none
1855,1217-3001,کولیس اینسایز (Insize) 30 سانتی متر دو فک مدل 3001-1217,not_in_catalog_index,,none
1840,1188-150,کولیس دیجیتال اینسایز (Insize) 15 سانتی متر فک باریک مدل 150-1188,ambiguous_letter_suffixes,"1188-150A,1188-150AWL",low
1839,1187-150,کولیس خارج شیار اینسایز (Insize) 15 سانت مدل 150-1187,ambiguous_letter_suffixes,"1187-150A,1187-150AWL",low
1838,1186-300,کولیس فک متحرک اینسایز (Insize) 30 سانت مدل 300-1186,ambiguous_letter_suffixes,"1186-300A,1186-300AWL",low
1837,1186-200,کولیس فک متحرک اینسایز (Insize) 20 سانت مدل 200-1186,ambiguous_letter_suffixes,"1186-200A,1186-200AWL",low
1836,1186-150,کولیس فک متحرک اینسایز (Insize) 15 سانت مدل 150-1186,ambiguous_letter_suffixes,"1186-150A,1186-150AWL",low
1835,1185-150,کولیس خارج شیار اینسایز (Insize) 15 سانت مدل 150-1185,ambiguous_letter_suffixes,"1185-150A,1185-150AWL",low
1834,1183-150,کولیس فک باریک اینسایز (Insize) 15 سانت مدل 150-1183,ambiguous_letter_suffixes,"1183-150A,1183-150AWL",low
1833,1178-300,کولیس دیجیتال اینسایز (Insize) 30 سانتی متر داخل سنج مدل 300-1178,not_in_catalog_index,,none
1832,1176-200,کولیس دیجیتال اینسایز (Insize) 20 سانتی متر شیارسنج مدل 200-1176,not_in_catalog_index,,none
1831,1176-150,کولیس دیجیتال اینسایز (Insize) 15 سانتی متر شیارسنج مدل 150-1176,not_in_catalog_index,,none
1827,1161-150,کولیس دیجیتال اینسایز (Insize) 15 سانتی متر داخل سنج فک میله‌ای مدل 150-1161,ambiguous_letter_suffixes,"1161-150A,1161-150AWL",low
1822,1150-600,کولیس دیجیتال اینسایز (Insize) 60 سانتی متر پایه دار مدل 600-1150,not_in_catalog_index,,none
1821,1150-500,کولیس دیجیتال اینسایز (Insize) 50 سانتی متر پایه دار مدل 500-1150,not_in_catalog_index,,none
1820,1150-300,کولیس دیجیتال 30 سانتی پایه دار اینسایز (Insize) مدل 300-1150,not_in_catalog_index,,none
1819,1144-300,کولیس دیجیتال اینسایز (Insize) 30 سانتی متر عمق سنج لبه دار دو طرفه مدل 300-1144,ambiguous_letter_suffixes,"1144-300A,1144-300AWL",low
1818,1144-200,کولیس دیجیتال اینسایز (Insize) 20 سانتی متر عمق سنج لبه دار دو طرفه مدل 200-1144,ambiguous_letter_suffixes,"1144-200A,1144-200AWL",low
1817,1144-150,عمق سنج لبه دار دو طرفه اینسایز (Insize) 15 سانت مدل 150-1144,ambiguous_letter_suffixes,"1144-150A,1144-150AWL",low
1816,1142-300,کولیس عمق سنج لبه دار اینسایز( Insize) 30 سانتی متر مدل 300-1142,ambiguous_letter_suffixes,"1142-300A,1142-300AWL",low
1815,1142-200,کولیس دیجیتال اینسایز (Insize) 20 سانتی متر عمق سنج لبه دار مدل 200-1142,ambiguous_letter_suffixes,"1142-200A,1142-200AWL",low
1814,1142-150,عمق سنج لبه دار اینسایز (Insize) 15 سانت مدل 150-1142,ambiguous_letter_suffixes,"1142-150A,1142-150AWL",low
1813,1141-500,کولیس دیجیتال اینسایز (Insize) 50 سانتی متر عمق سنج مدل 500-1141,not_in_catalog_index,,none
1812,1141-300,کولیس دیجیتال اینسایز (Insize) 30 سانتی متر عمق سنج مدل 300-1141,not_in_catalog_index,,none
1811,1141-200,کولیس دیجیتال اینسایز (Insize) 20 سانتی متر عمق سنج مدل 200-1141,not_in_catalog_index,,none
1810,1141-150,کولیس دیجیتال اینسایز (Insize) 15 سانتی متر عمق سنج مدل 150-1141,not_in_catalog_index,,none
1801,1123-150,کولیس دیجیتال اینسایز (Insize) 15 سانتی متر داخل سنج فک چاقویی مدل 150-1123,ambiguous_letter_suffixes,"1123-150A,1123-150AWL",low
1799,1121-150,کولیس دیجیتال اینسایز (Insize) 15 سانتی متر داخل سنج مدل150-1121,not_in_catalog_index,,none
1798,1120-500,کولیس داخل دیجیتال اینسایز (Insize) 50 سانت مدل 500-1120,not_in_catalog_index,,none
1797,1120-300,کولیس داخل دیجیتال اینسایز (Insize) 30 سانت مدل 300-1120,not_in_catalog_index,,none
1796,1120-200,کولیس دیجیتال اینسایز (Insize) 20 سانتی متر شیارسنج مدل 200-1120,not_in_catalog_index,,none
1795,1120-150,کولیس دیجیتال اینسایز (Insize) 15 سانتی متر شیارسنج مدل 150-1120,not_in_catalog_index,,none
1794,1115-300,کولیس دیجیتال اینسایز (Insize) 30 سانت ضد اب (IP67) مدل 300-1115,not_in_catalog_index,,none
1793,1115-200,کولیس دیجیتال اینسایز (Insize) 20 سانت ضد اب (IP67) مدل 200-1115,not_in_catalog_index,,none
1792,1115-150,کولیس دیجیتال اینسایز (Insize) 15 سانت ضد اب (IP67) مدل 150-1115,not_in_catalog_index,,none
1785,1108-150,کولیس دیجیتال اینسایز (Insize) 15 سانتی متر مدل 150-1108,not_in_catalog_index,,none
1771,0110-1125,بادسنج اینسایز (Insize) مدل 1125-0110,not_in_catalog_index,,none
