product_id,manufacturer_code,current_pt,target_pt,published_fact_count,asserted_fact_count,disputed_fact_count,deprecated_fact_count,service_assignable,block_reason,classification
1775,1106-301,GEN_CALIPER,LONG_JAW_CALIPER,3,0,0,0,no,published_facts>0; assign_product_type refuses without explicit reclassification workflow,EXPLICIT_RECLASSIFICATION_REQUIRED
1776,1106-302,GEN_CALIPER,LONG_JAW_CALIPER,3,0,0,0,no,published_facts>0; assign_product_type refuses without explicit reclassification workflow,EXPLICIT_RECLASSIFICATION_REQUIRED
1778,1106-502,GEN_CALIPER,LONG_JAW_CALIPER,3,0,0,0,no,published_facts>0; assign_product_type refuses without explicit reclassification workflow,EXPLICIT_RECLASSIFICATION_REQUIRED
1779,1106-503,GEN_CALIPER,LONG_JAW_CALIPER,3,0,0,0,no,published_facts>0; assign_product_type refuses without explicit reclassification workflow,EXPLICIT_RECLASSIFICATION_REQUIRED
1780,1106-505,GEN_CALIPER,LONG_JAW_CALIPER,3,0,0,0,no,published_facts>0; assign_product_type refuses without explicit reclassification workflow,EXPLICIT_RECLASSIFICATION_REQUIRED
1782,1106-602,GEN_CALIPER,LONG_JAW_CALIPER,3,0,0,0,no,published_facts>0; assign_product_type refuses without explicit reclassification workflow,EXPLICIT_RECLASSIFICATION_REQUIRED
1783,1106-603,GEN_CALIPER,LONG_JAW_CALIPER,3,0,0,0,no,published_facts>0; assign_product_type refuses without explicit reclassification workflow,EXPLICIT_RECLASSIFICATION_REQUIRED
1784,1106-802,GEN_CALIPER,LONG_JAW_CALIPER,3,0,0,0,no,published_facts>0; assign_product_type refuses without explicit reclassification workflow,EXPLICIT_RECLASSIFICATION_REQUIRED
1829,1170-300,GEN_CALIPER,LONG_JAW_CALIPER,3,0,0,0,no,published_facts>0; assign_product_type refuses without explicit reclassification workflow,EXPLICIT_RECLASSIFICATION_REQUIRED
1847,1215-1032,GEN_CALIPER,LONG_JAW_CALIPER,3,0,0,0,no,published_facts>0; assign_product_type refuses without explicit reclassification workflow,EXPLICIT_RECLASSIFICATION_REQUIRED
1848,1215-1052,GEN_CALIPER,LONG_JAW_CALIPER,3,0,0,0,no,published_facts>0; assign_product_type refuses without explicit reclassification workflow,EXPLICIT_RECLASSIFICATION_REQUIRED
1849,1215-322,GEN_CALIPER,LONG_JAW_CALIPER,3,0,0,0,no,published_facts>0; assign_product_type refuses without explicit reclassification workflow,EXPLICIT_RECLASSIFICATION_REQUIRED
1850,1215-392,GEN_CALIPER,LONG_JAW_CALIPER,3,0,0,0,no,published_facts>0; assign_product_type refuses without explicit reclassification workflow,EXPLICIT_RECLASSIFICATION_REQUIRED
1851,1215-522,GEN_CALIPER,LONG_JAW_CALIPER,3,0,0,0,no,published_facts>0; assign_product_type refuses without explicit reclassification workflow,EXPLICIT_RECLASSIFICATION_REQUIRED
1852,1215-532,GEN_CALIPER,LONG_JAW_CALIPER,3,0,0,0,no,published_facts>0; assign_product_type refuses without explicit reclassification workflow,EXPLICIT_RECLASSIFICATION_REQUIRED
1853,1215-622,GEN_CALIPER,LONG_JAW_CALIPER,3,0,0,0,no,published_facts>0; assign_product_type refuses without explicit reclassification workflow,EXPLICIT_RECLASSIFICATION_REQUIRED
1854,1215-822,GEN_CALIPER,LONG_JAW_CALIPER,3,0,0,0,no,published_facts>0; assign_product_type refuses without explicit reclassification workflow,EXPLICIT_RECLASSIFICATION_REQUIRED
1856,1236-394,GEN_CALIPER,LONG_JAW_CALIPER,3,0,0,0,no,published_facts>0; assign_product_type refuses without explicit reclassification workflow,EXPLICIT_RECLASSIFICATION_REQUIRED
1857,1236-524,GEN_CALIPER,LONG_JAW_CALIPER,3,0,0,0,no,published_facts>0; assign_product_type refuses without explicit reclassification workflow,EXPLICIT_RECLASSIFICATION_REQUIRED
1939,3127-300,BORE_GAUGE,INSIDE_MICROMETER,3,0,0,0,no,published_facts>0; assign_product_type refuses without explicit reclassification workflow,EXPLICIT_RECLASSIFICATION_REQUIRED
2046,4912-100,LEVEL,DIGITAL_LEVEL,1,0,0,0,no,published_facts>0; assign_product_type refuses without explicit reclassification workflow,EXPLICIT_RECLASSIFICATION_REQUIRED
2089,7247-150,DIVIDER,OUTSIDE_SPRING_CALIPER,1,0,0,0,no,published_facts>0; assign_product_type refuses without explicit reclassification workflow,EXPLICIT_RECLASSIFICATION_REQUIRED
2090,7247-200,DIVIDER,OUTSIDE_SPRING_CALIPER,1,0,0,0,no,published_facts>0; assign_product_type refuses without explicit reclassification workflow,EXPLICIT_RECLASSIFICATION_REQUIRED
2091,7247-300,DIVIDER,OUTSIDE_SPRING_CALIPER,1,0,0,0,no,published_facts>0; assign_product_type refuses without explicit reclassification workflow,EXPLICIT_RECLASSIFICATION_REQUIRED
2092,7261-150,DIVIDER,INSIDE_SPRING_CALIPER,1,0,0,0,no,published_facts>0; assign_product_type refuses without explicit reclassification workflow,EXPLICIT_RECLASSIFICATION_REQUIRED
2093,7261-200,DIVIDER,INSIDE_SPRING_CALIPER,1,0,0,0,no,published_facts>0; assign_product_type refuses without explicit reclassification workflow,EXPLICIT_RECLASSIFICATION_REQUIRED
2094,7261-300,DIVIDER,INSIDE_SPRING_CALIPER,1,0,0,0,no,published_facts>0; assign_product_type refuses without explicit reclassification workflow,EXPLICIT_RECLASSIFICATION_REQUIRED
2095,7262-150,DIVIDER,OUTSIDE_SPRING_CALIPER,1,0,0,0,no,published_facts>0; assign_product_type refuses without explicit reclassification workflow,EXPLICIT_RECLASSIFICATION_REQUIRED
2096,7262-200,DIVIDER,OUTSIDE_SPRING_CALIPER,1,0,0,0,no,published_facts>0; assign_product_type refuses without explicit reclassification workflow,EXPLICIT_RECLASSIFICATION_REQUIRED
2097,7262-300,DIVIDER,OUTSIDE_SPRING_CALIPER,1,0,0,0,no,published_facts>0; assign_product_type refuses without explicit reclassification workflow,EXPLICIT_RECLASSIFICATION_REQUIRED
3676,4833-1,TAPER_GAUGE,GAP_TAPER_GAUGE,3,0,0,0,no,published_facts>0; assign_product_type refuses without explicit reclassification workflow,EXPLICIT_RECLASSIFICATION_REQUIRED
3896,1106-1005,GEN_CALIPER,LONG_JAW_CALIPER,3,0,0,0,no,published_facts>0; assign_product_type refuses without explicit reclassification workflow,EXPLICIT_RECLASSIFICATION_REQUIRED
3897,1106-1503,GEN_CALIPER,LONG_JAW_CALIPER,3,0,0,0,no,published_facts>0; assign_product_type refuses without explicit reclassification workflow,EXPLICIT_RECLASSIFICATION_REQUIRED
3898,1106-2002,GEN_CALIPER,LONG_JAW_CALIPER,3,0,0,0,no,published_facts>0; assign_product_type refuses without explicit reclassification workflow,EXPLICIT_RECLASSIFICATION_REQUIRED
3919,2198-2,LEVEL,DIGITAL_LEVEL,1,0,0,0,no,published_facts>0; assign_product_type refuses without explicit reclassification workflow,EXPLICIT_RECLASSIFICATION_REQUIRED
4033,4829-1,TAPER_GAUGE,TAPER_GAUGE_SET,3,0,0,0,no,published_facts>0; assign_product_type refuses without explicit reclassification workflow,EXPLICIT_RECLASSIFICATION_REQUIRED
4037,4833-2,TAPER_GAUGE,GAP_TAPER_GAUGE,3,0,0,0,no,published_facts>0; assign_product_type refuses without explicit reclassification workflow,EXPLICIT_RECLASSIFICATION_REQUIRED
4039,4833-3,TAPER_GAUGE,GAP_TAPER_GAUGE,3,0,0,0,no,published_facts>0; assign_product_type refuses without explicit reclassification workflow,EXPLICIT_RECLASSIFICATION_REQUIRED
4040,4833-4,TAPER_GAUGE,GAP_TAPER_GAUGE,3,0,0,0,no,published_facts>0; assign_product_type refuses without explicit reclassification workflow,EXPLICIT_RECLASSIFICATION_REQUIRED
4045,4837-1,TAPER_GAUGE,TAPER_GAUGE_SET,3,0,0,0,no,published_facts>0; assign_product_type refuses without explicit reclassification workflow,EXPLICIT_RECLASSIFICATION_REQUIRED
4051,4852-15,TAPER_GAUGE,TAPER_BORE_GAUGE,3,0,0,0,no,published_facts>0; assign_product_type refuses without explicit reclassification workflow,EXPLICIT_RECLASSIFICATION_REQUIRED
4053,4852-30,TAPER_GAUGE,TAPER_BORE_GAUGE,3,0,0,0,no,published_facts>0; assign_product_type refuses without explicit reclassification workflow,EXPLICIT_RECLASSIFICATION_REQUIRED
4054,4852-3,TAPER_GAUGE,TAPER_BORE_GAUGE,3,0,0,0,no,published_facts>0; assign_product_type refuses without explicit reclassification workflow,EXPLICIT_RECLASSIFICATION_REQUIRED
4056,4917-30,LEVEL,LASER_LEVEL,1,0,0,0,no,published_facts>0; assign_product_type refuses without explicit reclassification workflow,EXPLICIT_RECLASSIFICATION_REQUIRED
